ISO-10303-21;
HEADER;
/* Generated by software containing ST-Developer
 * from STEP Tools, Inc. (www.steptools.com) 
 */

FILE_DESCRIPTION(
/* description */ ('KiCad electronic assembly'),
/* implementation_level */ '2;1');

FILE_NAME(
/* name */ 'F1 Blare PCB_Handel.step',
/* time_stamp */ '2026-09-10T11:02:32+05:30',
/* author */ (''),
/* organization */ (''),
/* preprocessor_version */ 'ST-DEVELOPER v20.2',
/* originating_system */ 'Autodesk Translation Framework v15.15.0.0',
/* authorisation */ '');

FILE_SCHEMA (('AUTOMOTIVE_DESIGN { 1 0 10303 214 3 1 1 }'));
ENDSEC;

DATA;
#10=MECHANICAL_DESIGN_GEOMETRIC_PRESENTATION_REPRESENTATION('',(#13),#2677);
#11=SHAPE_REPRESENTATION_RELATIONSHIP('SRR','None',#2683,#12);
#12=ADVANCED_BREP_SHAPE_REPRESENTATION('',(#14),#2676);
#13=STYLED_ITEM('',(#2692),#14);
#14=MANIFOLD_SOLID_BREP('Body8',#653);
#15=FACE_BOUND('',#72,.T.);
#16=FACE_BOUND('',#81,.T.);
#17=(
BOUNDED_CURVE()
B_SPLINE_CURVE(5,(#1707,#1708,#1709,#1710,#1711,#1712,#1713,#1714,#1715,
#1716,#1717,#1718,#1719,#1720,#1721,#1722,#1723,#1724,#1725,#1726,#1727,
#1728,#1729,#1730,#1731,#1732,#1733,#1734,#1735,#1736,#1737,#1738,#1739,
#1740,#1741,#1742,#1743,#1744,#1745,#1746),.UNSPECIFIED.,.F.,.F.)
B_SPLINE_CURVE_WITH_KNOTS((6,1,1,1,1,1,1,1,1,1,1,1,1,1,1,1,1,1,1,1,1,1,
1,1,1,1,1,1,1,1,1,1,1,1,1,6),(-1.,-0.971428571428572,-0.942857142857143,
-0.914285714285714,-0.885714285714286,-0.857142857142857,-0.828571428571429,
-0.8,-0.771428571428572,-0.742857142857143,-0.714285714285714,-0.685714285714286,
-0.657142857142857,-0.628571428571429,-0.6,-0.571428571428572,-0.542857142857143,
-0.514285714285714,-0.485714285714286,-0.457142857142857,-0.428571428571429,
-0.4,-0.371428571428571,-0.342857142857143,-0.314285714285714,-0.285714285714286,
-0.257142857142857,-0.228571428571429,-0.2,-0.171428571428571,-0.142857142857143,
-0.114285714285714,-0.0857142857142857,-0.0571428571428571,-0.0285714285714286,
0.),.UNSPECIFIED.)
CURVE()
GEOMETRIC_REPRESENTATION_ITEM()
RATIONAL_B_SPLINE_CURVE((1.,1.,1.,1.,1.,1.,1.,1.,1.,1.,1.,1.,1.,1.,1.,1.,
1.,1.,1.,1.,1.,1.,1.,1.,1.,1.,1.,1.,1.,1.,1.,1.,1.,1.,1.,1.,1.,1.,1.,1.))
REPRESENTATION_ITEM('')
);
#18=(
BOUNDED_CURVE()
B_SPLINE_CURVE(5,(#2622,#2623,#2624,#2625,#2626,#2627,#2628,#2629,#2630,
#2631,#2632,#2633,#2634,#2635,#2636,#2637,#2638,#2639,#2640,#2641,#2642,
#2643,#2644,#2645,#2646,#2647,#2648,#2649,#2650,#2651,#2652,#2653,#2654,
#2655,#2656,#2657,#2658,#2659,#2660,#2661),.UNSPECIFIED.,.F.,.F.)
B_SPLINE_CURVE_WITH_KNOTS((6,1,1,1,1,1,1,1,1,1,1,1,1,1,1,1,1,1,1,1,1,1,
1,1,1,1,1,1,1,1,1,1,1,1,1,6),(-1.,-0.971428571428572,-0.942857142857143,
-0.914285714285714,-0.885714285714286,-0.857142857142857,-0.828571428571429,
-0.8,-0.771428571428572,-0.742857142857143,-0.714285714285714,-0.685714285714286,
-0.657142857142857,-0.628571428571429,-0.6,-0.571428571428572,-0.542857142857143,
-0.514285714285714,-0.485714285714286,-0.457142857142857,-0.428571428571429,
-0.4,-0.371428571428571,-0.342857142857143,-0.314285714285714,-0.285714285714286,
-0.257142857142857,-0.228571428571429,-0.2,-0.171428571428571,-0.142857142857143,
-0.114285714285714,-0.0857142857142857,-0.0571428571428571,-0.0285714285714286,
0.),.UNSPECIFIED.)
CURVE()
GEOMETRIC_REPRESENTATION_ITEM()
RATIONAL_B_SPLINE_CURVE((1.,1.,1.,1.,1.,1.,1.,1.,1.,1.,1.,1.,1.,1.,1.,1.,
1.,1.,1.,1.,1.,1.,1.,1.,1.,1.,1.,1.,1.,1.,1.,1.,1.,1.,1.,1.,1.,1.,1.,1.))
REPRESENTATION_ITEM('')
);
#19=B_SPLINE_CURVE_WITH_KNOTS('',3,(#993,#994,#995,#996,#997,#998,#999,
#1000,#1001,#1002,#1003,#1004,#1005,#1006,#1007,#1008,#1009,#1010,#1011,
#1012,#1013,#1014,#1015,#1016,#1017,#1018,#1019,#1020,#1021,#1022,#1023,
#1024,#1025,#1026,#1027,#1028,#1029,#1030,#1031,#1032,#1033,#1034,#1035,
#1036,#1037,#1038,#1039,#1040,#1041,#1042,#1043,#1044,#1045,#1046,#1047,
#1048,#1049,#1050,#1051,#1052,#1053,#1054,#1055,#1056,#1057,#1058,#1059,
#1060,#1061,#1062,#1063,#1064,#1065,#1066,#1067,#1068,#1069,#1070,#1071,
#1072,#1073,#1074,#1075,#1076,#1077,#1078,#1079,#1080,#1081,#1082,#1083,
#1084,#1085,#1086,#1087,#1088,#1089,#1090,#1091,#1092,#1093,#1094,#1095,
#1096,#1097,#1098,#1099,#1100,#1101,#1102,#1103,#1104,#1105,#1106,#1107,
#1108,#1109,#1110,#1111,#1112,#1113,#1114,#1115,#1116,#1117,#1118,#1119,
#1120,#1121,#1122,#1123,#1124,#1125,#1126,#1127,#1128,#1129,#1130,#1131,
#1132,#1133,#1134,#1135,#1136,#1137,#1138,#1139,#1140,#1141,#1142,#1143,
#1144,#1145,#1146,#1147,#1148,#1149,#1150,#1151,#1152,#1153,#1154,#1155,
#1156,#1157,#1158,#1159,#1160,#1161,#1162,#1163,#1164,#1165,#1166,#1167,
#1168,#1169,#1170,#1171,#1172,#1173,#1174,#1175,#1176,#1177,#1178,#1179,
#1180,#1181,#1182,#1183,#1184,#1185,#1186,#1187,#1188,#1189,#1190,#1191,
#1192,#1193,#1194,#1195,#1196,#1197,#1198,#1199,#1200,#1201,#1202,#1203,
#1204,#1205,#1206,#1207,#1208,#1209,#1210,#1211,#1212,#1213,#1214,#1215,
#1216,#1217,#1218,#1219,#1220,#1221,#1222,#1223,#1224,#1225,#1226,#1227,
#1228,#1229,#1230,#1231,#1232,#1233,#1234,#1235,#1236,#1237,#1238,#1239,
#1240,#1241,#1242,#1243,#1244,#1245,#1246,#1247,#1248,#1249,#1250,#1251,
#1252,#1253,#1254,#1255,#1256,#1257,#1258,#1259,#1260,#1261,#1262,#1263,
#1264,#1265,#1266,#1267,#1268,#1269,#1270,#1271,#1272,#1273,#1274,#1275,
#1276,#1277,#1278,#1279,#1280,#1281,#1282,#1283,#1284,#1285,#1286,#1287,
#1288,#1289,#1290,#1291,#1292,#1293,#1294,#1295,#1296,#1297,#1298,#1299,
#1300,#1301,#1302,#1303,#1304,#1305,#1306,#1307,#1308,#1309,#1310,#1311,
#1312,#1313,#1314,#1315,#1316,#1317,#1318,#1319,#1320,#1321,#1322,#1323,
#1324,#1325,#1326,#1327,#1328,#1329,#1330,#1331,#1332,#1333,#1334,#1335,
#1336,#1337,#1338,#1339,#1340,#1341,#1342,#1343,#1344,#1345,#1346,#1347,
#1348,#1349,#1350,#1351,#1352,#1353,#1354,#1355,#1356,#1357,#1358,#1359,
#1360,#1361,#1362,#1363,#1364,#1365,#1366,#1367,#1368,#1369,#1370,#1371,
#1372,#1373,#1374,#1375,#1376,#1377,#1378,#1379,#1380,#1381,#1382,#1383,
#1384,#1385,#1386,#1387,#1388,#1389,#1390,#1391,#1392,#1393,#1394,#1395,
#1396,#1397,#1398,#1399,#1400,#1401,#1402,#1403,#1404,#1405,#1406,#1407,
#1408,#1409,#1410,#1411,#1412,#1413,#1414,#1415,#1416,#1417,#1418,#1419,
#1420,#1421,#1422,#1423,#1424,#1425,#1426,#1427,#1428,#1429,#1430,#1431,
#1432,#1433,#1434,#1435,#1436,#1437,#1438,#1439,#1440,#1441,#1442,#1443,
#1444,#1445,#1446,#1447,#1448,#1449,#1450,#1451,#1452,#1453,#1454,#1455,
#1456,#1457,#1458,#1459,#1460,#1461,#1462,#1463,#1464,#1465,#1466,#1467,
#1468,#1469,#1470,#1471,#1472,#1473,#1474,#1475,#1476,#1477,#1478,#1479,
#1480,#1481,#1482,#1483,#1484,#1485,#1486,#1487,#1488,#1489,#1490,#1491,
#1492,#1493,#1494,#1495,#1496,#1497,#1498,#1499,#1500,#1501,#1502,#1503,
#1504,#1505,#1506,#1507,#1508,#1509,#1510,#1511,#1512,#1513,#1514,#1515,
#1516,#1517,#1518,#1519,#1520,#1521,#1522,#1523,#1524,#1525,#1526,#1527,
#1528,#1529,#1530,#1531,#1532,#1533,#1534,#1535,#1536,#1537,#1538,#1539,
#1540,#1541,#1542,#1543,#1544,#1545,#1546,#1547,#1548,#1549,#1550,#1551,
#1552,#1553,#1554,#1555,#1556,#1557,#1558,#1559,#1560,#1561,#1562,#1563,
#1564,#1565,#1566,#1567,#1568,#1569,#1570,#1571,#1572,#1573,#1574,#1575,
#1576,#1577,#1578,#1579,#1580,#1581,#1582,#1583,#1584,#1585,#1586,#1587,
#1588,#1589,#1590,#1591,#1592,#1593,#1594,#1595,#1596,#1597,#1598,#1599,
#1600,#1601,#1602,#1603,#1604,#1605,#1606,#1607,#1608,#1609,#1610,#1611,
#1612,#1613,#1614,#1615,#1616,#1617,#1618,#1619,#1620,#1621,#1622,#1623,
#1624,#1625,#1626,#1627,#1628,#1629,#1630,#1631,#1632,#1633,#1634,#1635,
#1636,#1637,#1638,#1639,#1640,#1641,#1642,#1643,#1644,#1645,#1646,#1647,
#1648,#1649,#1650,#1651,#1652,#1653,#1654,#1655,#1656,#1657,#1658,#1659,
#1660,#1661,#1662,#1663,#1664,#1665,#1666,#1667,#1668,#1669,#1670,#1671,
#1672,#1673,#1674,#1675,#1676,#1677,#1678,#1679,#1680,#1681,#1682,#1683,
#1684,#1685,#1686,#1687,#1688,#1689,#1690,#1691,#1692,#1693,#1694,#1695,
#1696,#1697,#1698,#1699,#1700,#1701,#1702,#1703,#1704),.UNSPECIFIED.,.F.,
 .F.,(4,3,3,3,3,3,3,3,3,3,3,3,3,3,3,3,3,3,3,3,3,3,3,3,3,3,3,3,3,3,3,3,3,
3,3,3,3,3,3,3,3,3,3,3,3,3,3,3,3,3,3,3,3,3,3,3,3,3,3,3,3,3,3,3,3,3,3,3,3,
3,3,3,3,3,3,3,3,3,3,3,3,3,3,3,3,3,3,3,3,3,3,3,3,3,3,3,3,3,3,3,3,3,3,3,3,
3,3,3,3,3,3,3,3,3,3,3,3,3,3,3,3,3,3,3,3,3,3,3,3,3,3,3,3,3,3,3,3,3,3,3,3,
3,3,3,3,3,3,3,3,3,3,3,3,3,3,3,3,3,3,3,3,3,3,3,3,3,3,3,3,3,3,3,3,3,3,3,3,
3,3,3,3,3,3,3,3,3,3,3,3,3,3,3,3,3,3,3,3,3,3,3,3,3,3,3,3,3,3,3,3,3,3,3,3,
3,3,3,3,3,3,3,3,3,3,3,3,3,3,3,3,3,3,3,3,3,3,3,3,4),(-48.8041448568576,-48.6748372796832,
-48.5435938109036,-48.4102280297625,-48.2745179252227,-48.136195121789,
-47.9949293965458,-47.8503056552708,-47.7017882489003,-47.5486627726428,
-47.3899452160896,-47.2247026773055,-47.0512885132542,-46.8589217988576,
-46.643589363993,-46.3937841526131,-46.1498724164646,-45.9496371087189,
-45.7699389679182,-45.5911501438248,-45.428353773895,-45.2727676041172,
-45.1228041260783,-44.9774200996668,-44.8358810318342,-44.6976437167589,
-44.5616848936109,-44.4250333516857,-44.2873271526529,-44.1485161877222,
-44.0085458545807,-43.86735645291,-43.7248824697093,-43.581051728741,-43.4357843710208,
-43.288991623373,-43.1400576690086,-42.9865270107675,-42.8272400050314,
-42.6560754326101,-42.4732380797937,-42.2722154604722,-42.0374241147573,
-41.7846154463931,-41.5571250056875,-41.3424387744306,-41.1375717359304,
-40.9404844028137,-40.7497583264944,-40.5643702200484,-40.3884661780665,
-40.2276659325893,-40.0705266125401,-39.9239618357876,-39.783657907856,
-39.6482776075001,-39.5169303649841,-39.3889833456644,-39.2639653308107,
-39.1415128052063,-39.0210481047804,-38.8979103465415,-38.7698436041211,
-38.6354028261456,-38.4921343136041,-38.3340459034546,-38.1406404654509,
-37.9425754959768,-37.7849855854479,-37.6373879855048,-37.4903669386864,
-37.3439201928321,-37.1980455045789,-37.0527406393266,-36.9080033712042,
-36.7638314830355,-36.6202227663049,-36.477175021124,-36.3346860561977,
-36.1927536887907,-36.0505637289166,-35.9047386448795,-35.7546480795477,
-35.5994296879766,-35.4378413015301,-35.2679601379553,-35.086472274164,
-34.8866962299029,-34.6701444870122,-34.4471271176653,-34.2176222160975,
-33.9824687814124,-33.7439720164415,-33.5057647725888,-33.2745542883776,
-33.0799352808457,-32.9050662032671,-32.7420866800595,-32.5873883390197,
-32.4389572451116,-32.2955242896235,-32.1562063694667,-32.0181407379008,
-31.8772081108232,-31.7325577903223,-31.583593854151,-31.4295537351486,
-31.2694636530404,-31.1021381532439,-30.926434523873,-30.7424812588829,
-30.5524653597496,-30.3613321241169,-30.1790030629462,-30.007462892092,
-29.8449811012889,-29.6897102440356,-29.5402527034374,-29.3955909002912,
-29.2537294397749,-29.1087401963033,-28.9586139151146,-28.8020485335841,
-28.6369851301931,-28.4597493922797,-28.2622474512654,-27.9975740604896,
-27.778843013142,-27.5813654786949,-27.4019565840244,-27.2336040230522,
-27.0731139028946,-26.9186692826719,-26.769103980579,-26.6236095806966,
-26.4813183841229,-26.3389408749976,-26.1953650079364,-26.0505286797933,
-25.9043637100508,-25.7567949483399,-25.6077392043787,-25.4571039551764,
-25.3047857702532,-25.1506683762758,-24.991868534081,-24.8193916009907,
-24.6168044705517,-24.3554614904708,-24.1651844475765,-23.9957910228091,
-23.8399199874561,-23.6925753854147,-23.5451323988905,-23.3940944279786,
-23.2388693125887,-23.0786590455843,-22.9123368128187,-22.733119873861,
-22.54102928527,-22.329678939057,-22.1111824798951,-21.8971178608251,-21.6870034081755,
-21.4804382458791,-21.2770902227813,-21.0766800294248,-20.8772585684662,
-20.6710426838189,-20.4540657745741,-20.2219856547978,-19.9659169478975,
-19.6579952436378,-19.3373245901963,-19.0345532357656,-18.7371383414568,
-18.4443705548715,-18.1722546381351,-17.9206350207953,-17.6943286814881,
-17.4829605534069,-17.2820002103596,-17.0889438835986,-16.9022136967147,
-16.7202869335348,-16.5372341085232,-16.3506847666718,-16.160202010261,
-15.965238399592,-15.7650904466668,-15.5588252016,-15.3451463305855,-15.115379417897,
-14.8372245347659,-14.5265420684659,-14.2918645709653,-14.068554187044,
-13.8636168134516,-13.6469978007414,-13.4276285064636,-13.1986629154967,
-12.9569527734523,-12.6967883800474,-12.4171998349954,-12.1422302165495,
-11.8736527086563,-11.6106799959895,-11.352683982642,-11.0981402487782,
-10.8389229887294,-10.5721061614752,-10.2961451066128,-10.008808183508,
-9.69603292777338,-9.38129061869188,-9.06025972278214,-8.73211481153013,
-8.39527651449671,-8.04011104043854,-7.65125192244275,-7.18080353839531,
-6.63429525541378,-6.21386364689032,-5.82549716895968,-5.45913353548587,
-5.0889187807828,-4.71233343199356,-4.32866495666504,-3.93703129747633,
-3.53631949442855,-3.12511688922608,-2.69461528691699,-2.24907182780515,
-1.7848092352429,-1.27926286507803,-0.736880395860954,-0.0920537460157127,
0.),.UNSPECIFIED.);
#20=B_SPLINE_CURVE_WITH_KNOTS('',3,(#1788,#1789,#1790,#1791,#1792,#1793,
#1794,#1795,#1796,#1797,#1798,#1799,#1800,#1801,#1802,#1803,#1804,#1805,
#1806,#1807,#1808,#1809,#1810,#1811,#1812,#1813,#1814,#1815,#1816,#1817,
#1818,#1819,#1820,#1821,#1822,#1823,#1824,#1825,#1826,#1827,#1828,#1829,
#1830,#1831,#1832,#1833,#1834,#1835,#1836,#1837,#1838,#1839,#1840,#1841,
#1842,#1843,#1844,#1845,#1846,#1847,#1848,#1849,#1850,#1851,#1852,#1853,
#1854,#1855,#1856,#1857,#1858,#1859,#1860,#1861,#1862,#1863,#1864,#1865,
#1866,#1867,#1868,#1869,#1870,#1871,#1872,#1873,#1874,#1875,#1876,#1877,
#1878,#1879,#1880,#1881,#1882,#1883,#1884,#1885,#1886,#1887,#1888,#1889,
#1890,#1891,#1892,#1893,#1894,#1895,#1896,#1897,#1898,#1899,#1900,#1901,
#1902,#1903,#1904,#1905,#1906,#1907,#1908,#1909,#1910,#1911,#1912,#1913,
#1914,#1915,#1916,#1917,#1918,#1919,#1920,#1921,#1922,#1923,#1924,#1925,
#1926,#1927,#1928,#1929,#1930,#1931,#1932,#1933,#1934,#1935,#1936,#1937,
#1938,#1939,#1940,#1941,#1942,#1943,#1944,#1945,#1946,#1947,#1948,#1949,
#1950,#1951,#1952,#1953,#1954,#1955,#1956,#1957,#1958,#1959,#1960,#1961,
#1962,#1963,#1964,#1965,#1966,#1967,#1968,#1969,#1970,#1971,#1972,#1973,
#1974,#1975,#1976,#1977,#1978,#1979,#1980,#1981,#1982,#1983,#1984,#1985,
#1986,#1987,#1988,#1989,#1990,#1991,#1992,#1993,#1994,#1995,#1996,#1997,
#1998,#1999,#2000,#2001,#2002,#2003,#2004,#2005,#2006,#2007,#2008,#2009,
#2010,#2011,#2012,#2013,#2014,#2015,#2016,#2017,#2018,#2019,#2020,#2021,
#2022,#2023,#2024,#2025,#2026,#2027,#2028,#2029,#2030,#2031,#2032,#2033,
#2034,#2035,#2036,#2037,#2038,#2039,#2040,#2041,#2042,#2043,#2044,#2045,
#2046,#2047,#2048,#2049,#2050,#2051,#2052,#2053,#2054,#2055,#2056,#2057,
#2058,#2059,#2060,#2061,#2062,#2063,#2064,#2065,#2066,#2067,#2068,#2069,
#2070,#2071,#2072,#2073,#2074,#2075,#2076,#2077,#2078,#2079,#2080,#2081,
#2082,#2083,#2084,#2085,#2086,#2087,#2088,#2089,#2090,#2091,#2092,#2093,
#2094,#2095,#2096,#2097,#2098,#2099,#2100,#2101,#2102,#2103,#2104,#2105,
#2106,#2107,#2108,#2109,#2110,#2111,#2112,#2113,#2114,#2115,#2116,#2117,
#2118,#2119,#2120,#2121,#2122,#2123,#2124,#2125,#2126,#2127,#2128,#2129,
#2130,#2131,#2132,#2133,#2134,#2135,#2136,#2137,#2138,#2139,#2140,#2141,
#2142,#2143,#2144,#2145,#2146,#2147,#2148,#2149,#2150,#2151,#2152,#2153,
#2154,#2155,#2156,#2157,#2158,#2159,#2160,#2161,#2162,#2163,#2164,#2165,
#2166,#2167,#2168,#2169,#2170,#2171,#2172,#2173,#2174,#2175,#2176,#2177,
#2178,#2179,#2180,#2181,#2182,#2183,#2184,#2185,#2186,#2187,#2188,#2189,
#2190,#2191,#2192,#2193,#2194,#2195,#2196,#2197,#2198,#2199,#2200,#2201,
#2202,#2203,#2204,#2205,#2206,#2207,#2208,#2209,#2210,#2211,#2212,#2213,
#2214,#2215,#2216,#2217,#2218,#2219,#2220,#2221,#2222,#2223,#2224,#2225,
#2226,#2227,#2228,#2229,#2230,#2231,#2232,#2233,#2234,#2235,#2236,#2237,
#2238,#2239,#2240,#2241,#2242,#2243,#2244,#2245,#2246,#2247,#2248,#2249,
#2250,#2251,#2252,#2253,#2254,#2255,#2256,#2257,#2258,#2259,#2260,#2261,
#2262,#2263,#2264,#2265,#2266,#2267,#2268,#2269,#2270,#2271,#2272,#2273,
#2274,#2275,#2276,#2277,#2278,#2279,#2280,#2281,#2282,#2283,#2284,#2285,
#2286,#2287,#2288,#2289,#2290,#2291,#2292,#2293,#2294,#2295,#2296,#2297,
#2298,#2299,#2300,#2301,#2302,#2303,#2304,#2305,#2306,#2307,#2308,#2309,
#2310,#2311,#2312,#2313,#2314,#2315,#2316,#2317,#2318,#2319,#2320,#2321,
#2322,#2323,#2324,#2325,#2326,#2327,#2328,#2329,#2330,#2331,#2332,#2333,
#2334,#2335,#2336,#2337,#2338,#2339,#2340,#2341,#2342,#2343,#2344,#2345,
#2346,#2347,#2348,#2349,#2350,#2351,#2352,#2353,#2354,#2355,#2356,#2357,
#2358,#2359,#2360,#2361,#2362,#2363,#2364,#2365,#2366,#2367,#2368,#2369,
#2370,#2371,#2372,#2373,#2374,#2375,#2376,#2377,#2378,#2379,#2380,#2381,
#2382,#2383,#2384,#2385,#2386,#2387,#2388,#2389,#2390,#2391,#2392,#2393,
#2394,#2395,#2396,#2397,#2398,#2399,#2400,#2401,#2402,#2403,#2404,#2405,
#2406,#2407,#2408,#2409,#2410,#2411,#2412,#2413,#2414,#2415,#2416,#2417,
#2418,#2419,#2420,#2421,#2422,#2423,#2424,#2425,#2426,#2427,#2428,#2429,
#2430,#2431,#2432,#2433,#2434,#2435,#2436,#2437,#2438,#2439,#2440,#2441,
#2442,#2443,#2444,#2445,#2446,#2447,#2448,#2449,#2450,#2451,#2452,#2453,
#2454,#2455,#2456,#2457,#2458,#2459,#2460,#2461,#2462,#2463,#2464,#2465,
#2466,#2467,#2468,#2469,#2470,#2471,#2472,#2473,#2474,#2475,#2476,#2477,
#2478,#2479,#2480,#2481,#2482,#2483,#2484,#2485,#2486,#2487,#2488,#2489,
#2490,#2491,#2492,#2493,#2494,#2495,#2496,#2497,#2498,#2499),
 .UNSPECIFIED.,.F.,.F.,(4,3,3,3,3,3,3,3,3,3,3,3,3,3,3,3,3,3,3,3,3,3,3,3,
3,3,3,3,3,3,3,3,3,3,3,3,3,3,3,3,3,3,3,3,3,3,3,3,3,3,3,3,3,3,3,3,3,3,3,3,
3,3,3,3,3,3,3,3,3,3,3,3,3,3,3,3,3,3,3,3,3,3,3,3,3,3,3,3,3,3,3,3,3,3,3,3,
3,3,3,3,3,3,3,3,3,3,3,3,3,3,3,3,3,3,3,3,3,3,3,3,3,3,3,3,3,3,3,3,3,3,3,3,
3,3,3,3,3,3,3,3,3,3,3,3,3,3,3,3,3,3,3,3,3,3,3,3,3,3,3,3,3,3,3,3,3,3,3,3,
3,3,3,3,3,3,3,3,3,3,3,3,3,3,3,3,3,3,3,3,3,3,3,3,3,3,3,3,3,3,3,3,3,3,3,3,
3,3,3,3,3,3,3,3,3,3,3,3,3,3,3,3,3,3,3,3,3,3,3,3,3,3,3,3,3,3,3,3,3,4),(-48.8041448568576,
-48.6748372796832,-48.5435938109037,-48.4102280297618,-48.2745179252231,
-48.1361951217904,-47.9949293965472,-47.850305655273,-47.7017882489021,
-47.5486627726443,-47.3899452161015,-47.2247026773175,-47.0512885132683,
-46.8589217988728,-46.6435893640106,-46.393784152635,-46.1498724164809,
-45.9496371087304,-45.769938967929,-45.5911501438355,-45.4283537739063,
-45.272767604128,-45.122804126088,-44.9774200996766,-44.835881031844,-44.697643716768,
-44.5616848936156,-44.4250333516899,-44.2873271526563,-44.148516187726,
-44.0085458545851,-43.8673564529145,-43.7248824697142,-43.5810517287462,
-43.4357843710261,-43.2889916233786,-43.1400576690117,-42.9865270107714,
-42.8272400050362,-42.6560754326154,-42.4732380797995,-42.272215460479,
-42.0374241147655,-41.7846154463797,-41.5571250056749,-41.3424387744184,
-41.1375717359185,-40.9404844028023,-40.7497583264834,-40.5643702200385,
-40.3884661780585,-40.2276659325817,-40.0705266125325,-39.9239618357806,
-39.7836579078479,-39.6482776074916,-39.5169303649754,-39.3889833456562,
-39.2639653308035,-39.1415128051993,-39.021048104774,-38.8979103465352,
-38.769843604115,-38.6354028261386,-38.4921343135965,-38.3340459034453,
-38.1406404654385,-37.9425754959687,-37.7849855854399,-37.6373879854968,
-37.4903669386784,-37.3439201928242,-37.198045504571,-37.0527406393187,
-36.9080033711964,-36.7638314830277,-36.6202227662971,-36.4771750211162,
-36.33468605619,-36.192753688783,-36.0505637289088,-35.9047386448713,-35.7546480795395,
-35.5994296879681,-35.4378413015211,-35.2679601379451,-35.0864722741529,
-34.8866962298882,-34.6701444869903,-34.4471271176429,-34.2176222160753,
-33.9824687813898,-33.7439720164185,-33.5057647725674,-33.2745542883579,
-33.0799352808293,-32.9050662032525,-32.7420866800454,-32.5873883390062,
-32.4389572450985,-32.2955242896108,-32.1562063694543,-32.0181407378898,
-31.877208110812,-31.732557790311,-31.5835938541394,-31.4295537351357,-31.2694636530279,
-31.1021381532311,-30.92643452386,-30.7424812588685,-30.5524653597382,-30.3613321241057,
-30.1790030629355,-30.007462892082,-29.8449811012794,-29.6897102440265,
-29.5402527034283,-29.3955909002825,-29.2537294397648,-29.1087401962926,
-28.9586139151038,-28.8020485335729,-28.6369851301808,-28.4597493922666,
-28.2622474512519,-27.9975740604655,-27.7788430131181,-27.5813654786755,
-27.4019565840056,-27.2336040230343,-27.073113902878,-26.9186692826564,
-26.7691039805642,-26.6236095806826,-26.4813183841093,-26.3389408749829,
-26.1953650079209,-26.0505286797771,-25.9043637100341,-25.7567949483223,
-25.6077392043614,-25.4571039551598,-25.3047857702367,-25.150668376258,
-24.9918685340627,-24.8193916009695,-24.6168044705264,-24.3554614904664,
-24.1651844475721,-23.9957910228048,-23.8399199874517,-23.6925753854106,
-23.5451323988866,-23.3940944279749,-23.2388693125849,-23.0786590455803,
-22.9123368128145,-22.7331198738566,-22.5410292852653,-22.3296789390493,
-22.1111824798826,-21.8971178608126,-21.6870034081628,-21.4804382458666,
-21.277090222769,-21.0766800294126,-20.8772585684506,-20.6710426838026,
-20.4540657745566,-20.221985654779,-19.9659169478771,-19.6579952436134,
-19.3373245901725,-19.0345532357422,-18.7371383414338,-18.4443705548488,
-18.1722546381127,-17.9206350207645,-17.6943286814592,-17.4829605533793,
-17.2820002103328,-17.0889438835727,-16.9022136966895,-16.7202869335097,
-16.5372341084981,-16.3506847666457,-16.1602020102344,-15.9652383995645,
-15.7650904466393,-15.5588252015712,-15.3451463305558,-15.1153794178668,
-14.8372245347228,-14.5265420684425,-14.2918645709449,-14.0685541870238,
-13.8636168134325,-13.6469978007226,-13.4276285064441,-13.1986629154763,
-12.9569527734304,-12.6967883800231,-12.4171998349687,-12.1422302165231,
-11.8736527086302,-11.6106799959649,-11.3526839826181,-11.0981402487542,
-10.8389229887051,-10.5721061614506,-10.2961451065882,-10.0088081834822,
-9.69603292774836,-9.38129061866522,-9.0602597227543,-8.73211481150107,
-8.39527651446784,-8.04011104040629,-7.65125192240618,-7.18080353834692,
-6.63429525541856,-6.21386364689212,-5.82549716896136,-5.45913353548852,
-5.0889187807867,-4.71233343199834,-4.32866495667643,-3.93703129749533,
-3.5363194944468,-3.12511688924334,-2.69461528693241,-2.24907182782054,
-1.78480923525969,-1.27926286509265,-0.736880395873946,-0.092053746018795,
0.),.UNSPECIFIED.);
#21=(
BOUNDED_SURFACE()
B_SPLINE_SURFACE(5,1,((#912,#913),(#914,#915),(#916,#917),(#918,#919),(#920,
#921),(#922,#923),(#924,#925),(#926,#927),(#928,#929),(#930,#931),(#932,
#933),(#934,#935),(#936,#937),(#938,#939),(#940,#941),(#942,#943),(#944,
#945),(#946,#947),(#948,#949),(#950,#951),(#952,#953),(#954,#955),(#956,
#957),(#958,#959),(#960,#961),(#962,#963),(#964,#965),(#966,#967),(#968,
#969),(#970,#971),(#972,#973),(#974,#975),(#976,#977),(#978,#979),(#980,
#981),(#982,#983),(#984,#985),(#986,#987),(#988,#989),(#990,#991)),
 .UNSPECIFIED.,.F.,.F.,.F.)
B_SPLINE_SURFACE_WITH_KNOTS((6,1,1,1,1,1,1,1,1,1,1,1,1,1,1,1,1,1,1,1,1,
1,1,1,1,1,1,1,1,1,1,1,1,1,1,6),(2,2),(-1.,-0.971428571428572,-0.942857142857143,
-0.914285714285714,-0.885714285714286,-0.857142857142857,-0.828571428571429,
-0.8,-0.771428571428572,-0.742857142857143,-0.714285714285714,-0.685714285714286,
-0.657142857142857,-0.628571428571429,-0.6,-0.571428571428572,-0.542857142857143,
-0.514285714285714,-0.485714285714286,-0.457142857142857,-0.428571428571429,
-0.4,-0.371428571428571,-0.342857142857143,-0.314285714285714,-0.285714285714286,
-0.257142857142857,-0.228571428571429,-0.2,-0.171428571428571,-0.142857142857143,
-0.114285714285714,-0.0857142857142857,-0.0571428571428571,-0.0285714285714286,
0.),(0.,2.),.UNSPECIFIED.)
GEOMETRIC_REPRESENTATION_ITEM()
RATIONAL_B_SPLINE_SURFACE(((1.,1.),(1.,1.),(1.,1.),(1.,1.),(1.,1.),(1.,
1.),(1.,1.),(1.,1.),(1.,1.),(1.,1.),(1.,1.),(1.,1.),(1.,1.),(1.,1.),(1.,
1.),(1.,1.),(1.,1.),(1.,1.),(1.,1.),(1.,1.),(1.,1.),(1.,1.),(1.,1.),(1.,
1.),(1.,1.),(1.,1.),(1.,1.),(1.,1.),(1.,1.),(1.,1.),(1.,1.),(1.,1.),(1.,
1.),(1.,1.),(1.,1.),(1.,1.),(1.,1.),(1.,1.),(1.,1.),(1.,1.)))
REPRESENTATION_ITEM('')
SURFACE()
);
#22=(
BOUNDED_SURFACE()
B_SPLINE_SURFACE(5,1,((#2541,#2542),(#2543,#2544),(#2545,#2546),(#2547,
#2548),(#2549,#2550),(#2551,#2552),(#2553,#2554),(#2555,#2556),(#2557,#2558),
(#2559,#2560),(#2561,#2562),(#2563,#2564),(#2565,#2566),(#2567,#2568),(#2569,
#2570),(#2571,#2572),(#2573,#2574),(#2575,#2576),(#2577,#2578),(#2579,#2580),
(#2581,#2582),(#2583,#2584),(#2585,#2586),(#2587,#2588),(#2589,#2590),(#2591,
#2592),(#2593,#2594),(#2595,#2596),(#2597,#2598),(#2599,#2600),(#2601,#2602),
(#2603,#2604),(#2605,#2606),(#2607,#2608),(#2609,#2610),(#2611,#2612),(#2613,
#2614),(#2615,#2616),(#2617,#2618),(#2619,#2620)),.UNSPECIFIED.,.F.,.F.,
 .F.)
B_SPLINE_SURFACE_WITH_KNOTS((6,1,1,1,1,1,1,1,1,1,1,1,1,1,1,1,1,1,1,1,1,
1,1,1,1,1,1,1,1,1,1,1,1,1,1,6),(2,2),(-1.,-0.971428571428572,-0.942857142857143,
-0.914285714285714,-0.885714285714286,-0.857142857142857,-0.828571428571429,
-0.8,-0.771428571428572,-0.742857142857143,-0.714285714285714,-0.685714285714286,
-0.657142857142857,-0.628571428571429,-0.6,-0.571428571428572,-0.542857142857143,
-0.514285714285714,-0.485714285714286,-0.457142857142857,-0.428571428571429,
-0.4,-0.371428571428571,-0.342857142857143,-0.314285714285714,-0.285714285714286,
-0.257142857142857,-0.228571428571429,-0.2,-0.171428571428571,-0.142857142857143,
-0.114285714285714,-0.0857142857142857,-0.0571428571428571,-0.0285714285714286,
0.),(0.,2.),.UNSPECIFIED.)
GEOMETRIC_REPRESENTATION_ITEM()
RATIONAL_B_SPLINE_SURFACE(((1.,1.),(1.,1.),(1.,1.),(1.,1.),(1.,1.),(1.,
1.),(1.,1.),(1.,1.),(1.,1.),(1.,1.),(1.,1.),(1.,1.),(1.,1.),(1.,1.),(1.,
1.),(1.,1.),(1.,1.),(1.,1.),(1.,1.),(1.,1.),(1.,1.),(1.,1.),(1.,1.),(1.,
1.),(1.,1.),(1.,1.),(1.,1.),(1.,1.),(1.,1.),(1.,1.),(1.,1.),(1.,1.),(1.,
1.),(1.,1.),(1.,1.),(1.,1.),(1.,1.),(1.,1.),(1.,1.),(1.,1.)))
REPRESENTATION_ITEM('')
SURFACE()
);
#23=FACE_OUTER_BOUND('',#55,.T.);
#24=FACE_OUTER_BOUND('',#56,.T.);
#25=FACE_OUTER_BOUND('',#57,.T.);
#26=FACE_OUTER_BOUND('',#58,.T.);
#27=FACE_OUTER_BOUND('',#59,.T.);
#28=FACE_OUTER_BOUND('',#60,.T.);
#29=FACE_OUTER_BOUND('',#61,.T.);
#30=FACE_OUTER_BOUND('',#62,.T.);
#31=FACE_OUTER_BOUND('',#63,.T.);
#32=FACE_OUTER_BOUND('',#64,.T.);
#33=FACE_OUTER_BOUND('',#65,.T.);
#34=FACE_OUTER_BOUND('',#66,.T.);
#35=FACE_OUTER_BOUND('',#67,.T.);
#36=FACE_OUTER_BOUND('',#68,.T.);
#37=FACE_OUTER_BOUND('',#69,.T.);
#38=FACE_OUTER_BOUND('',#70,.T.);
#39=FACE_OUTER_BOUND('',#71,.T.);
#40=FACE_OUTER_BOUND('',#73,.T.);
#41=FACE_OUTER_BOUND('',#74,.T.);
#42=FACE_OUTER_BOUND('',#75,.T.);
#43=FACE_OUTER_BOUND('',#76,.T.);
#44=FACE_OUTER_BOUND('',#77,.T.);
#45=FACE_OUTER_BOUND('',#78,.T.);
#46=FACE_OUTER_BOUND('',#79,.T.);
#47=FACE_OUTER_BOUND('',#80,.T.);
#48=FACE_OUTER_BOUND('',#82,.T.);
#49=FACE_OUTER_BOUND('',#83,.T.);
#50=FACE_OUTER_BOUND('',#84,.T.);
#51=FACE_OUTER_BOUND('',#85,.T.);
#52=FACE_OUTER_BOUND('',#86,.T.);
#53=FACE_OUTER_BOUND('',#87,.T.);
#54=FACE_OUTER_BOUND('',#88,.T.);
#55=EDGE_LOOP('',(#411,#412,#413,#414));
#56=EDGE_LOOP('',(#415,#416,#417,#418));
#57=EDGE_LOOP('',(#419,#420,#421,#422));
#58=EDGE_LOOP('',(#423,#424,#425,#426));
#59=EDGE_LOOP('',(#427,#428,#429,#430));
#60=EDGE_LOOP('',(#431,#432,#433,#434));
#61=EDGE_LOOP('',(#435,#436,#437,#438));
#62=EDGE_LOOP('',(#439,#440,#441,#442));
#63=EDGE_LOOP('',(#443,#444,#445,#446));
#64=EDGE_LOOP('',(#447,#448,#449,#450));
#65=EDGE_LOOP('',(#451,#452,#453,#454));
#66=EDGE_LOOP('',(#455,#456,#457,#458));
#67=EDGE_LOOP('',(#459,#460,#461,#462));
#68=EDGE_LOOP('',(#463,#464,#465,#466));
#69=EDGE_LOOP('',(#467,#468,#469,#470));
#70=EDGE_LOOP('',(#471,#472,#473,#474));
#71=EDGE_LOOP('',(#475,#476,#477,#478));
#72=EDGE_LOOP('',(#479,#480,#481,#482));
#73=EDGE_LOOP('',(#483,#484,#485,#486,#487,#488,#489,#490,#491,#492,#493,
#494,#495,#496,#497,#498,#499,#500,#501,#502,#503,#504,#505,#506,#507,#508));
#74=EDGE_LOOP('',(#509,#510,#511,#512));
#75=EDGE_LOOP('',(#513,#514,#515,#516));
#76=EDGE_LOOP('',(#517,#518,#519,#520));
#77=EDGE_LOOP('',(#521,#522,#523,#524));
#78=EDGE_LOOP('',(#525,#526,#527,#528));
#79=EDGE_LOOP('',(#529,#530,#531,#532));
#80=EDGE_LOOP('',(#533,#534,#535,#536));
#81=EDGE_LOOP('',(#537,#538,#539,#540));
#82=EDGE_LOOP('',(#541,#542,#543,#544));
#83=EDGE_LOOP('',(#545,#546,#547,#548));
#84=EDGE_LOOP('',(#549,#550,#551,#552));
#85=EDGE_LOOP('',(#553,#554,#555,#556));
#86=EDGE_LOOP('',(#557,#558,#559,#560));
#87=EDGE_LOOP('',(#561,#562,#563,#564));
#88=EDGE_LOOP('',(#565,#566,#567,#568,#569,#570,#571,#572,#573,#574,#575,
#576,#577,#578,#579,#580,#581,#582,#583,#584,#585,#586,#587,#588,#589,#590));
#89=LINE('',#837,#175);
#90=LINE('',#839,#176);
#91=LINE('',#841,#177);
#92=LINE('',#842,#178);
#93=LINE('',#845,#179);
#94=LINE('',#847,#180);
#95=LINE('',#848,#181);
#96=LINE('',#851,#182);
#97=LINE('',#853,#183);
#98=LINE('',#854,#184);
#99=LINE('',#856,#185);
#100=LINE('',#857,#186);
#101=LINE('',#861,#187);
#102=LINE('',#863,#188);
#103=LINE('',#865,#189);
#104=LINE('',#866,#190);
#105=LINE('',#869,#191);
#106=LINE('',#871,#192);
#107=LINE('',#872,#193);
#108=LINE('',#875,#194);
#109=LINE('',#877,#195);
#110=LINE('',#878,#196);
#111=LINE('',#881,#197);
#112=LINE('',#883,#198);
#113=LINE('',#884,#199);
#114=LINE('',#887,#200);
#115=LINE('',#889,#201);
#116=LINE('',#890,#202);
#117=LINE('',#893,#203);
#118=LINE('',#895,#204);
#119=LINE('',#896,#205);
#120=LINE('',#900,#206);
#121=LINE('',#902,#207);
#122=LINE('',#904,#208);
#123=LINE('',#905,#209);
#124=LINE('',#908,#210);
#125=LINE('',#910,#211);
#126=LINE('',#911,#212);
#127=LINE('',#1706,#213);
#128=LINE('',#1749,#214);
#129=LINE('',#1751,#215);
#130=LINE('',#1752,#216);
#131=LINE('',#1755,#217);
#132=LINE('',#1757,#218);
#133=LINE('',#1758,#219);
#134=LINE('',#1760,#220);
#135=LINE('',#1761,#221);
#136=LINE('',#1764,#222);
#137=LINE('',#1766,#223);
#138=LINE('',#1767,#224);
#139=LINE('',#1771,#225);
#140=LINE('',#1773,#226);
#141=LINE('',#1775,#227);
#142=LINE('',#1777,#228);
#143=LINE('',#1779,#229);
#144=LINE('',#1780,#230);
#145=LINE('',#1782,#231);
#146=LINE('',#1784,#232);
#147=LINE('',#1786,#233);
#148=LINE('',#2501,#234);
#149=LINE('',#2503,#235);
#150=LINE('',#2504,#236);
#151=LINE('',#2507,#237);
#152=LINE('',#2508,#238);
#153=LINE('',#2511,#239);
#154=LINE('',#2512,#240);
#155=LINE('',#2515,#241);
#156=LINE('',#2516,#242);
#157=LINE('',#2519,#243);
#158=LINE('',#2520,#244);
#159=LINE('',#2523,#245);
#160=LINE('',#2524,#246);
#161=LINE('',#2527,#247);
#162=LINE('',#2528,#248);
#163=LINE('',#2531,#249);
#164=LINE('',#2532,#250);
#165=LINE('',#2535,#251);
#166=LINE('',#2536,#252);
#167=LINE('',#2539,#253);
#168=LINE('',#2540,#254);
#169=LINE('',#2662,#255);
#170=LINE('',#2665,#256);
#171=LINE('',#2666,#257);
#172=LINE('',#2669,#258);
#173=LINE('',#2670,#259);
#174=LINE('',#2672,#260);
#175=VECTOR('',#689,10.);
#176=VECTOR('',#690,10.);
#177=VECTOR('',#691,10.);
#178=VECTOR('',#692,10.);
#179=VECTOR('',#695,10.);
#180=VECTOR('',#696,10.);
#181=VECTOR('',#697,10.);
#182=VECTOR('',#700,10.);
#183=VECTOR('',#701,10.);
#184=VECTOR('',#702,10.);
#185=VECTOR('',#705,10.);
#186=VECTOR('',#706,10.);
#187=VECTOR('',#709,10.);
#188=VECTOR('',#710,10.);
#189=VECTOR('',#711,10.);
#190=VECTOR('',#712,10.);
#191=VECTOR('',#715,10.);
#192=VECTOR('',#716,10.);
#193=VECTOR('',#717,10.);
#194=VECTOR('',#720,10.);
#195=VECTOR('',#721,10.);
#196=VECTOR('',#722,10.);
#197=VECTOR('',#725,10.);
#198=VECTOR('',#726,10.);
#199=VECTOR('',#727,10.);
#200=VECTOR('',#730,10.);
#201=VECTOR('',#731,10.);
#202=VECTOR('',#732,10.);
#203=VECTOR('',#735,10.);
#204=VECTOR('',#736,10.);
#205=VECTOR('',#737,10.);
#206=VECTOR('',#740,10.);
#207=VECTOR('',#741,10.);
#208=VECTOR('',#742,10.);
#209=VECTOR('',#743,10.);
#210=VECTOR('',#746,10.);
#211=VECTOR('',#747,10.);
#212=VECTOR('',#748,10.);
#213=VECTOR('',#749,10.);
#214=VECTOR('',#752,10.);
#215=VECTOR('',#753,10.);
#216=VECTOR('',#754,10.);
#217=VECTOR('',#757,10.);
#218=VECTOR('',#758,10.);
#219=VECTOR('',#759,10.);
#220=VECTOR('',#762,10.);
#221=VECTOR('',#763,10.);
#222=VECTOR('',#766,10.);
#223=VECTOR('',#767,10.);
#224=VECTOR('',#768,10.);
#225=VECTOR('',#771,10.);
#226=VECTOR('',#772,10.);
#227=VECTOR('',#773,10.);
#228=VECTOR('',#774,10.);
#229=VECTOR('',#775,10.);
#230=VECTOR('',#776,10.);
#231=VECTOR('',#777,10.);
#232=VECTOR('',#778,10.);
#233=VECTOR('',#779,10.);
#234=VECTOR('',#780,10.);
#235=VECTOR('',#781,10.);
#236=VECTOR('',#782,10.);
#237=VECTOR('',#785,10.);
#238=VECTOR('',#786,10.);
#239=VECTOR('',#789,10.);
#240=VECTOR('',#790,10.);
#241=VECTOR('',#793,10.);
#242=VECTOR('',#794,10.);
#243=VECTOR('',#797,10.);
#244=VECTOR('',#798,10.);
#245=VECTOR('',#801,10.);
#246=VECTOR('',#802,10.);
#247=VECTOR('',#805,10.);
#248=VECTOR('',#806,10.);
#249=VECTOR('',#809,10.);
#250=VECTOR('',#810,10.);
#251=VECTOR('',#813,10.);
#252=VECTOR('',#814,10.);
#253=VECTOR('',#817,10.);
#254=VECTOR('',#818,10.);
#255=VECTOR('',#819,10.);
#256=VECTOR('',#822,10.);
#257=VECTOR('',#823,10.);
#258=VECTOR('',#826,10.);
#259=VECTOR('',#827,10.);
#260=VECTOR('',#830,10.);
#261=VERTEX_POINT('',#835);
#262=VERTEX_POINT('',#836);
#263=VERTEX_POINT('',#838);
#264=VERTEX_POINT('',#840);
#265=VERTEX_POINT('',#844);
#266=VERTEX_POINT('',#846);
#267=VERTEX_POINT('',#850);
#268=VERTEX_POINT('',#852);
#269=VERTEX_POINT('',#859);
#270=VERTEX_POINT('',#860);
#271=VERTEX_POINT('',#862);
#272=VERTEX_POINT('',#864);
#273=VERTEX_POINT('',#868);
#274=VERTEX_POINT('',#870);
#275=VERTEX_POINT('',#874);
#276=VERTEX_POINT('',#876);
#277=VERTEX_POINT('',#880);
#278=VERTEX_POINT('',#882);
#279=VERTEX_POINT('',#886);
#280=VERTEX_POINT('',#888);
#281=VERTEX_POINT('',#892);
#282=VERTEX_POINT('',#894);
#283=VERTEX_POINT('',#898);
#284=VERTEX_POINT('',#899);
#285=VERTEX_POINT('',#901);
#286=VERTEX_POINT('',#903);
#287=VERTEX_POINT('',#907);
#288=VERTEX_POINT('',#909);
#289=VERTEX_POINT('',#992);
#290=VERTEX_POINT('',#1705);
#291=VERTEX_POINT('',#1748);
#292=VERTEX_POINT('',#1750);
#293=VERTEX_POINT('',#1754);
#294=VERTEX_POINT('',#1756);
#295=VERTEX_POINT('',#1763);
#296=VERTEX_POINT('',#1765);
#297=VERTEX_POINT('',#1769);
#298=VERTEX_POINT('',#1770);
#299=VERTEX_POINT('',#1772);
#300=VERTEX_POINT('',#1774);
#301=VERTEX_POINT('',#1776);
#302=VERTEX_POINT('',#1778);
#303=VERTEX_POINT('',#1781);
#304=VERTEX_POINT('',#1783);
#305=VERTEX_POINT('',#1785);
#306=VERTEX_POINT('',#1787);
#307=VERTEX_POINT('',#2500);
#308=VERTEX_POINT('',#2502);
#309=VERTEX_POINT('',#2506);
#310=VERTEX_POINT('',#2510);
#311=VERTEX_POINT('',#2514);
#312=VERTEX_POINT('',#2518);
#313=VERTEX_POINT('',#2522);
#314=VERTEX_POINT('',#2526);
#315=VERTEX_POINT('',#2530);
#316=VERTEX_POINT('',#2534);
#317=VERTEX_POINT('',#2538);
#318=VERTEX_POINT('',#2621);
#319=VERTEX_POINT('',#2664);
#320=VERTEX_POINT('',#2668);
#321=EDGE_CURVE('',#261,#262,#89,.T.);
#322=EDGE_CURVE('',#263,#261,#90,.T.);
#323=EDGE_CURVE('',#264,#263,#91,.T.);
#324=EDGE_CURVE('',#264,#262,#92,.T.);
#325=EDGE_CURVE('',#262,#265,#93,.T.);
#326=EDGE_CURVE('',#266,#264,#94,.T.);
#327=EDGE_CURVE('',#266,#265,#95,.T.);
#328=EDGE_CURVE('',#265,#267,#96,.T.);
#329=EDGE_CURVE('',#268,#266,#97,.T.);
#330=EDGE_CURVE('',#268,#267,#98,.T.);
#331=EDGE_CURVE('',#267,#261,#99,.T.);
#332=EDGE_CURVE('',#263,#268,#100,.T.);
#333=EDGE_CURVE('',#269,#270,#101,.T.);
#334=EDGE_CURVE('',#271,#269,#102,.T.);
#335=EDGE_CURVE('',#271,#272,#103,.T.);
#336=EDGE_CURVE('',#270,#272,#104,.T.);
#337=EDGE_CURVE('',#270,#273,#105,.T.);
#338=EDGE_CURVE('',#272,#274,#106,.T.);
#339=EDGE_CURVE('',#273,#274,#107,.T.);
#340=EDGE_CURVE('',#273,#275,#108,.T.);
#341=EDGE_CURVE('',#274,#276,#109,.T.);
#342=EDGE_CURVE('',#275,#276,#110,.T.);
#343=EDGE_CURVE('',#275,#277,#111,.T.);
#344=EDGE_CURVE('',#276,#278,#112,.T.);
#345=EDGE_CURVE('',#277,#278,#113,.T.);
#346=EDGE_CURVE('',#277,#279,#114,.T.);
#347=EDGE_CURVE('',#278,#280,#115,.T.);
#348=EDGE_CURVE('',#279,#280,#116,.T.);
#349=EDGE_CURVE('',#279,#281,#117,.T.);
#350=EDGE_CURVE('',#280,#282,#118,.T.);
#351=EDGE_CURVE('',#281,#282,#119,.T.);
#352=EDGE_CURVE('',#283,#284,#120,.T.);
#353=EDGE_CURVE('',#283,#285,#121,.T.);
#354=EDGE_CURVE('',#285,#286,#122,.T.);
#355=EDGE_CURVE('',#284,#286,#123,.T.);
#356=EDGE_CURVE('',#287,#283,#124,.T.);
#357=EDGE_CURVE('',#287,#288,#125,.T.);
#358=EDGE_CURVE('',#288,#285,#126,.T.);
#359=EDGE_CURVE('',#289,#287,#19,.T.);
#360=EDGE_CURVE('',#289,#290,#127,.T.);
#361=EDGE_CURVE('',#290,#288,#17,.T.);
#362=EDGE_CURVE('',#291,#289,#128,.T.);
#363=EDGE_CURVE('',#291,#292,#129,.T.);
#364=EDGE_CURVE('',#292,#290,#130,.T.);
#365=EDGE_CURVE('',#293,#291,#131,.T.);
#366=EDGE_CURVE('',#293,#294,#132,.T.);
#367=EDGE_CURVE('',#294,#292,#133,.T.);
#368=EDGE_CURVE('',#281,#293,#134,.T.);
#369=EDGE_CURVE('',#282,#294,#135,.T.);
#370=EDGE_CURVE('',#269,#295,#136,.T.);
#371=EDGE_CURVE('',#295,#296,#137,.T.);
#372=EDGE_CURVE('',#271,#296,#138,.T.);
#373=EDGE_CURVE('',#297,#298,#139,.T.);
#374=EDGE_CURVE('',#299,#297,#140,.T.);
#375=EDGE_CURVE('',#300,#299,#141,.T.);
#376=EDGE_CURVE('',#301,#300,#142,.T.);
#377=EDGE_CURVE('',#302,#301,#143,.T.);
#378=EDGE_CURVE('',#295,#302,#144,.T.);
#379=EDGE_CURVE('',#284,#303,#145,.T.);
#380=EDGE_CURVE('',#304,#303,#146,.T.);
#381=EDGE_CURVE('',#305,#304,#147,.T.);
#382=EDGE_CURVE('',#306,#305,#20,.T.);
#383=EDGE_CURVE('',#307,#306,#148,.T.);
#384=EDGE_CURVE('',#308,#307,#149,.T.);
#385=EDGE_CURVE('',#298,#308,#150,.T.);
#386=EDGE_CURVE('',#302,#309,#151,.T.);
#387=EDGE_CURVE('',#296,#309,#152,.T.);
#388=EDGE_CURVE('',#301,#310,#153,.T.);
#389=EDGE_CURVE('',#309,#310,#154,.T.);
#390=EDGE_CURVE('',#300,#311,#155,.T.);
#391=EDGE_CURVE('',#310,#311,#156,.T.);
#392=EDGE_CURVE('',#299,#312,#157,.T.);
#393=EDGE_CURVE('',#311,#312,#158,.T.);
#394=EDGE_CURVE('',#297,#313,#159,.T.);
#395=EDGE_CURVE('',#312,#313,#160,.T.);
#396=EDGE_CURVE('',#298,#314,#161,.T.);
#397=EDGE_CURVE('',#313,#314,#162,.T.);
#398=EDGE_CURVE('',#315,#286,#163,.T.);
#399=EDGE_CURVE('',#303,#315,#164,.T.);
#400=EDGE_CURVE('',#316,#315,#165,.T.);
#401=EDGE_CURVE('',#304,#316,#166,.T.);
#402=EDGE_CURVE('',#317,#316,#167,.T.);
#403=EDGE_CURVE('',#305,#317,#168,.T.);
#404=EDGE_CURVE('',#318,#317,#18,.T.);
#405=EDGE_CURVE('',#306,#318,#169,.T.);
#406=EDGE_CURVE('',#319,#318,#170,.T.);
#407=EDGE_CURVE('',#307,#319,#171,.T.);
#408=EDGE_CURVE('',#320,#319,#172,.T.);
#409=EDGE_CURVE('',#308,#320,#173,.T.);
#410=EDGE_CURVE('',#314,#320,#174,.T.);
#411=ORIENTED_EDGE('',*,*,#321,.F.);
#412=ORIENTED_EDGE('',*,*,#322,.F.);
#413=ORIENTED_EDGE('',*,*,#323,.F.);
#414=ORIENTED_EDGE('',*,*,#324,.T.);
#415=ORIENTED_EDGE('',*,*,#325,.F.);
#416=ORIENTED_EDGE('',*,*,#324,.F.);
#417=ORIENTED_EDGE('',*,*,#326,.F.);
#418=ORIENTED_EDGE('',*,*,#327,.T.);
#419=ORIENTED_EDGE('',*,*,#328,.F.);
#420=ORIENTED_EDGE('',*,*,#327,.F.);
#421=ORIENTED_EDGE('',*,*,#329,.F.);
#422=ORIENTED_EDGE('',*,*,#330,.T.);
#423=ORIENTED_EDGE('',*,*,#331,.F.);
#424=ORIENTED_EDGE('',*,*,#330,.F.);
#425=ORIENTED_EDGE('',*,*,#332,.F.);
#426=ORIENTED_EDGE('',*,*,#322,.T.);
#427=ORIENTED_EDGE('',*,*,#333,.F.);
#428=ORIENTED_EDGE('',*,*,#334,.F.);
#429=ORIENTED_EDGE('',*,*,#335,.T.);
#430=ORIENTED_EDGE('',*,*,#336,.F.);
#431=ORIENTED_EDGE('',*,*,#337,.F.);
#432=ORIENTED_EDGE('',*,*,#336,.T.);
#433=ORIENTED_EDGE('',*,*,#338,.T.);
#434=ORIENTED_EDGE('',*,*,#339,.F.);
#435=ORIENTED_EDGE('',*,*,#340,.F.);
#436=ORIENTED_EDGE('',*,*,#339,.T.);
#437=ORIENTED_EDGE('',*,*,#341,.T.);
#438=ORIENTED_EDGE('',*,*,#342,.F.);
#439=ORIENTED_EDGE('',*,*,#343,.F.);
#440=ORIENTED_EDGE('',*,*,#342,.T.);
#441=ORIENTED_EDGE('',*,*,#344,.T.);
#442=ORIENTED_EDGE('',*,*,#345,.F.);
#443=ORIENTED_EDGE('',*,*,#346,.F.);
#444=ORIENTED_EDGE('',*,*,#345,.T.);
#445=ORIENTED_EDGE('',*,*,#347,.T.);
#446=ORIENTED_EDGE('',*,*,#348,.F.);
#447=ORIENTED_EDGE('',*,*,#349,.F.);
#448=ORIENTED_EDGE('',*,*,#348,.T.);
#449=ORIENTED_EDGE('',*,*,#350,.T.);
#450=ORIENTED_EDGE('',*,*,#351,.F.);
#451=ORIENTED_EDGE('',*,*,#352,.F.);
#452=ORIENTED_EDGE('',*,*,#353,.T.);
#453=ORIENTED_EDGE('',*,*,#354,.T.);
#454=ORIENTED_EDGE('',*,*,#355,.F.);
#455=ORIENTED_EDGE('',*,*,#356,.F.);
#456=ORIENTED_EDGE('',*,*,#357,.T.);
#457=ORIENTED_EDGE('',*,*,#358,.T.);
#458=ORIENTED_EDGE('',*,*,#353,.F.);
#459=ORIENTED_EDGE('',*,*,#359,.F.);
#460=ORIENTED_EDGE('',*,*,#360,.T.);
#461=ORIENTED_EDGE('',*,*,#361,.T.);
#462=ORIENTED_EDGE('',*,*,#357,.F.);
#463=ORIENTED_EDGE('',*,*,#362,.F.);
#464=ORIENTED_EDGE('',*,*,#363,.T.);
#465=ORIENTED_EDGE('',*,*,#364,.T.);
#466=ORIENTED_EDGE('',*,*,#360,.F.);
#467=ORIENTED_EDGE('',*,*,#365,.F.);
#468=ORIENTED_EDGE('',*,*,#366,.T.);
#469=ORIENTED_EDGE('',*,*,#367,.T.);
#470=ORIENTED_EDGE('',*,*,#363,.F.);
#471=ORIENTED_EDGE('',*,*,#368,.F.);
#472=ORIENTED_EDGE('',*,*,#351,.T.);
#473=ORIENTED_EDGE('',*,*,#369,.T.);
#474=ORIENTED_EDGE('',*,*,#366,.F.);
#475=ORIENTED_EDGE('',*,*,#334,.T.);
#476=ORIENTED_EDGE('',*,*,#370,.T.);
#477=ORIENTED_EDGE('',*,*,#371,.T.);
#478=ORIENTED_EDGE('',*,*,#372,.F.);
#479=ORIENTED_EDGE('',*,*,#328,.T.);
#480=ORIENTED_EDGE('',*,*,#331,.T.);
#481=ORIENTED_EDGE('',*,*,#321,.T.);
#482=ORIENTED_EDGE('',*,*,#325,.T.);
#483=ORIENTED_EDGE('',*,*,#373,.F.);
#484=ORIENTED_EDGE('',*,*,#374,.F.);
#485=ORIENTED_EDGE('',*,*,#375,.F.);
#486=ORIENTED_EDGE('',*,*,#376,.F.);
#487=ORIENTED_EDGE('',*,*,#377,.F.);
#488=ORIENTED_EDGE('',*,*,#378,.F.);
#489=ORIENTED_EDGE('',*,*,#370,.F.);
#490=ORIENTED_EDGE('',*,*,#333,.T.);
#491=ORIENTED_EDGE('',*,*,#337,.T.);
#492=ORIENTED_EDGE('',*,*,#340,.T.);
#493=ORIENTED_EDGE('',*,*,#343,.T.);
#494=ORIENTED_EDGE('',*,*,#346,.T.);
#495=ORIENTED_EDGE('',*,*,#349,.T.);
#496=ORIENTED_EDGE('',*,*,#368,.T.);
#497=ORIENTED_EDGE('',*,*,#365,.T.);
#498=ORIENTED_EDGE('',*,*,#362,.T.);
#499=ORIENTED_EDGE('',*,*,#359,.T.);
#500=ORIENTED_EDGE('',*,*,#356,.T.);
#501=ORIENTED_EDGE('',*,*,#352,.T.);
#502=ORIENTED_EDGE('',*,*,#379,.T.);
#503=ORIENTED_EDGE('',*,*,#380,.F.);
#504=ORIENTED_EDGE('',*,*,#381,.F.);
#505=ORIENTED_EDGE('',*,*,#382,.F.);
#506=ORIENTED_EDGE('',*,*,#383,.F.);
#507=ORIENTED_EDGE('',*,*,#384,.F.);
#508=ORIENTED_EDGE('',*,*,#385,.F.);
#509=ORIENTED_EDGE('',*,*,#378,.T.);
#510=ORIENTED_EDGE('',*,*,#386,.T.);
#511=ORIENTED_EDGE('',*,*,#387,.F.);
#512=ORIENTED_EDGE('',*,*,#371,.F.);
#513=ORIENTED_EDGE('',*,*,#377,.T.);
#514=ORIENTED_EDGE('',*,*,#388,.T.);
#515=ORIENTED_EDGE('',*,*,#389,.F.);
#516=ORIENTED_EDGE('',*,*,#386,.F.);
#517=ORIENTED_EDGE('',*,*,#376,.T.);
#518=ORIENTED_EDGE('',*,*,#390,.T.);
#519=ORIENTED_EDGE('',*,*,#391,.F.);
#520=ORIENTED_EDGE('',*,*,#388,.F.);
#521=ORIENTED_EDGE('',*,*,#375,.T.);
#522=ORIENTED_EDGE('',*,*,#392,.T.);
#523=ORIENTED_EDGE('',*,*,#393,.F.);
#524=ORIENTED_EDGE('',*,*,#390,.F.);
#525=ORIENTED_EDGE('',*,*,#374,.T.);
#526=ORIENTED_EDGE('',*,*,#394,.T.);
#527=ORIENTED_EDGE('',*,*,#395,.F.);
#528=ORIENTED_EDGE('',*,*,#392,.F.);
#529=ORIENTED_EDGE('',*,*,#373,.T.);
#530=ORIENTED_EDGE('',*,*,#396,.T.);
#531=ORIENTED_EDGE('',*,*,#397,.F.);
#532=ORIENTED_EDGE('',*,*,#394,.F.);
#533=ORIENTED_EDGE('',*,*,#379,.F.);
#534=ORIENTED_EDGE('',*,*,#355,.T.);
#535=ORIENTED_EDGE('',*,*,#398,.F.);
#536=ORIENTED_EDGE('',*,*,#399,.F.);
#537=ORIENTED_EDGE('',*,*,#329,.T.);
#538=ORIENTED_EDGE('',*,*,#326,.T.);
#539=ORIENTED_EDGE('',*,*,#323,.T.);
#540=ORIENTED_EDGE('',*,*,#332,.T.);
#541=ORIENTED_EDGE('',*,*,#380,.T.);
#542=ORIENTED_EDGE('',*,*,#399,.T.);
#543=ORIENTED_EDGE('',*,*,#400,.F.);
#544=ORIENTED_EDGE('',*,*,#401,.F.);
#545=ORIENTED_EDGE('',*,*,#381,.T.);
#546=ORIENTED_EDGE('',*,*,#401,.T.);
#547=ORIENTED_EDGE('',*,*,#402,.F.);
#548=ORIENTED_EDGE('',*,*,#403,.F.);
#549=ORIENTED_EDGE('',*,*,#382,.T.);
#550=ORIENTED_EDGE('',*,*,#403,.T.);
#551=ORIENTED_EDGE('',*,*,#404,.F.);
#552=ORIENTED_EDGE('',*,*,#405,.F.);
#553=ORIENTED_EDGE('',*,*,#383,.T.);
#554=ORIENTED_EDGE('',*,*,#405,.T.);
#555=ORIENTED_EDGE('',*,*,#406,.F.);
#556=ORIENTED_EDGE('',*,*,#407,.F.);
#557=ORIENTED_EDGE('',*,*,#384,.T.);
#558=ORIENTED_EDGE('',*,*,#407,.T.);
#559=ORIENTED_EDGE('',*,*,#408,.F.);
#560=ORIENTED_EDGE('',*,*,#409,.F.);
#561=ORIENTED_EDGE('',*,*,#385,.T.);
#562=ORIENTED_EDGE('',*,*,#409,.T.);
#563=ORIENTED_EDGE('',*,*,#410,.F.);
#564=ORIENTED_EDGE('',*,*,#396,.F.);
#565=ORIENTED_EDGE('',*,*,#398,.T.);
#566=ORIENTED_EDGE('',*,*,#354,.F.);
#567=ORIENTED_EDGE('',*,*,#358,.F.);
#568=ORIENTED_EDGE('',*,*,#361,.F.);
#569=ORIENTED_EDGE('',*,*,#364,.F.);
#570=ORIENTED_EDGE('',*,*,#367,.F.);
#571=ORIENTED_EDGE('',*,*,#369,.F.);
#572=ORIENTED_EDGE('',*,*,#350,.F.);
#573=ORIENTED_EDGE('',*,*,#347,.F.);
#574=ORIENTED_EDGE('',*,*,#344,.F.);
#575=ORIENTED_EDGE('',*,*,#341,.F.);
#576=ORIENTED_EDGE('',*,*,#338,.F.);
#577=ORIENTED_EDGE('',*,*,#335,.F.);
#578=ORIENTED_EDGE('',*,*,#372,.T.);
#579=ORIENTED_EDGE('',*,*,#387,.T.);
#580=ORIENTED_EDGE('',*,*,#389,.T.);
#581=ORIENTED_EDGE('',*,*,#391,.T.);
#582=ORIENTED_EDGE('',*,*,#393,.T.);
#583=ORIENTED_EDGE('',*,*,#395,.T.);
#584=ORIENTED_EDGE('',*,*,#397,.T.);
#585=ORIENTED_EDGE('',*,*,#410,.T.);
#586=ORIENTED_EDGE('',*,*,#408,.T.);
#587=ORIENTED_EDGE('',*,*,#406,.T.);
#588=ORIENTED_EDGE('',*,*,#404,.T.);
#589=ORIENTED_EDGE('',*,*,#402,.T.);
#590=ORIENTED_EDGE('',*,*,#400,.T.);
#591=PLANE('',#655);
#592=PLANE('',#656);
#593=PLANE('',#657);
#594=PLANE('',#658);
#595=PLANE('',#659);
#596=PLANE('',#660);
#597=PLANE('',#661);
#598=PLANE('',#662);
#599=PLANE('',#663);
#600=PLANE('',#664);
#601=PLANE('',#665);
#602=PLANE('',#666);
#603=PLANE('',#667);
#604=PLANE('',#668);
#605=PLANE('',#669);
#606=PLANE('',#670);
#607=PLANE('',#671);
#608=PLANE('',#672);
#609=PLANE('',#673);
#610=PLANE('',#674);
#611=PLANE('',#675);
#612=PLANE('',#676);
#613=PLANE('',#677);
#614=PLANE('',#678);
#615=PLANE('',#679);
#616=PLANE('',#680);
#617=PLANE('',#681);
#618=PLANE('',#682);
#619=PLANE('',#683);
#620=PLANE('',#684);
#621=ADVANCED_FACE('',(#23),#591,.F.);
#622=ADVANCED_FACE('',(#24),#592,.F.);
#623=ADVANCED_FACE('',(#25),#593,.F.);
#624=ADVANCED_FACE('',(#26),#594,.F.);
#625=ADVANCED_FACE('',(#27),#595,.F.);
#626=ADVANCED_FACE('',(#28),#596,.F.);
#627=ADVANCED_FACE('',(#29),#597,.F.);
#628=ADVANCED_FACE('',(#30),#598,.F.);
#629=ADVANCED_FACE('',(#31),#599,.F.);
#630=ADVANCED_FACE('',(#32),#600,.F.);
#631=ADVANCED_FACE('',(#33),#601,.F.);
#632=ADVANCED_FACE('',(#34),#602,.F.);
#633=ADVANCED_FACE('',(#35),#21,.F.);
#634=ADVANCED_FACE('',(#36),#603,.F.);
#635=ADVANCED_FACE('',(#37),#604,.F.);
#636=ADVANCED_FACE('',(#38),#605,.F.);
#637=ADVANCED_FACE('',(#39,#15),#606,.T.);
#638=ADVANCED_FACE('',(#40),#607,.T.);
#639=ADVANCED_FACE('',(#41),#608,.T.);
#640=ADVANCED_FACE('',(#42),#609,.T.);
#641=ADVANCED_FACE('',(#43),#610,.T.);
#642=ADVANCED_FACE('',(#44),#611,.T.);
#643=ADVANCED_FACE('',(#45),#612,.T.);
#644=ADVANCED_FACE('',(#46),#613,.T.);
#645=ADVANCED_FACE('',(#47,#16),#614,.T.);
#646=ADVANCED_FACE('',(#48),#615,.T.);
#647=ADVANCED_FACE('',(#49),#616,.T.);
#648=ADVANCED_FACE('',(#50),#22,.T.);
#649=ADVANCED_FACE('',(#51),#617,.T.);
#650=ADVANCED_FACE('',(#52),#618,.T.);
#651=ADVANCED_FACE('',(#53),#619,.T.);
#652=ADVANCED_FACE('',(#54),#620,.F.);
#653=CLOSED_SHELL('',(#621,#622,#623,#624,#625,#626,#627,#628,#629,#630,
#631,#632,#633,#634,#635,#636,#637,#638,#639,#640,#641,#642,#643,#644,#645,
#646,#647,#648,#649,#650,#651,#652));
#654=AXIS2_PLACEMENT_3D('',#833,#685,#686);
#655=AXIS2_PLACEMENT_3D('',#834,#687,#688);
#656=AXIS2_PLACEMENT_3D('',#843,#693,#694);
#657=AXIS2_PLACEMENT_3D('',#849,#698,#699);
#658=AXIS2_PLACEMENT_3D('',#855,#703,#704);
#659=AXIS2_PLACEMENT_3D('',#858,#707,#708);
#660=AXIS2_PLACEMENT_3D('',#867,#713,#714);
#661=AXIS2_PLACEMENT_3D('',#873,#718,#719);
#662=AXIS2_PLACEMENT_3D('',#879,#723,#724);
#663=AXIS2_PLACEMENT_3D('',#885,#728,#729);
#664=AXIS2_PLACEMENT_3D('',#891,#733,#734);
#665=AXIS2_PLACEMENT_3D('',#897,#738,#739);
#666=AXIS2_PLACEMENT_3D('',#906,#744,#745);
#667=AXIS2_PLACEMENT_3D('',#1747,#750,#751);
#668=AXIS2_PLACEMENT_3D('',#1753,#755,#756);
#669=AXIS2_PLACEMENT_3D('',#1759,#760,#761);
#670=AXIS2_PLACEMENT_3D('',#1762,#764,#765);
#671=AXIS2_PLACEMENT_3D('',#1768,#769,#770);
#672=AXIS2_PLACEMENT_3D('',#2505,#783,#784);
#673=AXIS2_PLACEMENT_3D('',#2509,#787,#788);
#674=AXIS2_PLACEMENT_3D('',#2513,#791,#792);
#675=AXIS2_PLACEMENT_3D('',#2517,#795,#796);
#676=AXIS2_PLACEMENT_3D('',#2521,#799,#800);
#677=AXIS2_PLACEMENT_3D('',#2525,#803,#804);
#678=AXIS2_PLACEMENT_3D('',#2529,#807,#808);
#679=AXIS2_PLACEMENT_3D('',#2533,#811,#812);
#680=AXIS2_PLACEMENT_3D('',#2537,#815,#816);
#681=AXIS2_PLACEMENT_3D('',#2663,#820,#821);
#682=AXIS2_PLACEMENT_3D('',#2667,#824,#825);
#683=AXIS2_PLACEMENT_3D('',#2671,#828,#829);
#684=AXIS2_PLACEMENT_3D('',#2673,#831,#832);
#685=DIRECTION('axis',(0.,0.,1.));
#686=DIRECTION('refdir',(1.,0.,0.));
#687=DIRECTION('center_axis',(-1.,0.,0.));
#688=DIRECTION('ref_axis',(0.,0.,-1.));
#689=DIRECTION('',(0.,0.,1.));
#690=DIRECTION('',(0.,-1.,0.));
#691=DIRECTION('',(0.,0.,-1.));
#692=DIRECTION('',(0.,-1.,0.));
#693=DIRECTION('center_axis',(0.,0.,1.));
#694=DIRECTION('ref_axis',(-1.,0.,0.));
#695=DIRECTION('',(1.,0.,0.));
#696=DIRECTION('',(-1.,0.,0.));
#697=DIRECTION('',(0.,-1.,0.));
#698=DIRECTION('center_axis',(1.,0.,0.));
#699=DIRECTION('ref_axis',(0.,0.,1.));
#700=DIRECTION('',(0.,0.,-1.));
#701=DIRECTION('',(0.,0.,1.));
#702=DIRECTION('',(0.,-1.,0.));
#703=DIRECTION('center_axis',(0.,0.,-1.));
#704=DIRECTION('ref_axis',(1.,0.,0.));
#705=DIRECTION('',(-1.,0.,0.));
#706=DIRECTION('',(1.,0.,0.));
#707=DIRECTION('center_axis',(1.,0.,0.));
#708=DIRECTION('ref_axis',(0.,-1.,0.));
#709=DIRECTION('',(0.,-1.,0.));
#710=DIRECTION('',(0.,0.,1.));
#711=DIRECTION('',(0.,-1.,0.));
#712=DIRECTION('',(0.,0.,-1.));
#713=DIRECTION('center_axis',(0.,1.,0.));
#714=DIRECTION('ref_axis',(1.,0.,0.));
#715=DIRECTION('',(1.,0.,0.));
#716=DIRECTION('',(1.,0.,0.));
#717=DIRECTION('',(0.,0.,-1.));
#718=DIRECTION('center_axis',(1.,0.,0.));
#719=DIRECTION('ref_axis',(0.,-1.,0.));
#720=DIRECTION('',(0.,-1.,0.));
#721=DIRECTION('',(0.,-1.,0.));
#722=DIRECTION('',(0.,0.,-1.));
#723=DIRECTION('center_axis',(0.,1.,0.));
#724=DIRECTION('ref_axis',(1.,0.,0.));
#725=DIRECTION('',(1.,0.,0.));
#726=DIRECTION('',(1.,0.,0.));
#727=DIRECTION('',(0.,0.,-1.));
#728=DIRECTION('center_axis',(1.,0.,0.));
#729=DIRECTION('ref_axis',(0.,-1.,0.));
#730=DIRECTION('',(0.,-1.,0.));
#731=DIRECTION('',(0.,-1.,0.));
#732=DIRECTION('',(0.,0.,-1.));
#733=DIRECTION('center_axis',(0.,1.,0.));
#734=DIRECTION('ref_axis',(1.,0.,0.));
#735=DIRECTION('',(1.,0.,0.));
#736=DIRECTION('',(1.,0.,0.));
#737=DIRECTION('',(0.,0.,-1.));
#738=DIRECTION('center_axis',(1.,0.,0.));
#739=DIRECTION('ref_axis',(0.,-1.,0.));
#740=DIRECTION('',(0.,-1.,0.));
#741=DIRECTION('',(0.,0.,-1.));
#742=DIRECTION('',(0.,-1.,0.));
#743=DIRECTION('',(0.,0.,-1.));
#744=DIRECTION('center_axis',(0.,-1.,0.));
#745=DIRECTION('ref_axis',(-1.,0.,0.));
#746=DIRECTION('',(-1.,0.,0.));
#747=DIRECTION('',(0.,0.,-1.));
#748=DIRECTION('',(-1.,0.,0.));
#749=DIRECTION('',(0.,0.,-1.));
#750=DIRECTION('center_axis',(1.,0.,0.));
#751=DIRECTION('ref_axis',(0.,-1.,0.));
#752=DIRECTION('',(0.,-1.,0.));
#753=DIRECTION('',(0.,0.,-1.));
#754=DIRECTION('',(0.,-1.,0.));
#755=DIRECTION('center_axis',(0.,1.,0.));
#756=DIRECTION('ref_axis',(1.,0.,0.));
#757=DIRECTION('',(1.,0.,0.));
#758=DIRECTION('',(0.,0.,-1.));
#759=DIRECTION('',(1.,0.,0.));
#760=DIRECTION('center_axis',(1.,0.,0.));
#761=DIRECTION('ref_axis',(0.,-1.,0.));
#762=DIRECTION('',(0.,-1.,0.));
#763=DIRECTION('',(0.,-1.,0.));
#764=DIRECTION('center_axis',(0.,-1.,0.));
#765=DIRECTION('ref_axis',(-1.,0.,0.));
#766=DIRECTION('',(-1.,0.,0.));
#767=DIRECTION('',(0.,0.,-1.));
#768=DIRECTION('',(-1.,0.,0.));
#769=DIRECTION('center_axis',(0.,0.,1.));
#770=DIRECTION('ref_axis',(-1.,0.,0.));
#771=DIRECTION('',(-1.,0.,0.));
#772=DIRECTION('',(0.,-1.,0.));
#773=DIRECTION('',(-1.,0.,0.));
#774=DIRECTION('',(0.,-1.,0.));
#775=DIRECTION('',(-1.,0.,0.));
#776=DIRECTION('',(0.,-1.,0.));
#777=DIRECTION('',(-1.,0.,0.));
#778=DIRECTION('',(0.,-1.,0.));
#779=DIRECTION('',(1.,0.,0.));
#780=DIRECTION('',(0.,-1.,0.));
#781=DIRECTION('',(-1.,0.,0.));
#782=DIRECTION('',(0.,-1.,0.));
#783=DIRECTION('center_axis',(1.,0.,0.));
#784=DIRECTION('ref_axis',(0.,-1.,0.));
#785=DIRECTION('',(0.,0.,-1.));
#786=DIRECTION('',(0.,-1.,0.));
#787=DIRECTION('center_axis',(0.,-1.,0.));
#788=DIRECTION('ref_axis',(-1.,0.,0.));
#789=DIRECTION('',(0.,0.,-1.));
#790=DIRECTION('',(-1.,0.,0.));
#791=DIRECTION('center_axis',(1.,0.,0.));
#792=DIRECTION('ref_axis',(0.,-1.,0.));
#793=DIRECTION('',(0.,0.,-1.));
#794=DIRECTION('',(0.,-1.,0.));
#795=DIRECTION('center_axis',(0.,-1.,0.));
#796=DIRECTION('ref_axis',(-1.,0.,0.));
#797=DIRECTION('',(0.,0.,-1.));
#798=DIRECTION('',(-1.,0.,0.));
#799=DIRECTION('center_axis',(1.,0.,0.));
#800=DIRECTION('ref_axis',(0.,-1.,0.));
#801=DIRECTION('',(0.,0.,-1.));
#802=DIRECTION('',(0.,-1.,0.));
#803=DIRECTION('center_axis',(0.,-1.,0.));
#804=DIRECTION('ref_axis',(-1.,0.,0.));
#805=DIRECTION('',(0.,0.,-1.));
#806=DIRECTION('',(-1.,0.,0.));
#807=DIRECTION('center_axis',(0.,1.,0.));
#808=DIRECTION('ref_axis',(1.,0.,0.));
#809=DIRECTION('',(1.,0.,0.));
#810=DIRECTION('',(0.,0.,-1.));
#811=DIRECTION('center_axis',(1.,0.,0.));
#812=DIRECTION('ref_axis',(0.,-1.,0.));
#813=DIRECTION('',(0.,-1.,0.));
#814=DIRECTION('',(0.,0.,-1.));
#815=DIRECTION('center_axis',(0.,1.,0.));
#816=DIRECTION('ref_axis',(1.,0.,0.));
#817=DIRECTION('',(1.,0.,0.));
#818=DIRECTION('',(0.,0.,-1.));
#819=DIRECTION('',(0.,0.,-1.));
#820=DIRECTION('center_axis',(1.,0.,0.));
#821=DIRECTION('ref_axis',(0.,-1.,0.));
#822=DIRECTION('',(0.,-1.,0.));
#823=DIRECTION('',(0.,0.,-1.));
#824=DIRECTION('center_axis',(0.,-1.,0.));
#825=DIRECTION('ref_axis',(-1.,0.,0.));
#826=DIRECTION('',(-1.,0.,0.));
#827=DIRECTION('',(0.,0.,-1.));
#828=DIRECTION('center_axis',(1.,0.,0.));
#829=DIRECTION('ref_axis',(0.,-1.,0.));
#830=DIRECTION('',(0.,-1.,0.));
#831=DIRECTION('center_axis',(0.,0.,1.));
#832=DIRECTION('ref_axis',(-1.,0.,0.));
#833=CARTESIAN_POINT('',(0.,0.,0.));
#834=CARTESIAN_POINT('Origin',(163.000002428889,-65.,6.45651439161501));
#835=CARTESIAN_POINT('',(163.000002428889,-70.,1.00000001490116));
#836=CARTESIAN_POINT('',(163.000002428889,-70.,6.45651439161501));
#837=CARTESIAN_POINT('',(163.000002428889,-70.,9.98325719580751));
#838=CARTESIAN_POINT('',(163.000002428889,-65.,1.00000001490116));
#839=CARTESIAN_POINT('',(163.000002428889,-65.,1.00000001490116));
#840=CARTESIAN_POINT('',(163.000002428889,-65.,6.45651439161501));
#841=CARTESIAN_POINT('',(163.000002428889,-65.,9.98325719580751));
#842=CARTESIAN_POINT('',(163.000002428889,-65.,6.45651439161501));
#843=CARTESIAN_POINT('Origin',(173.988610944088,-65.,6.45651439161501));
#844=CARTESIAN_POINT('',(173.988610944088,-70.,6.45651439161501));
#845=CARTESIAN_POINT('',(189.494305472044,-70.,6.45651439161501));
#846=CARTESIAN_POINT('',(173.988610944088,-65.,6.45651439161501));
#847=CARTESIAN_POINT('',(134.494305472044,-65.,6.45651439161501));
#848=CARTESIAN_POINT('',(173.988610944088,-65.,6.45651439161501));
#849=CARTESIAN_POINT('Origin',(173.988610944088,-65.,1.00000001490116));
#850=CARTESIAN_POINT('',(173.988610944088,-70.,1.00000001490116));
#851=CARTESIAN_POINT('',(173.988610944088,-70.,7.25500000745058));
#852=CARTESIAN_POINT('',(173.988610944088,-65.,1.00000001490116));
#853=CARTESIAN_POINT('',(173.988610944088,-65.,7.25500000745058));
#854=CARTESIAN_POINT('',(173.988610944088,-65.,1.00000001490116));
#855=CARTESIAN_POINT('Origin',(163.000002428889,-65.,1.00000001490116));
#856=CARTESIAN_POINT('',(184.000001214445,-70.,1.00000001490116));
#857=CARTESIAN_POINT('',(129.000001214445,-65.,1.00000001490116));
#858=CARTESIAN_POINT('Origin',(200.,-70.,13.51));
#859=CARTESIAN_POINT('',(200.,-70.,9.51));
#860=CARTESIAN_POINT('',(200.,-74.6025471822427,9.51));
#861=CARTESIAN_POINT('',(200.,-96.2441340419749,9.51));
#862=CARTESIAN_POINT('',(200.,-70.,-6.49));
#863=CARTESIAN_POINT('',(200.,-70.,13.51));
#864=CARTESIAN_POINT('',(200.,-74.6025471822427,-6.49));
#865=CARTESIAN_POINT('',(200.,-74.6025471822427,-6.49));
#866=CARTESIAN_POINT('',(200.,-74.6025471822427,13.51));
#867=CARTESIAN_POINT('Origin',(200.,-74.6025471822427,13.51));
#868=CARTESIAN_POINT('',(219.704130168832,-74.6025471822427,9.51));
#869=CARTESIAN_POINT('',(193.801261381326,-74.6025471822427,9.51));
#870=CARTESIAN_POINT('',(219.704130168832,-74.6025471822427,-6.49));
#871=CARTESIAN_POINT('',(219.704130168832,-74.6025471822427,-6.49));
#872=CARTESIAN_POINT('',(219.704130168832,-74.6025471822427,13.51));
#873=CARTESIAN_POINT('Origin',(219.704130168832,-74.6025471822427,13.51));
#874=CARTESIAN_POINT('',(219.704130168832,-81.25,9.51));
#875=CARTESIAN_POINT('',(219.704130168832,-98.5454076330963,9.51));
#876=CARTESIAN_POINT('',(219.704130168832,-81.25,-6.49));
#877=CARTESIAN_POINT('',(219.704130168832,-81.25,-6.49));
#878=CARTESIAN_POINT('',(219.704130168832,-81.25,13.51));
#879=CARTESIAN_POINT('Origin',(219.704130168832,-81.25,13.51));
#880=CARTESIAN_POINT('',(227.5,-81.25,9.51));
#881=CARTESIAN_POINT('',(203.653326465742,-81.25,9.51));
#882=CARTESIAN_POINT('',(227.5,-81.25,-6.49));
#883=CARTESIAN_POINT('',(227.5,-81.25,-6.49));
#884=CARTESIAN_POINT('',(227.5,-81.25,13.51));
#885=CARTESIAN_POINT('Origin',(227.5,-81.25,13.51));
#886=CARTESIAN_POINT('',(227.5,-89.7766245759779,9.51));
#887=CARTESIAN_POINT('',(227.5,-101.869134041975,9.51));
#888=CARTESIAN_POINT('',(227.5,-89.7766245759779,-6.49));
#889=CARTESIAN_POINT('',(227.5,-89.7766245759779,-6.49));
#890=CARTESIAN_POINT('',(227.5,-89.7766245759779,13.51));
#891=CARTESIAN_POINT('Origin',(227.5,-89.7766245759779,13.51));
#892=CARTESIAN_POINT('',(230.,-89.7766245759779,9.51));
#893=CARTESIAN_POINT('',(207.551261381326,-89.7766245759779,9.51));
#894=CARTESIAN_POINT('',(230.,-89.7766245759779,-6.49));
#895=CARTESIAN_POINT('',(230.,-89.7766245759779,-6.49));
#896=CARTESIAN_POINT('',(230.,-89.7766245759779,13.51));
#897=CARTESIAN_POINT('Origin',(215.,-60.,13.51));
#898=CARTESIAN_POINT('',(215.,-60.,9.51));
#899=CARTESIAN_POINT('',(215.,-65.,9.51));
#900=CARTESIAN_POINT('',(215.,-91.2441340419749,9.51));
#901=CARTESIAN_POINT('',(215.,-60.,-6.49));
#902=CARTESIAN_POINT('',(215.,-60.,13.51));
#903=CARTESIAN_POINT('',(215.,-65.,-6.49));
#904=CARTESIAN_POINT('',(215.,-60.,-6.49));
#905=CARTESIAN_POINT('',(215.,-65.,13.51));
#906=CARTESIAN_POINT('Origin',(245.,-60.,13.51));
#907=CARTESIAN_POINT('',(245.,-60.,9.51));
#908=CARTESIAN_POINT('',(216.301261381326,-60.,9.51));
#909=CARTESIAN_POINT('',(245.,-60.,-6.49));
#910=CARTESIAN_POINT('',(245.,-60.,13.51));
#911=CARTESIAN_POINT('',(245.,-60.,-6.49));
#912=CARTESIAN_POINT('Ctrl Pts',(235.,-117.5,13.51));
#913=CARTESIAN_POINT('Ctrl Pts',(235.,-117.5,-6.49));
#914=CARTESIAN_POINT('Ctrl Pts',(235.,-118.395079980053,13.51));
#915=CARTESIAN_POINT('Ctrl Pts',(235.,-118.395079980053,-6.49));
#916=CARTESIAN_POINT('Ctrl Pts',(235.338239497556,-119.813821018205,13.51));
#917=CARTESIAN_POINT('Ctrl Pts',(235.338239497556,-119.813821018205,-6.49));
#918=CARTESIAN_POINT('Ctrl Pts',(236.860758421607,-120.826852261531,13.51));
#919=CARTESIAN_POINT('Ctrl Pts',(236.860758421607,-120.826852261531,-6.49));
#920=CARTESIAN_POINT('Ctrl Pts',(240.442842022405,-120.683978495669,13.51));
#921=CARTESIAN_POINT('Ctrl Pts',(240.442842022405,-120.683978495669,-6.49));
#922=CARTESIAN_POINT('Ctrl Pts',(245.247537525986,-121.279660175967,13.51));
#923=CARTESIAN_POINT('Ctrl Pts',(245.247537525986,-121.279660175967,-6.49));
#924=CARTESIAN_POINT('Ctrl Pts',(248.265360008075,-125.290924293477,13.51));
#925=CARTESIAN_POINT('Ctrl Pts',(248.265360008075,-125.290924293477,-6.49));
#926=CARTESIAN_POINT('Ctrl Pts',(248.977734991016,-132.242544192028,13.51));
#927=CARTESIAN_POINT('Ctrl Pts',(248.977734991016,-132.242544192028,-6.49));
#928=CARTESIAN_POINT('Ctrl Pts',(248.089509810514,-139.532639652756,13.51));
#929=CARTESIAN_POINT('Ctrl Pts',(248.089509810514,-139.532639652756,-6.49));
#930=CARTESIAN_POINT('Ctrl Pts',(246.44403023709,-144.876334758569,13.51));
#931=CARTESIAN_POINT('Ctrl Pts',(246.44403023709,-144.876334758569,-6.49));
#932=CARTESIAN_POINT('Ctrl Pts',(244.720421123975,-147.064334817757,13.51));
#933=CARTESIAN_POINT('Ctrl Pts',(244.720421123975,-147.064334817757,-6.49));
#934=CARTESIAN_POINT('Ctrl Pts',(241.531482265451,-150.244819776408,13.51));
#935=CARTESIAN_POINT('Ctrl Pts',(241.531482265451,-150.244819776408,-6.49));
#936=CARTESIAN_POINT('Ctrl Pts',(236.968719541743,-156.195965452384,13.51));
#937=CARTESIAN_POINT('Ctrl Pts',(236.968719541743,-156.195965452384,-6.49));
#938=CARTESIAN_POINT('Ctrl Pts',(232.579921820824,-163.744348593537,13.51));
#939=CARTESIAN_POINT('Ctrl Pts',(232.579921820824,-163.744348593537,-6.49));
#940=CARTESIAN_POINT('Ctrl Pts',(230.040585726195,-171.161033077617,13.51));
#941=CARTESIAN_POINT('Ctrl Pts',(230.040585726195,-171.161033077617,-6.49));
#942=CARTESIAN_POINT('Ctrl Pts',(230.716547040103,-176.496700624437,13.51));
#943=CARTESIAN_POINT('Ctrl Pts',(230.716547040103,-176.496700624437,-6.49));
#944=CARTESIAN_POINT('Ctrl Pts',(234.085406336029,-180.60349486055,13.51));
#945=CARTESIAN_POINT('Ctrl Pts',(234.085406336029,-180.60349486055,-6.49));
#946=CARTESIAN_POINT('Ctrl Pts',(238.684481102716,-184.158644412772,13.51));
#947=CARTESIAN_POINT('Ctrl Pts',(238.684481102716,-184.158644412772,-6.49));
#948=CARTESIAN_POINT('Ctrl Pts',(244.013656263863,-184.9765361679,13.51));
#949=CARTESIAN_POINT('Ctrl Pts',(244.013656263863,-184.9765361679,-6.49));
#950=CARTESIAN_POINT('Ctrl Pts',(249.615818778347,-181.244713850693,13.51));
#951=CARTESIAN_POINT('Ctrl Pts',(249.615818778347,-181.244713850693,-6.49));
#952=CARTESIAN_POINT('Ctrl Pts',(255.082485174393,-174.105325959007,13.51));
#953=CARTESIAN_POINT('Ctrl Pts',(255.082485174393,-174.105325959007,-6.49));
#954=CARTESIAN_POINT('Ctrl Pts',(259.91678832213,-166.723741848454,13.51));
#955=CARTESIAN_POINT('Ctrl Pts',(259.91678832213,-166.723741848454,-6.49));
#956=CARTESIAN_POINT('Ctrl Pts',(263.886629347589,-159.612447178669,13.51));
#957=CARTESIAN_POINT('Ctrl Pts',(263.886629347589,-159.612447178669,-6.49));
#958=CARTESIAN_POINT('Ctrl Pts',(266.863314040885,-152.808103031453,13.51));
#959=CARTESIAN_POINT('Ctrl Pts',(266.863314040885,-152.808103031453,-6.49));
#960=CARTESIAN_POINT('Ctrl Pts',(268.846843985677,-145.585127291127,13.51));
#961=CARTESIAN_POINT('Ctrl Pts',(268.846843985677,-145.585127291127,-6.49));
#962=CARTESIAN_POINT('Ctrl Pts',(269.916105165586,-137.28275579926,13.51));
#963=CARTESIAN_POINT('Ctrl Pts',(269.916105165586,-137.28275579926,-6.49));
#964=CARTESIAN_POINT('Ctrl Pts',(270.205045525303,-127.468172575008,13.51));
#965=CARTESIAN_POINT('Ctrl Pts',(270.205045525303,-127.468172575008,-6.49));
#966=CARTESIAN_POINT('Ctrl Pts',(269.884500710517,-116.821607211596,13.51));
#967=CARTESIAN_POINT('Ctrl Pts',(269.884500710517,-116.821607211596,-6.49));
#968=CARTESIAN_POINT('Ctrl Pts',(269.097972725906,-106.548449468765,13.51));
#969=CARTESIAN_POINT('Ctrl Pts',(269.097972725906,-106.548449468765,-6.49));
#970=CARTESIAN_POINT('Ctrl Pts',(267.922904543683,-97.1565728409377,13.51));
#971=CARTESIAN_POINT('Ctrl Pts',(267.922904543683,-97.1565728409377,-6.49));
#972=CARTESIAN_POINT('Ctrl Pts',(266.398876855231,-88.9754602527842,13.51));
#973=CARTESIAN_POINT('Ctrl Pts',(266.398876855231,-88.9754602527842,-6.49));
#974=CARTESIAN_POINT('Ctrl Pts',(264.531456564508,-82.0488927421368,13.51));
#975=CARTESIAN_POINT('Ctrl Pts',(264.531456564508,-82.0488927421368,-6.49));
#976=CARTESIAN_POINT('Ctrl Pts',(262.306204802646,-76.290624616578,13.51));
#977=CARTESIAN_POINT('Ctrl Pts',(262.306204802646,-76.290624616578,-6.49));
#978=CARTESIAN_POINT('Ctrl Pts',(259.698142896778,-71.5253788406316,13.51));
#979=CARTESIAN_POINT('Ctrl Pts',(259.698142896778,-71.5253788406316,-6.49));
#980=CARTESIAN_POINT('Ctrl Pts',(256.683328153994,-67.5797131894534,13.51));
#981=CARTESIAN_POINT('Ctrl Pts',(256.683328153994,-67.5797131894534,-6.49));
#982=CARTESIAN_POINT('Ctrl Pts',(253.249020293798,-64.3477090000964,13.51));
#983=CARTESIAN_POINT('Ctrl Pts',(253.249020293798,-64.3477090000964,-6.49));
#984=CARTESIAN_POINT('Ctrl Pts',(250.16189963026,-62.2892582142404,13.51));
#985=CARTESIAN_POINT('Ctrl Pts',(250.16189963026,-62.2892582142404,-6.49));
#986=CARTESIAN_POINT('Ctrl Pts',(247.655249805967,-61.0329562111821,13.51));
#987=CARTESIAN_POINT('Ctrl Pts',(247.655249805967,-61.0329562111821,-6.49));
#988=CARTESIAN_POINT('Ctrl Pts',(245.899235619191,-60.3230477774019,13.51));
#989=CARTESIAN_POINT('Ctrl Pts',(245.899235619191,-60.3230477774019,-6.49));
#990=CARTESIAN_POINT('Ctrl Pts',(245.,-60.,13.51));
#991=CARTESIAN_POINT('Ctrl Pts',(245.,-60.,-6.49));
#992=CARTESIAN_POINT('',(235.,-117.5,9.51));
#993=CARTESIAN_POINT('Ctrl Pts',(235.,-117.5,9.51));
#994=CARTESIAN_POINT('Ctrl Pts',(235.,-117.638339405318,9.51));
#995=CARTESIAN_POINT('Ctrl Pts',(235.004850203066,-117.771351767716,9.51));
#996=CARTESIAN_POINT('Ctrl Pts',(235.014536633739,-117.899058399702,9.51));
#997=CARTESIAN_POINT('Ctrl Pts',(235.024368082054,-118.028676955197,9.51));
#998=CARTESIAN_POINT('Ctrl Pts',(235.039181615753,-118.152829796088,9.51));
#999=CARTESIAN_POINT('Ctrl Pts',(235.058933076196,-118.271584482905,9.51));
#1000=CARTESIAN_POINT('Ctrl Pts',(235.079003933628,-118.392259528443,9.51));
#1001=CARTESIAN_POINT('Ctrl Pts',(235.104173672423,-118.507360500952,9.51));
#1002=CARTESIAN_POINT('Ctrl Pts',(235.134366211963,-118.617003573546,9.51));
#1003=CARTESIAN_POINT('Ctrl Pts',(235.165089480422,-118.728573968265,9.51));
#1004=CARTESIAN_POINT('Ctrl Pts',(235.201013644692,-118.834492981968,9.51));
#1005=CARTESIAN_POINT('Ctrl Pts',(235.242028566233,-118.934928309307,9.51));
#1006=CARTESIAN_POINT('Ctrl Pts',(235.28383310945,-119.037297223459,9.51));
#1007=CARTESIAN_POINT('Ctrl Pts',(235.330926268513,-119.133969367907,9.51));
#1008=CARTESIAN_POINT('Ctrl Pts',(235.383161176068,-119.22516760178,9.51));
#1009=CARTESIAN_POINT('Ctrl Pts',(235.436507420618,-119.318306146757,9.51));
#1010=CARTESIAN_POINT('Ctrl Pts',(235.495216482847,-119.405735484621,9.51));
#1011=CARTESIAN_POINT('Ctrl Pts',(235.559101355478,-119.487738298526,9.51));
#1012=CARTESIAN_POINT('Ctrl Pts',(235.624504830205,-119.571690394631,9.51));
#1013=CARTESIAN_POINT('Ctrl Pts',(235.695333055233,-119.649955031508,9.51));
#1014=CARTESIAN_POINT('Ctrl Pts',(235.77135441439,-119.722880830094,9.51));
#1015=CARTESIAN_POINT('Ctrl Pts',(235.849422475631,-119.79776998984,9.51));
#1016=CARTESIAN_POINT('Ctrl Pts',(235.932967003554,-119.867029104842,9.51));
#1017=CARTESIAN_POINT('Ctrl Pts',(236.021705731619,-119.931081011264,9.51));
#1018=CARTESIAN_POINT('Ctrl Pts',(236.11319776834,-119.99712026495,9.51));
#1019=CARTESIAN_POINT('Ctrl Pts',(236.210211262099,-120.057624326607,9.51));
#1020=CARTESIAN_POINT('Ctrl Pts',(236.312404799197,-120.113101906458,9.51));
#1021=CARTESIAN_POINT('Ctrl Pts',(236.418330402828,-120.170605505029,9.51));
#1022=CARTESIAN_POINT('Ctrl Pts',(236.529821228517,-120.222708980557,9.51));
#1023=CARTESIAN_POINT('Ctrl Pts',(236.64646421754,-120.270024082651,9.51));
#1024=CARTESIAN_POINT('Ctrl Pts',(236.76790247589,-120.31928433944,9.51));
#1025=CARTESIAN_POINT('Ctrl Pts',(236.894925138354,-120.363354647642,9.51));
#1026=CARTESIAN_POINT('Ctrl Pts',(237.027032362197,-120.402970222177,9.51));
#1027=CARTESIAN_POINT('Ctrl Pts',(237.165672593438,-120.444544878389,9.51));
#1028=CARTESIAN_POINT('Ctrl Pts',(237.309912610432,-120.481213591374,9.51));
#1029=CARTESIAN_POINT('Ctrl Pts',(237.459139598252,-120.513870794669,9.51));
#1030=CARTESIAN_POINT('Ctrl Pts',(237.624675703698,-120.550097125623,9.51));
#1031=CARTESIAN_POINT('Ctrl Pts',(237.796348533222,-120.581387328765,9.51));
#1032=CARTESIAN_POINT('Ctrl Pts',(237.973278650051,-120.609013296814,9.51));
#1033=CARTESIAN_POINT('Ctrl Pts',(238.17133158752,-120.639937393969,9.51));
#1034=CARTESIAN_POINT('Ctrl Pts',(238.375971950834,-120.666270848647,9.51));
#1035=CARTESIAN_POINT('Ctrl Pts',(238.585914170091,-120.689851873552,9.51));
#1036=CARTESIAN_POINT('Ctrl Pts',(238.829466241065,-120.717208007405,9.51));
#1037=CARTESIAN_POINT('Ctrl Pts',(239.080153041753,-120.740862230586,9.51));
#1038=CARTESIAN_POINT('Ctrl Pts',(239.335905068137,-120.763729816503,9.51));
#1039=CARTESIAN_POINT('Ctrl Pts',(239.585623320347,-120.786057903863,9.51));
#1040=CARTESIAN_POINT('Ctrl Pts',(239.840168217969,-120.807639848503,9.51));
#1041=CARTESIAN_POINT('Ctrl Pts',(240.097584220172,-120.831179183554,9.51));
#1042=CARTESIAN_POINT('Ctrl Pts',(240.3089056319,-120.850503411541,9.51));
#1043=CARTESIAN_POINT('Ctrl Pts',(240.522160901028,-120.87114752323,9.51));
#1044=CARTESIAN_POINT('Ctrl Pts',(240.736269509772,-120.89457534942,9.51));
#1045=CARTESIAN_POINT('Ctrl Pts',(240.928418034195,-120.915600296802,9.51));
#1046=CARTESIAN_POINT('Ctrl Pts',(241.121253364905,-120.938867669856,9.51));
#1047=CARTESIAN_POINT('Ctrl Pts',(241.31400467519,-120.965399963958,9.51));
#1048=CARTESIAN_POINT('Ctrl Pts',(241.505780616526,-120.991797998139,9.51));
#1049=CARTESIAN_POINT('Ctrl Pts',(241.69747283848,-121.021428921521,9.51));
#1050=CARTESIAN_POINT('Ctrl Pts',(241.888340246013,-121.055251882114,9.51));
#1051=CARTESIAN_POINT('Ctrl Pts',(242.062134784021,-121.086049417882,9.51));
#1052=CARTESIAN_POINT('Ctrl Pts',(242.235245371552,-121.120322550126,9.51));
#1053=CARTESIAN_POINT('Ctrl Pts',(242.407131423427,-121.158750793278,9.51));
#1054=CARTESIAN_POINT('Ctrl Pts',(242.571404695989,-121.195477061596,9.51));
#1055=CARTESIAN_POINT('Ctrl Pts',(242.734559354956,-121.235998707073,9.51));
#1056=CARTESIAN_POINT('Ctrl Pts',(242.896143429904,-121.28086479928,9.51));
#1057=CARTESIAN_POINT('Ctrl Pts',(243.051888056238,-121.324109486407,9.51));
#1058=CARTESIAN_POINT('Ctrl Pts',(243.206173450268,-121.371390433441,9.51));
#1059=CARTESIAN_POINT('Ctrl Pts',(243.358615698582,-121.423155070007,9.51));
#1060=CARTESIAN_POINT('Ctrl Pts',(243.506402800781,-121.473338964033,9.51));
#1061=CARTESIAN_POINT('Ctrl Pts',(243.652457511821,-121.527737015913,9.51));
#1062=CARTESIAN_POINT('Ctrl Pts',(243.796451475721,-121.586712565708,9.51));
#1063=CARTESIAN_POINT('Ctrl Pts',(243.936637243904,-121.644128394317,9.51));
#1064=CARTESIAN_POINT('Ctrl Pts',(244.074869742985,-121.705882911019,9.51));
#1065=CARTESIAN_POINT('Ctrl Pts',(244.210867928651,-121.772266966894,9.51));
#1066=CARTESIAN_POINT('Ctrl Pts',(244.343693616495,-121.837102448634,9.51));
#1067=CARTESIAN_POINT('Ctrl Pts',(244.474387946035,-121.906354095604,9.51));
#1068=CARTESIAN_POINT('Ctrl Pts',(244.602711419239,-121.980248396357,9.51));
#1069=CARTESIAN_POINT('Ctrl Pts',(244.728919805084,-122.052924736768,9.51));
#1070=CARTESIAN_POINT('Ctrl Pts',(244.852834770287,-122.130092060178,9.51));
#1071=CARTESIAN_POINT('Ctrl Pts',(244.974251456532,-122.211920641357,9.51));
#1072=CARTESIAN_POINT('Ctrl Pts',(245.09628676845,-122.294166144318,9.51));
#1073=CARTESIAN_POINT('Ctrl Pts',(245.21579828029,-122.381120494897,9.51));
#1074=CARTESIAN_POINT('Ctrl Pts',(245.332602153366,-122.472909544602,9.51));
#1075=CARTESIAN_POINT('Ctrl Pts',(245.450307502071,-122.565407009099,9.51));
#1076=CARTESIAN_POINT('Ctrl Pts',(245.565263263665,-122.66281404562,9.51));
#1077=CARTESIAN_POINT('Ctrl Pts',(245.67730567807,-122.765212425009,9.51));
#1078=CARTESIAN_POINT('Ctrl Pts',(245.790246967321,-122.868432308719,9.51));
#1079=CARTESIAN_POINT('Ctrl Pts',(245.900227983809,-122.976723899968,9.51));
#1080=CARTESIAN_POINT('Ctrl Pts',(246.007105551191,-123.090124010485,9.51));
#1081=CARTESIAN_POINT('Ctrl Pts',(246.114875774669,-123.204471254273,9.51));
#1082=CARTESIAN_POINT('Ctrl Pts',(246.219490499104,-123.324012661784,9.51));
#1083=CARTESIAN_POINT('Ctrl Pts',(246.320827689965,-123.448739112442,9.51));
#1084=CARTESIAN_POINT('Ctrl Pts',(246.423047474854,-123.574551865371,9.51));
#1085=CARTESIAN_POINT('Ctrl Pts',(246.521932393817,-123.705640324557,9.51));
#1086=CARTESIAN_POINT('Ctrl Pts',(246.617382173246,-123.841948354595,9.51));
#1087=CARTESIAN_POINT('Ctrl Pts',(246.713700382048,-123.979496554049,9.51));
#1088=CARTESIAN_POINT('Ctrl Pts',(246.806520666716,-124.122359684031,9.51));
#1089=CARTESIAN_POINT('Ctrl Pts',(246.89576520441,-124.270433384888,9.51));
#1090=CARTESIAN_POINT('Ctrl Pts',(246.985859604072,-124.419917168761,9.51));
#1091=CARTESIAN_POINT('Ctrl Pts',(247.07230983746,-124.574711181555,9.51));
#1092=CARTESIAN_POINT('Ctrl Pts',(247.155061304838,-124.734661481755,9.51));
#1093=CARTESIAN_POINT('Ctrl Pts',(247.238639314187,-124.896209404823,9.51));
#1094=CARTESIAN_POINT('Ctrl Pts',(247.318444307687,-125.063017077835,9.51));
#1095=CARTESIAN_POINT('Ctrl Pts',(247.394445777899,-125.234879445563,9.51));
#1096=CARTESIAN_POINT('Ctrl Pts',(247.471245306801,-125.40854646596,9.51));
#1097=CARTESIAN_POINT('Ctrl Pts',(247.544161022208,-125.587374832984,9.51));
#1098=CARTESIAN_POINT('Ctrl Pts',(247.61318749275,-125.771106639502,9.51));
#1099=CARTESIAN_POINT('Ctrl Pts',(247.683220824629,-125.957518467918,9.51));
#1100=CARTESIAN_POINT('Ctrl Pts',(247.749250624867,-126.14897776973,9.51));
#1101=CARTESIAN_POINT('Ctrl Pts',(247.811297885875,-126.345168518272,9.51));
#1102=CARTESIAN_POINT('Ctrl Pts',(247.875260176175,-126.547414506388,9.51));
#1103=CARTESIAN_POINT('Ctrl Pts',(247.934990342985,-126.75468833599,9.51));
#1104=CARTESIAN_POINT('Ctrl Pts',(247.990539241111,-126.96659623258,9.51));
#1105=CARTESIAN_POINT('Ctrl Pts',(248.048170842223,-127.186449223028,9.51));
#1106=CARTESIAN_POINT('Ctrl Pts',(248.101301807274,-127.41129007206,9.51));
#1107=CARTESIAN_POINT('Ctrl Pts',(248.150017780675,-127.640631573215,9.51));
#1108=CARTESIAN_POINT('Ctrl Pts',(248.202366361896,-127.887074400126,9.51));
#1109=CARTESIAN_POINT('Ctrl Pts',(248.249616894718,-128.138714024393,9.51));
#1110=CARTESIAN_POINT('Ctrl Pts',(248.29190888528,-128.394894029272,9.51));
#1111=CARTESIAN_POINT('Ctrl Pts',(248.337085030614,-128.668544547448,9.51));
#1112=CARTESIAN_POINT('Ctrl Pts',(248.376603294641,-128.947375450082,9.51));
#1113=CARTESIAN_POINT('Ctrl Pts',(248.410670766855,-129.230533202203,9.51));
#1114=CARTESIAN_POINT('Ctrl Pts',(248.448126638933,-129.541854232265,9.51));
#1115=CARTESIAN_POINT('Ctrl Pts',(248.478993506858,-129.858404979254,9.51));
#1116=CARTESIAN_POINT('Ctrl Pts',(248.503590115923,-130.178996276939,9.51));
#1117=CARTESIAN_POINT('Ctrl Pts',(248.532318579227,-130.553442010768,9.51));
#1118=CARTESIAN_POINT('Ctrl Pts',(248.552493123324,-130.933398179616,9.51));
#1119=CARTESIAN_POINT('Ctrl Pts',(248.564680438195,-131.316915750862,9.51));
#1120=CARTESIAN_POINT('Ctrl Pts',(248.57780297827,-131.72986353727,9.51));
#1121=CARTESIAN_POINT('Ctrl Pts',(248.58166692257,-132.146935588392,9.51));
#1122=CARTESIAN_POINT('Ctrl Pts',(248.577030756212,-132.56569306723,9.51));
#1123=CARTESIAN_POINT('Ctrl Pts',(248.572858891636,-132.942512912949,9.51));
#1124=CARTESIAN_POINT('Ctrl Pts',(248.561805340124,-133.320696316086,9.51));
#1125=CARTESIAN_POINT('Ctrl Pts',(248.544440313688,-133.698505516028,9.51));
#1126=CARTESIAN_POINT('Ctrl Pts',(248.528052670894,-134.055049874631,9.51));
#1127=CARTESIAN_POINT('Ctrl Pts',(248.506044430579,-134.411260617279,9.51));
#1128=CARTESIAN_POINT('Ctrl Pts',(248.47890251973,-134.76572200499,9.51));
#1129=CARTESIAN_POINT('Ctrl Pts',(248.453002009659,-135.103971245931,9.51));
#1130=CARTESIAN_POINT('Ctrl Pts',(248.422426959554,-135.440627244462,9.51));
#1131=CARTESIAN_POINT('Ctrl Pts',(248.387603103828,-135.774506032604,9.51));
#1132=CARTESIAN_POINT('Ctrl Pts',(248.354101663556,-136.095705969991,9.51));
#1133=CARTESIAN_POINT('Ctrl Pts',(248.316668178377,-136.414335423302,9.51));
#1134=CARTESIAN_POINT('Ctrl Pts',(248.275680901161,-136.729387293934,9.51));
#1135=CARTESIAN_POINT('Ctrl Pts',(248.236016543037,-137.034270444832,9.51));
#1136=CARTESIAN_POINT('Ctrl Pts',(248.193024248637,-137.335803068618,9.51));
#1137=CARTESIAN_POINT('Ctrl Pts',(248.147043572695,-137.633119977444,9.51));
#1138=CARTESIAN_POINT('Ctrl Pts',(248.102349786662,-137.922115692164,9.51));
#1139=CARTESIAN_POINT('Ctrl Pts',(248.054832675143,-138.207128229359,9.51));
#1140=CARTESIAN_POINT('Ctrl Pts',(248.004798995359,-138.487410833899,9.51));
#1141=CARTESIAN_POINT('Ctrl Pts',(247.957324933091,-138.753354771626,9.51));
#1142=CARTESIAN_POINT('Ctrl Pts',(247.907585268017,-139.015040436475,9.51));
#1143=CARTESIAN_POINT('Ctrl Pts',(247.85583613423,-139.27187351172,9.51));
#1144=CARTESIAN_POINT('Ctrl Pts',(247.808530379782,-139.506653912901,9.51));
#1145=CARTESIAN_POINT('Ctrl Pts',(247.759545718316,-139.73737894411,9.51));
#1146=CARTESIAN_POINT('Ctrl Pts',(247.709070547613,-139.963632724869,9.51));
#1147=CARTESIAN_POINT('Ctrl Pts',(247.659744540801,-140.184735405164,9.51));
#1148=CARTESIAN_POINT('Ctrl Pts',(247.608995471035,-140.4015673966,9.51));
#1149=CARTESIAN_POINT('Ctrl Pts',(247.556986942297,-140.613787279333,9.51));
#1150=CARTESIAN_POINT('Ctrl Pts',(247.508478278767,-140.811726023915,9.51));
#1151=CARTESIAN_POINT('Ctrl Pts',(247.458874095125,-141.005652386031,9.51));
#1152=CARTESIAN_POINT('Ctrl Pts',(247.408293212284,-141.195335567977,9.51));
#1153=CARTESIAN_POINT('Ctrl Pts',(247.359873007252,-141.37691600005,9.51));
#1154=CARTESIAN_POINT('Ctrl Pts',(247.310557885505,-141.554607842993,9.51));
#1155=CARTESIAN_POINT('Ctrl Pts',(247.260437019314,-141.728254867179,9.51));
#1156=CARTESIAN_POINT('Ctrl Pts',(247.212075023901,-141.895808168337,9.51));
#1157=CARTESIAN_POINT('Ctrl Pts',(247.162962939165,-142.059595404115,9.51));
#1158=CARTESIAN_POINT('Ctrl Pts',(247.11316497675,-142.219522654813,9.51));
#1159=CARTESIAN_POINT('Ctrl Pts',(247.064850524582,-142.374685579752,9.51));
#1160=CARTESIAN_POINT('Ctrl Pts',(247.015890530977,-142.526214945393,9.51));
#1161=CARTESIAN_POINT('Ctrl Pts',(246.966327125248,-142.674071555487,9.51));
#1162=CARTESIAN_POINT('Ctrl Pts',(246.918046781414,-142.818100559718,9.51));
#1163=CARTESIAN_POINT('Ctrl Pts',(246.869193930264,-142.958644387256,9.51));
#1164=CARTESIAN_POINT('Ctrl Pts',(246.819790527196,-143.095713496297,9.51));
#1165=CARTESIAN_POINT('Ctrl Pts',(246.771518082778,-143.229644775049,9.51));
#1166=CARTESIAN_POINT('Ctrl Pts',(246.722720063736,-143.360258500337,9.51));
#1167=CARTESIAN_POINT('Ctrl Pts',(246.673399588991,-143.487611205695,9.51));
#1168=CARTESIAN_POINT('Ctrl Pts',(246.625091217564,-143.612350511721,9.51));
#1169=CARTESIAN_POINT('Ctrl Pts',(246.576281665185,-143.733961170289,9.51));
#1170=CARTESIAN_POINT('Ctrl Pts',(246.526956191712,-143.852543155443,9.51));
#1171=CARTESIAN_POINT('Ctrl Pts',(246.478431440133,-143.969200147587,9.51));
#1172=CARTESIAN_POINT('Ctrl Pts',(246.429407435988,-144.082925896011,9.51));
#1173=CARTESIAN_POINT('Ctrl Pts',(246.37985206608,-144.193862891237,9.51));
#1174=CARTESIAN_POINT('Ctrl Pts',(246.329197084683,-144.307261528759,9.51));
#1175=CARTESIAN_POINT('Ctrl Pts',(246.277986848266,-144.417746344969,9.51));
#1176=CARTESIAN_POINT('Ctrl Pts',(246.226167276673,-144.525521193776,9.51));
#1177=CARTESIAN_POINT('Ctrl Pts',(246.172273460329,-144.637610076983,9.51));
#1178=CARTESIAN_POINT('Ctrl Pts',(246.117720434774,-144.746767890777,9.51));
#1179=CARTESIAN_POINT('Ctrl Pts',(246.062427672891,-144.853276804897,9.51));
#1180=CARTESIAN_POINT('Ctrl Pts',(246.004382923854,-144.965086795571,9.51));
#1181=CARTESIAN_POINT('Ctrl Pts',(245.945522817322,-145.073977886929,9.51));
#1182=CARTESIAN_POINT('Ctrl Pts',(245.88573498454,-145.180330382764,9.51));
#1183=CARTESIAN_POINT('Ctrl Pts',(245.822021325637,-145.29366626279,9.51));
#1184=CARTESIAN_POINT('Ctrl Pts',(245.757253885066,-145.404119545461,9.51));
#1185=CARTESIAN_POINT('Ctrl Pts',(245.691278266275,-145.512205961203,9.51));
#1186=CARTESIAN_POINT('Ctrl Pts',(245.618478036146,-145.63147298869,9.51));
#1187=CARTESIAN_POINT('Ctrl Pts',(245.544206378042,-145.747858617651,9.51));
#1188=CARTESIAN_POINT('Ctrl Pts',(245.468238698024,-145.862115542214,9.51));
#1189=CARTESIAN_POINT('Ctrl Pts',(245.375299801276,-146.001897519394,9.51));
#1190=CARTESIAN_POINT('Ctrl Pts',(245.279821339433,-146.138494419304,9.51));
#1191=CARTESIAN_POINT('Ctrl Pts',(245.181378825352,-146.273361167263,9.51));
#1192=CARTESIAN_POINT('Ctrl Pts',(245.080564630323,-146.411477130255,9.51));
#1193=CARTESIAN_POINT('Ctrl Pts',(244.976639583347,-146.547783271521,9.51));
#1194=CARTESIAN_POINT('Ctrl Pts',(244.869163335417,-146.683865512352,9.51));
#1195=CARTESIAN_POINT('Ctrl Pts',(244.783650120535,-146.79213901581,9.51));
#1196=CARTESIAN_POINT('Ctrl Pts',(244.695888677474,-146.90027216566,9.51));
#1197=CARTESIAN_POINT('Ctrl Pts',(244.605678722787,-147.009043053454,9.51));
#1198=CARTESIAN_POINT('Ctrl Pts',(244.521188714777,-147.110917100645,9.51));
#1199=CARTESIAN_POINT('Ctrl Pts',(244.434550553052,-147.213351445966,9.51));
#1200=CARTESIAN_POINT('Ctrl Pts',(244.345624025084,-147.316950764296,9.51));
#1201=CARTESIAN_POINT('Ctrl Pts',(244.257044866365,-147.420145397788,9.51));
#1202=CARTESIAN_POINT('Ctrl Pts',(244.166194996685,-147.524496395774,9.51));
#1203=CARTESIAN_POINT('Ctrl Pts',(244.072965463493,-147.630554148491,9.51));
#1204=CARTESIAN_POINT('Ctrl Pts',(243.980100108164,-147.736197613112,9.51));
#1205=CARTESIAN_POINT('Ctrl Pts',(243.884873666939,-147.843534575196,9.51));
#1206=CARTESIAN_POINT('Ctrl Pts',(243.787208450487,-147.953059506354,9.51));
#1207=CARTESIAN_POINT('Ctrl Pts',(243.689924738787,-148.06215660575,9.51));
#1208=CARTESIAN_POINT('Ctrl Pts',(243.590221289988,-148.173424662901,9.51));
#1209=CARTESIAN_POINT('Ctrl Pts',(243.488050800065,-148.287302430616,9.51));
#1210=CARTESIAN_POINT('Ctrl Pts',(243.386279413618,-148.4007353633,9.51));
#1211=CARTESIAN_POINT('Ctrl Pts',(243.282060244179,-148.516757704955,9.51));
#1212=CARTESIAN_POINT('Ctrl Pts',(243.175375514242,-148.635752717786,9.51));
#1213=CARTESIAN_POINT('Ctrl Pts',(243.06910752153,-148.754282906349,9.51));
#1214=CARTESIAN_POINT('Ctrl Pts',(242.960393214523,-148.8757626326,9.51));
#1215=CARTESIAN_POINT('Ctrl Pts',(242.849243502193,-149.000519923463,9.51));
#1216=CARTESIAN_POINT('Ctrl Pts',(242.738527968426,-149.124789881158,9.51));
#1217=CARTESIAN_POINT('Ctrl Pts',(242.625396040035,-149.252311890892,9.51));
#1218=CARTESIAN_POINT('Ctrl Pts',(242.509886490811,-149.383359025503,9.51));
#1219=CARTESIAN_POINT('Ctrl Pts',(242.394828150764,-149.513894257243,9.51));
#1220=CARTESIAN_POINT('Ctrl Pts',(242.277410749654,-149.647927169294,9.51));
#1221=CARTESIAN_POINT('Ctrl Pts',(242.157700122447,-149.785676186295,9.51));
#1222=CARTESIAN_POINT('Ctrl Pts',(242.038457114878,-149.922887121199,9.51));
#1223=CARTESIAN_POINT('Ctrl Pts',(241.916938782572,-150.063785225707,9.51));
#1224=CARTESIAN_POINT('Ctrl Pts',(241.79323723568,-150.208534605694,9.51));
#1225=CARTESIAN_POINT('Ctrl Pts',(241.670018897956,-150.352718558414,9.51));
#1226=CARTESIAN_POINT('Ctrl Pts',(241.544634388862,-150.500723795694,9.51));
#1227=CARTESIAN_POINT('Ctrl Pts',(241.417201325051,-150.652660456477,9.51));
#1228=CARTESIAN_POINT('Ctrl Pts',(241.290266046646,-150.804003614679,9.51));
#1229=CARTESIAN_POINT('Ctrl Pts',(241.161298211663,-150.959247566995,9.51));
#1230=CARTESIAN_POINT('Ctrl Pts',(241.03044017393,-151.118448898742,9.51));
#1231=CARTESIAN_POINT('Ctrl Pts',(240.899344642486,-151.277939164328,9.51));
#1232=CARTESIAN_POINT('Ctrl Pts',(240.766352182351,-151.441400940102,9.51));
#1233=CARTESIAN_POINT('Ctrl Pts',(240.631631035392,-151.608839998913,9.51));
#1234=CARTESIAN_POINT('Ctrl Pts',(240.49346570646,-151.78055968182,9.51));
#1235=CARTESIAN_POINT('Ctrl Pts',(240.353482246887,-151.95646249972,9.51));
#1236=CARTESIAN_POINT('Ctrl Pts',(240.211886958362,-152.136503508096,9.51));
#1237=CARTESIAN_POINT('Ctrl Pts',(240.066149912892,-152.321810836451,9.51));
#1238=CARTESIAN_POINT('Ctrl Pts',(239.918705452374,-152.51150186242,9.51));
#1239=CARTESIAN_POINT('Ctrl Pts',(239.769803257193,-152.705475789459,9.51));
#1240=CARTESIAN_POINT('Ctrl Pts',(239.615813836298,-152.906076812549,9.51));
#1241=CARTESIAN_POINT('Ctrl Pts',(239.460265476956,-153.111258242257,9.51));
#1242=CARTESIAN_POINT('Ctrl Pts',(239.303458962135,-153.320855994264,9.51));
#1243=CARTESIAN_POINT('Ctrl Pts',(239.140217277578,-153.539055411272,9.51));
#1244=CARTESIAN_POINT('Ctrl Pts',(238.975612181763,-153.762040899413,9.51));
#1245=CARTESIAN_POINT('Ctrl Pts',(238.810007493701,-153.989573630031,9.51));
#1246=CARTESIAN_POINT('Ctrl Pts',(238.635903910393,-154.22878342647,9.51));
#1247=CARTESIAN_POINT('Ctrl Pts',(238.460695674173,-154.473018960707,9.51));
#1248=CARTESIAN_POINT('Ctrl Pts',(238.284829750047,-154.721947406105,9.51));
#1249=CARTESIAN_POINT('Ctrl Pts',(238.096948232098,-154.987883257034,9.51));
#1250=CARTESIAN_POINT('Ctrl Pts',(237.908316333449,-155.259174903019,9.51));
#1251=CARTESIAN_POINT('Ctrl Pts',(237.719502785107,-155.535358640928,9.51));
#1252=CARTESIAN_POINT('Ctrl Pts',(237.511662861254,-155.839372879103,9.51));
#1253=CARTESIAN_POINT('Ctrl Pts',(237.303603262745,-156.149314377366,9.51));
#1254=CARTESIAN_POINT('Ctrl Pts',(237.09610521656,-156.464501997035,9.51));
#1255=CARTESIAN_POINT('Ctrl Pts',(236.871183035755,-156.806156716595,9.51));
#1256=CARTESIAN_POINT('Ctrl Pts',(236.646921369451,-157.153974912048,9.51));
#1257=CARTESIAN_POINT('Ctrl Pts',(236.424330343395,-157.507030837464,9.51));
#1258=CARTESIAN_POINT('Ctrl Pts',(236.195093374861,-157.870628020602,9.51));
#1259=CARTESIAN_POINT('Ctrl Pts',(235.967628749081,-158.239780261645,9.51));
#1260=CARTESIAN_POINT('Ctrl Pts',(235.743047055838,-158.613421645013,9.51));
#1261=CARTESIAN_POINT('Ctrl Pts',(235.511932324494,-158.997932184091,9.51));
#1262=CARTESIAN_POINT('Ctrl Pts',(235.283871256997,-159.387196668814,9.51));
#1263=CARTESIAN_POINT('Ctrl Pts',(235.060073916561,-159.779998469729,9.51));
#1264=CARTESIAN_POINT('Ctrl Pts',(234.830768516469,-160.182467837506,9.51));
#1265=CARTESIAN_POINT('Ctrl Pts',(234.605939981211,-160.588650507568,9.51));
#1266=CARTESIAN_POINT('Ctrl Pts',(234.386880035095,-160.997184425334,9.51));
#1267=CARTESIAN_POINT('Ctrl Pts',(234.164705570353,-161.411526737189,9.51));
#1268=CARTESIAN_POINT('Ctrl Pts',(233.94846563786,-161.828287210761,9.51));
#1269=CARTESIAN_POINT('Ctrl Pts',(233.739486899126,-162.245996095266,9.51));
#1270=CARTESIAN_POINT('Ctrl Pts',(233.530761848353,-162.663197905625,9.51));
#1271=CARTESIAN_POINT('Ctrl Pts',(233.329281074631,-163.081345274675,9.51));
#1272=CARTESIAN_POINT('Ctrl Pts',(233.13633483357,-163.498932995119,9.51));
#1273=CARTESIAN_POINT('Ctrl Pts',(232.949055920046,-163.904255089793,9.51));
#1274=CARTESIAN_POINT('Ctrl Pts',(232.769818453626,-164.309048191674,9.51));
#1275=CARTESIAN_POINT('Ctrl Pts',(232.599762526994,-164.711910776753,9.51));
#1276=CARTESIAN_POINT('Ctrl Pts',(232.456619728868,-165.051016145384,9.51));
#1277=CARTESIAN_POINT('Ctrl Pts',(232.319982387038,-165.388751736631,9.51));
#1278=CARTESIAN_POINT('Ctrl Pts',(232.190494904147,-165.724293464141,9.51));
#1279=CARTESIAN_POINT('Ctrl Pts',(232.074147806409,-166.025784429093,9.51));
#1280=CARTESIAN_POINT('Ctrl Pts',(231.963573098459,-166.325503470007,9.51));
#1281=CARTESIAN_POINT('Ctrl Pts',(231.859206022459,-166.622879038541,9.51));
#1282=CARTESIAN_POINT('Ctrl Pts',(231.761934986776,-166.900035692218,9.51));
#1283=CARTESIAN_POINT('Ctrl Pts',(231.670056208711,-167.175156282318,9.51));
#1284=CARTESIAN_POINT('Ctrl Pts',(231.583891737153,-167.447809909701,9.51));
#1285=CARTESIAN_POINT('Ctrl Pts',(231.502105384216,-167.706609684081,9.51));
#1286=CARTESIAN_POINT('Ctrl Pts',(231.425467448164,-167.963186524825,9.51));
#1287=CARTESIAN_POINT('Ctrl Pts',(231.354224147241,-168.217206735969,9.51));
#1288=CARTESIAN_POINT('Ctrl Pts',(231.285867104635,-168.46093590308,9.51));
#1289=CARTESIAN_POINT('Ctrl Pts',(231.222476503853,-168.70231116597,9.51));
#1290=CARTESIAN_POINT('Ctrl Pts',(231.164241387799,-168.941074450945,9.51));
#1291=CARTESIAN_POINT('Ctrl Pts',(231.107967229947,-169.171797830556,9.51));
#1292=CARTESIAN_POINT('Ctrl Pts',(231.056507250599,-169.400081990933,9.51));
#1293=CARTESIAN_POINT('Ctrl Pts',(231.010004118787,-169.625732056546,9.51));
#1294=CARTESIAN_POINT('Ctrl Pts',(230.964835143618,-169.844908310131,9.51));
#1295=CARTESIAN_POINT('Ctrl Pts',(230.924342722899,-170.061599285711,9.51));
#1296=CARTESIAN_POINT('Ctrl Pts',(230.88863007365,-170.275665383463,9.51));
#1297=CARTESIAN_POINT('Ctrl Pts',(230.853238435102,-170.487807302821,9.51));
#1298=CARTESIAN_POINT('Ctrl Pts',(230.822541146216,-170.697371073956,9.51));
#1299=CARTESIAN_POINT('Ctrl Pts',(230.796609852998,-170.904262889636,9.51));
#1300=CARTESIAN_POINT('Ctrl Pts',(230.770140084705,-171.115450907784,9.51));
#1301=CARTESIAN_POINT('Ctrl Pts',(230.748636335069,-171.323854956481,9.51));
#1302=CARTESIAN_POINT('Ctrl Pts',(230.732143048317,-171.529421231227,9.51));
#1303=CARTESIAN_POINT('Ctrl Pts',(230.71521468145,-171.740410184904,9.51));
#1304=CARTESIAN_POINT('Ctrl Pts',(230.703564629873,-171.948409860906,9.51));
#1305=CARTESIAN_POINT('Ctrl Pts',(230.697207501156,-172.153407520123,9.51));
#1306=CARTESIAN_POINT('Ctrl Pts',(230.690660796571,-172.364518412357,9.51));
#1307=CARTESIAN_POINT('Ctrl Pts',(230.689727433001,-172.572445798063,9.51));
#1308=CARTESIAN_POINT('Ctrl Pts',(230.69438791339,-172.777220170036,9.51));
#1309=CARTESIAN_POINT('Ctrl Pts',(230.699207207054,-172.988972554124,9.51));
#1310=CARTESIAN_POINT('Ctrl Pts',(230.710008122288,-173.19735365728,9.51));
#1311=CARTESIAN_POINT('Ctrl Pts',(230.726731122751,-173.402440094962,9.51));
#1312=CARTESIAN_POINT('Ctrl Pts',(230.744110923121,-173.615581352321,9.51));
#1313=CARTESIAN_POINT('Ctrl Pts',(230.767887187652,-173.825164431951,9.51));
#1314=CARTESIAN_POINT('Ctrl Pts',(230.79795187116,-174.031315898639,9.51));
#1315=CARTESIAN_POINT('Ctrl Pts',(230.829375355538,-174.246784569422,9.51));
#1316=CARTESIAN_POINT('Ctrl Pts',(230.867668607242,-174.458504933991,9.51));
#1317=CARTESIAN_POINT('Ctrl Pts',(230.912662897608,-174.666658199664,9.51));
#1318=CARTESIAN_POINT('Ctrl Pts',(230.959910090223,-174.885233875749,9.51));
#1319=CARTESIAN_POINT('Ctrl Pts',(231.014546263917,-175.099877034632,9.51));
#1320=CARTESIAN_POINT('Ctrl Pts',(231.076325702437,-175.310827323516,9.51));
#1321=CARTESIAN_POINT('Ctrl Pts',(231.141005808738,-175.531682148938,9.51));
#1322=CARTESIAN_POINT('Ctrl Pts',(231.213515723762,-175.748490292751,9.51));
#1323=CARTESIAN_POINT('Ctrl Pts',(231.29351877974,-175.961544160851,9.51));
#1324=CARTESIAN_POINT('Ctrl Pts',(231.376158534005,-176.181619745338,9.51));
#1325=CARTESIAN_POINT('Ctrl Pts',(231.466793232796,-176.397690984844,9.51));
#1326=CARTESIAN_POINT('Ctrl Pts',(231.564996436384,-176.610078042093,9.51));
#1327=CARTESIAN_POINT('Ctrl Pts',(231.66377709704,-176.823713983315,9.51));
#1328=CARTESIAN_POINT('Ctrl Pts',(231.77021457023,-177.033623745642,9.51));
#1329=CARTESIAN_POINT('Ctrl Pts',(231.883829699869,-177.240108810564,9.51));
#1330=CARTESIAN_POINT('Ctrl Pts',(231.992211373277,-177.437082549372,9.51));
#1331=CARTESIAN_POINT('Ctrl Pts',(232.10712360937,-177.630940741897,9.51));
#1332=CARTESIAN_POINT('Ctrl Pts',(232.228124852367,-177.82190627197,9.51));
#1333=CARTESIAN_POINT('Ctrl Pts',(232.341966133422,-178.001571869137,9.51));
#1334=CARTESIAN_POINT('Ctrl Pts',(232.461196373112,-178.17867746607,9.51));
#1335=CARTESIAN_POINT('Ctrl Pts',(232.585437408567,-178.353364245457,9.51));
#1336=CARTESIAN_POINT('Ctrl Pts',(232.70311775033,-178.518826484436,9.51));
#1337=CARTESIAN_POINT('Ctrl Pts',(232.825293156332,-178.682118886282,9.51));
#1338=CARTESIAN_POINT('Ctrl Pts',(232.951641301626,-178.843315313632,9.51));
#1339=CARTESIAN_POINT('Ctrl Pts',(233.072382122707,-178.997357851797,9.51));
#1340=CARTESIAN_POINT('Ctrl Pts',(233.196933180907,-179.14948651342,9.51));
#1341=CARTESIAN_POINT('Ctrl Pts',(233.325018223789,-179.29971923388,9.51));
#1342=CARTESIAN_POINT('Ctrl Pts',(233.448307782661,-179.44432726474,9.51));
#1343=CARTESIAN_POINT('Ctrl Pts',(233.574871398192,-179.58717881035,9.51));
#1344=CARTESIAN_POINT('Ctrl Pts',(233.704471769639,-179.728243345737,9.51));
#1345=CARTESIAN_POINT('Ctrl Pts',(233.829913573022,-179.864781455273,9.51));
#1346=CARTESIAN_POINT('Ctrl Pts',(233.958200173533,-179.999645517278,9.51));
#1347=CARTESIAN_POINT('Ctrl Pts',(234.08912833827,-180.132761470173,9.51));
#1348=CARTESIAN_POINT('Ctrl Pts',(234.217522014198,-180.263300583366,9.51));
#1349=CARTESIAN_POINT('Ctrl Pts',(234.348455785356,-180.392158788789,9.51));
#1350=CARTESIAN_POINT('Ctrl Pts',(234.481752544613,-180.519218588128,9.51));
#1351=CARTESIAN_POINT('Ctrl Pts',(234.617988250995,-180.649079821157,9.51));
#1352=CARTESIAN_POINT('Ctrl Pts',(234.75669225402,-180.777062438793,9.51));
#1353=CARTESIAN_POINT('Ctrl Pts',(234.897693268346,-180.902987944023,9.51));
#1354=CARTESIAN_POINT('Ctrl Pts',(235.043690015538,-181.033375049676,9.51));
#1355=CARTESIAN_POINT('Ctrl Pts',(235.192149459943,-181.161556506068,9.51));
#1356=CARTESIAN_POINT('Ctrl Pts',(235.342900099482,-181.287280104874,9.51));
#1357=CARTESIAN_POINT('Ctrl Pts',(235.500116618858,-181.418396143043,9.51));
#1358=CARTESIAN_POINT('Ctrl Pts',(235.659825131066,-181.546838732744,9.51));
#1359=CARTESIAN_POINT('Ctrl Pts',(235.821850505482,-181.67226714178,9.51));
#1360=CARTESIAN_POINT('Ctrl Pts',(235.99267025807,-181.80450352683,9.51));
#1361=CARTESIAN_POINT('Ctrl Pts',(236.166065250231,-181.933389348829,9.51));
#1362=CARTESIAN_POINT('Ctrl Pts',(236.341850793283,-182.05846978626,9.51));
#1363=CARTESIAN_POINT('Ctrl Pts',(236.530599357757,-182.19277407886,9.51));
#1364=CARTESIAN_POINT('Ctrl Pts',(236.722104096025,-182.32269062704,9.51));
#1365=CARTESIAN_POINT('Ctrl Pts',(236.916158825216,-182.447599410141,9.51));
#1366=CARTESIAN_POINT('Ctrl Pts',(237.132402942399,-182.586791016769,9.51));
#1367=CARTESIAN_POINT('Ctrl Pts',(237.351813598941,-182.719763417888,9.51));
#1368=CARTESIAN_POINT('Ctrl Pts',(237.574131959617,-182.845598874642,9.51));
#1369=CARTESIAN_POINT('Ctrl Pts',(237.872061965013,-183.014231632618,9.51));
#1370=CARTESIAN_POINT('Ctrl Pts',(238.175213330956,-183.170044966171,9.51));
#1371=CARTESIAN_POINT('Ctrl Pts',(238.483015346338,-183.310745482324,9.51));
#1372=CARTESIAN_POINT('Ctrl Pts',(238.737388696839,-183.427023024128,9.51));
#1373=CARTESIAN_POINT('Ctrl Pts',(238.994940033082,-183.532974766325,9.51));
#1374=CARTESIAN_POINT('Ctrl Pts',(239.255361278164,-183.627315858378,9.51));
#1375=CARTESIAN_POINT('Ctrl Pts',(239.490478084946,-183.712490077957,9.51));
#1376=CARTESIAN_POINT('Ctrl Pts',(239.727934268555,-183.788199148438,9.51));
#1377=CARTESIAN_POINT('Ctrl Pts',(239.967506316471,-183.853537265012,9.51));
#1378=CARTESIAN_POINT('Ctrl Pts',(240.185158194853,-183.912897127425,9.51));
#1379=CARTESIAN_POINT('Ctrl Pts',(240.404556492769,-183.963696617062,9.51));
#1380=CARTESIAN_POINT('Ctrl Pts',(240.625535728966,-184.005301170468,9.51));
#1381=CARTESIAN_POINT('Ctrl Pts',(240.832896798793,-184.044341782846,9.51));
#1382=CARTESIAN_POINT('Ctrl Pts',(241.041649972014,-184.075285537402,9.51));
#1383=CARTESIAN_POINT('Ctrl Pts',(241.251660158913,-184.097654448881,9.51));
#1384=CARTESIAN_POINT('Ctrl Pts',(241.451862400774,-184.118978682206,9.51));
#1385=CARTESIAN_POINT('Ctrl Pts',(241.653206997095,-184.132510062258,9.51));
#1386=CARTESIAN_POINT('Ctrl Pts',(241.855578282329,-184.137881849257,9.51));
#1387=CARTESIAN_POINT('Ctrl Pts',(242.050326446647,-184.143051286492,9.51));
#1388=CARTESIAN_POINT('Ctrl Pts',(242.24602541466,-184.140664086448,9.51));
#1389=CARTESIAN_POINT('Ctrl Pts',(242.442573289315,-184.1304414543,9.51));
#1390=CARTESIAN_POINT('Ctrl Pts',(242.63291169156,-184.120541782409,9.51));
#1391=CARTESIAN_POINT('Ctrl Pts',(242.824046214067,-184.103293778816,9.51));
#1392=CARTESIAN_POINT('Ctrl Pts',(243.015885367199,-184.078492789141,9.51));
#1393=CARTESIAN_POINT('Ctrl Pts',(243.202502998884,-184.05436683841,9.51));
#1394=CARTESIAN_POINT('Ctrl Pts',(243.389787429246,-184.02309332219,9.51));
#1395=CARTESIAN_POINT('Ctrl Pts',(243.577655389471,-183.984532772264,9.51));
#1396=CARTESIAN_POINT('Ctrl Pts',(243.76138725049,-183.946821171033,9.51));
#1397=CARTESIAN_POINT('Ctrl Pts',(243.945677232818,-183.902139724367,9.51));
#1398=CARTESIAN_POINT('Ctrl Pts',(244.130448326252,-183.850407542386,9.51));
#1399=CARTESIAN_POINT('Ctrl Pts',(244.315331500158,-183.798643980132,9.51));
#1400=CARTESIAN_POINT('Ctrl Pts',(244.500696378916,-183.739821065605,9.51));
#1401=CARTESIAN_POINT('Ctrl Pts',(244.686466641681,-183.673910404857,9.51));
#1402=CARTESIAN_POINT('Ctrl Pts',(244.873800488962,-183.607444989613,9.51));
#1403=CARTESIAN_POINT('Ctrl Pts',(245.061546589544,-183.533772058552,9.51));
#1404=CARTESIAN_POINT('Ctrl Pts',(245.249627302091,-183.452915681313,9.51));
#1405=CARTESIAN_POINT('Ctrl Pts',(245.439359186408,-183.371349461126,9.51));
#1406=CARTESIAN_POINT('Ctrl Pts',(245.629431601262,-183.282473159624,9.51));
#1407=CARTESIAN_POINT('Ctrl Pts',(245.819765214874,-183.186364702526,9.51));
#1408=CARTESIAN_POINT('Ctrl Pts',(246.011844834892,-183.08937460409,9.51));
#1409=CARTESIAN_POINT('Ctrl Pts',(246.20419048666,-182.985019103067,9.51));
#1410=CARTESIAN_POINT('Ctrl Pts',(246.39672073617,-182.873431536951,9.51));
#1411=CARTESIAN_POINT('Ctrl Pts',(246.591100077281,-182.760772265833,9.51));
#1412=CARTESIAN_POINT('Ctrl Pts',(246.785667599205,-182.64074139765,9.51));
#1413=CARTESIAN_POINT('Ctrl Pts',(246.980339305144,-182.513529428047,9.51));
#1414=CARTESIAN_POINT('Ctrl Pts',(247.176972627946,-182.385035602185,9.51));
#1415=CARTESIAN_POINT('Ctrl Pts',(247.373712266759,-182.249215278123,9.51));
#1416=CARTESIAN_POINT('Ctrl Pts',(247.570471144154,-182.106318080302,9.51));
#1417=CARTESIAN_POINT('Ctrl Pts',(247.76931502458,-181.961906637764,9.51));
#1418=CARTESIAN_POINT('Ctrl Pts',(247.968178577045,-181.810267599837,9.51));
#1419=CARTESIAN_POINT('Ctrl Pts',(248.166971057855,-181.651711956129,9.51));
#1420=CARTESIAN_POINT('Ctrl Pts',(248.367984499355,-181.491384888016,9.51));
#1421=CARTESIAN_POINT('Ctrl Pts',(248.56892529787,-181.323985862607,9.51));
#1422=CARTESIAN_POINT('Ctrl Pts',(248.769698376965,-181.149889788392,9.51));
#1423=CARTESIAN_POINT('Ctrl Pts',(248.972843022803,-180.973737260884,9.51));
#1424=CARTESIAN_POINT('Ctrl Pts',(249.175815991513,-180.790728600515,9.51));
#1425=CARTESIAN_POINT('Ctrl Pts',(249.378517110127,-180.601305570702,9.51));
#1426=CARTESIAN_POINT('Ctrl Pts',(249.587376764563,-180.406127424575,9.51));
#1427=CARTESIAN_POINT('Ctrl Pts',(249.795947822081,-180.2041392551,9.51));
#1428=CARTESIAN_POINT('Ctrl Pts',(250.004118453155,-179.995880676816,9.51));
#1429=CARTESIAN_POINT('Ctrl Pts',(250.230218375617,-179.76968523244,9.51));
#1430=CARTESIAN_POINT('Ctrl Pts',(250.455845856035,-179.536093256852,9.51));
#1431=CARTESIAN_POINT('Ctrl Pts',(250.680855361301,-179.295857902282,9.51));
#1432=CARTESIAN_POINT('Ctrl Pts',(250.945145948897,-179.013683409495,9.51));
#1433=CARTESIAN_POINT('Ctrl Pts',(251.208583785756,-178.72234440461,9.51));
#1434=CARTESIAN_POINT('Ctrl Pts',(251.470931993382,-178.423133827535,9.51));
#1435=CARTESIAN_POINT('Ctrl Pts',(251.809368409611,-178.03714393906,9.51));
#1436=CARTESIAN_POINT('Ctrl Pts',(252.145990600053,-177.638060442222,9.51));
#1437=CARTESIAN_POINT('Ctrl Pts',(252.480297013819,-177.22872224095,9.51));
#1438=CARTESIAN_POINT('Ctrl Pts',(252.723696839642,-176.930693717445,9.51));
#1439=CARTESIAN_POINT('Ctrl Pts',(252.96586918471,-176.62723166153,9.51));
#1440=CARTESIAN_POINT('Ctrl Pts',(253.2066269649,-176.319404329545,9.51));
#1441=CARTESIAN_POINT('Ctrl Pts',(253.420960676972,-176.045362200191,9.51));
#1442=CARTESIAN_POINT('Ctrl Pts',(253.634173283927,-175.767861205108,9.51));
#1443=CARTESIAN_POINT('Ctrl Pts',(253.846138437049,-175.487613122311,9.51));
#1444=CARTESIAN_POINT('Ctrl Pts',(254.041182771983,-175.229736768013,9.51));
#1445=CARTESIAN_POINT('Ctrl Pts',(254.235170864679,-174.96953478761,9.51));
#1446=CARTESIAN_POINT('Ctrl Pts',(254.428009434299,-174.707516572653,9.51));
#1447=CARTESIAN_POINT('Ctrl Pts',(254.610299378255,-174.459831237639,9.51));
#1448=CARTESIAN_POINT('Ctrl Pts',(254.791562112595,-174.210523229835,9.51));
#1449=CARTESIAN_POINT('Ctrl Pts',(254.971723758019,-173.959975982654,9.51));
#1450=CARTESIAN_POINT('Ctrl Pts',(255.152005700421,-173.709261440838,9.51));
#1451=CARTESIAN_POINT('Ctrl Pts',(255.331185076108,-173.457306089668,9.51));
#1452=CARTESIAN_POINT('Ctrl Pts',(255.509193216055,-173.204440962805,9.51));
#1453=CARTESIAN_POINT('Ctrl Pts',(255.691541586075,-172.945410427843,9.51));
#1454=CARTESIAN_POINT('Ctrl Pts',(255.872660913111,-172.68542507971,9.51));
#1455=CARTESIAN_POINT('Ctrl Pts',(256.052482962016,-172.424786313905,9.51));
#1456=CARTESIAN_POINT('Ctrl Pts',(256.23729012092,-172.1569219997,9.51));
#1457=CARTESIAN_POINT('Ctrl Pts',(256.420727080671,-171.888367385783,9.51));
#1458=CARTESIAN_POINT('Ctrl Pts',(256.602725545829,-171.619394953081,9.51));
#1459=CARTESIAN_POINT('Ctrl Pts',(256.790569005466,-171.341784302563,9.51));
#1460=CARTESIAN_POINT('Ctrl Pts',(256.976880093533,-171.063728388366,9.51));
#1461=CARTESIAN_POINT('Ctrl Pts',(257.1615897444,-170.785471814011,9.51));
#1462=CARTESIAN_POINT('Ctrl Pts',(257.35334600397,-170.496599848477,9.51));
#1463=CARTESIAN_POINT('Ctrl Pts',(257.54337630906,-170.207511407278,9.51));
#1464=CARTESIAN_POINT('Ctrl Pts',(257.731609745452,-169.918424788853,9.51));
#1465=CARTESIAN_POINT('Ctrl Pts',(257.93443662986,-169.606925730751,9.51));
#1466=CARTESIAN_POINT('Ctrl Pts',(258.135177193868,-169.29542876999,9.51));
#1467=CARTESIAN_POINT('Ctrl Pts',(258.333750285449,-168.984145220738,9.51));
#1468=CARTESIAN_POINT('Ctrl Pts',(258.546587432774,-168.650501311059,9.51));
#1469=CARTESIAN_POINT('Ctrl Pts',(258.756934514419,-168.31710222252,9.51));
#1470=CARTESIAN_POINT('Ctrl Pts',(258.964700414071,-167.984142622033,9.51));
#1471=CARTESIAN_POINT('Ctrl Pts',(259.19329773966,-167.61779918296,9.51));
#1472=CARTESIAN_POINT('Ctrl Pts',(259.418770295777,-167.251987151442,9.51));
#1473=CARTESIAN_POINT('Ctrl Pts',(259.641007584685,-166.886896402542,9.51));
#1474=CARTESIAN_POINT('Ctrl Pts',(259.870759092501,-166.509461317449,9.51));
#1475=CARTESIAN_POINT('Ctrl Pts',(260.097052882426,-166.132796223699,9.51));
#1476=CARTESIAN_POINT('Ctrl Pts',(260.319777603291,-165.757056990815,9.51));
#1477=CARTESIAN_POINT('Ctrl Pts',(260.537984720752,-165.388939008193,9.51));
#1478=CARTESIAN_POINT('Ctrl Pts',(260.752766095969,-165.021709821243,9.51));
#1479=CARTESIAN_POINT('Ctrl Pts',(260.964027024171,-164.65546769901,9.51));
#1480=CARTESIAN_POINT('Ctrl Pts',(261.17138952288,-164.295983897416,9.51));
#1481=CARTESIAN_POINT('Ctrl Pts',(261.375360310147,-163.937451169694,9.51));
#1482=CARTESIAN_POINT('Ctrl Pts',(261.575859444767,-163.579913832332,9.51));
#1483=CARTESIAN_POINT('Ctrl Pts',(261.772971712679,-163.228416078666,9.51));
#1484=CARTESIAN_POINT('Ctrl Pts',(261.966728630879,-162.877880463764,9.51));
#1485=CARTESIAN_POINT('Ctrl Pts',(262.157063526135,-162.528300226718,9.51));
#1486=CARTESIAN_POINT('Ctrl Pts',(262.344434059707,-162.184164510284,9.51));
#1487=CARTESIAN_POINT('Ctrl Pts',(262.52848833729,-161.840954729954,9.51));
#1488=CARTESIAN_POINT('Ctrl Pts',(262.709171751312,-161.498615346357,9.51));
#1489=CARTESIAN_POINT('Ctrl Pts',(262.887244777982,-161.161221842279,9.51));
#1490=CARTESIAN_POINT('Ctrl Pts',(263.062043641019,-160.824673845937,9.51));
#1491=CARTESIAN_POINT('Ctrl Pts',(263.23352481491,-160.488868910233,9.51));
#1492=CARTESIAN_POINT('Ctrl Pts',(263.404159978978,-160.154720682773,9.51));
#1493=CARTESIAN_POINT('Ctrl Pts',(263.571510099481,-159.821308350729,9.51));
#1494=CARTESIAN_POINT('Ctrl Pts',(263.735541083108,-159.48848001145,9.51));
#1495=CARTESIAN_POINT('Ctrl Pts',(263.905160712989,-159.144311986154,9.51));
#1496=CARTESIAN_POINT('Ctrl Pts',(264.071231150593,-158.800768340029,9.51));
#1497=CARTESIAN_POINT('Ctrl Pts',(264.233724615303,-158.457624116997,9.51));
#1498=CARTESIAN_POINT('Ctrl Pts',(264.40469752462,-158.096573497321,9.51));
#1499=CARTESIAN_POINT('Ctrl Pts',(264.571710356575,-157.735964781731,9.51));
#1500=CARTESIAN_POINT('Ctrl Pts',(264.734742168881,-157.375477324809,9.51));
#1501=CARTESIAN_POINT('Ctrl Pts',(264.909122210789,-156.98989725331,9.51));
#1502=CARTESIAN_POINT('Ctrl Pts',(265.078947640587,-156.604455497835,9.51));
#1503=CARTESIAN_POINT('Ctrl Pts',(265.244206692952,-156.218699610578,9.51));
#1504=CARTESIAN_POINT('Ctrl Pts',(265.426547480622,-155.793070688445,9.51));
#1505=CARTESIAN_POINT('Ctrl Pts',(265.60332891899,-155.367058653759,9.51));
#1506=CARTESIAN_POINT('Ctrl Pts',(265.774553929804,-154.939993191965,9.51));
#1507=CARTESIAN_POINT('Ctrl Pts',(265.980451392949,-154.426448501489,9.51));
#1508=CARTESIAN_POINT('Ctrl Pts',(266.178313538557,-153.911378781424,9.51));
#1509=CARTESIAN_POINT('Ctrl Pts',(266.368179637181,-153.393549718716,9.51));
#1510=CARTESIAN_POINT('Ctrl Pts',(266.565906803113,-152.854280866886,9.51));
#1511=CARTESIAN_POINT('Ctrl Pts',(266.754962156311,-152.312014351634,9.51));
#1512=CARTESIAN_POINT('Ctrl Pts',(266.935428312604,-151.76534831938,9.51));
#1513=CARTESIAN_POINT('Ctrl Pts',(267.105821150187,-151.249196269823,9.51));
#1514=CARTESIAN_POINT('Ctrl Pts',(267.268557328238,-150.729121381958,9.51));
#1515=CARTESIAN_POINT('Ctrl Pts',(267.423735323877,-150.203975992663,9.51));
#1516=CARTESIAN_POINT('Ctrl Pts',(267.576167997896,-149.688121179556,9.51));
#1517=CARTESIAN_POINT('Ctrl Pts',(267.721307747873,-149.167372992035,9.51));
#1518=CARTESIAN_POINT('Ctrl Pts',(267.859272484905,-148.64068593525,9.51));
#1519=CARTESIAN_POINT('Ctrl Pts',(267.995081522921,-148.122228363728,9.51));
#1520=CARTESIAN_POINT('Ctrl Pts',(268.123938182596,-147.598015440497,9.51));
#1521=CARTESIAN_POINT('Ctrl Pts',(268.245976318225,-147.067100985229,9.51));
#1522=CARTESIAN_POINT('Ctrl Pts',(268.359405871186,-146.57363729037,9.51));
#1523=CARTESIAN_POINT('Ctrl Pts',(268.466945206582,-146.074384200517,9.51));
#1524=CARTESIAN_POINT('Ctrl Pts',(268.568717003939,-145.568629674533,9.51));
#1525=CARTESIAN_POINT('Ctrl Pts',(268.662823151842,-145.100969561805,9.51));
#1526=CARTESIAN_POINT('Ctrl Pts',(268.751998077806,-144.627750250096,9.51));
#1527=CARTESIAN_POINT('Ctrl Pts',(268.836349076585,-144.148451359625,9.51));
#1528=CARTESIAN_POINT('Ctrl Pts',(268.91221424939,-143.717370593812,9.51));
#1529=CARTESIAN_POINT('Ctrl Pts',(268.984177407372,-143.281371452031,9.51));
#1530=CARTESIAN_POINT('Ctrl Pts',(269.052323018072,-142.840118598735,9.51));
#1531=CARTESIAN_POINT('Ctrl Pts',(269.115970418383,-142.427992319386,9.51));
#1532=CARTESIAN_POINT('Ctrl Pts',(269.176287692243,-142.011282682673,9.51));
#1533=CARTESIAN_POINT('Ctrl Pts',(269.233348167796,-141.589762014204,9.51));
#1534=CARTESIAN_POINT('Ctrl Pts',(269.287598980563,-141.188997060158,9.51));
#1535=CARTESIAN_POINT('Ctrl Pts',(269.338905871992,-140.783882944916,9.51));
#1536=CARTESIAN_POINT('Ctrl Pts',(269.3873353079,-140.374270831757,9.51));
#1537=CARTESIAN_POINT('Ctrl Pts',(269.433859954811,-139.980769264412,9.51));
#1538=CARTESIAN_POINT('Ctrl Pts',(269.477729072342,-139.58311635822,9.51));
#1539=CARTESIAN_POINT('Ctrl Pts',(269.519004342621,-139.18122783664,9.51));
#1540=CARTESIAN_POINT('Ctrl Pts',(269.558927089842,-138.792508544191,9.51));
#1541=CARTESIAN_POINT('Ctrl Pts',(269.59642321882,-138.399826503875,9.51));
#1542=CARTESIAN_POINT('Ctrl Pts',(269.631550809479,-138.003153737749,9.51));
#1543=CARTESIAN_POINT('Ctrl Pts',(269.66577478244,-137.616684931675,9.51));
#1544=CARTESIAN_POINT('Ctrl Pts',(269.697750522102,-137.226427902538,9.51));
#1545=CARTESIAN_POINT('Ctrl Pts',(269.727533654423,-136.832405932914,9.51));
#1546=CARTESIAN_POINT('Ctrl Pts',(269.75750113372,-136.435945107713,9.51));
#1547=CARTESIAN_POINT('Ctrl Pts',(269.785248796372,-136.035672527187,9.51));
#1548=CARTESIAN_POINT('Ctrl Pts',(269.81083506381,-135.631665451948,9.51));
#1549=CARTESIAN_POINT('Ctrl Pts',(269.836910058014,-135.219941382765,9.51));
#1550=CARTESIAN_POINT('Ctrl Pts',(269.860740323337,-134.804338892094,9.51));
#1551=CARTESIAN_POINT('Ctrl Pts',(269.882389165264,-134.384994237367,9.51));
#1552=CARTESIAN_POINT('Ctrl Pts',(269.90449447554,-133.956807651845,9.51));
#1553=CARTESIAN_POINT('Ctrl Pts',(269.924325430568,-133.524719543762,9.51));
#1554=CARTESIAN_POINT('Ctrl Pts',(269.941950529953,-133.088929621853,9.51));
#1555=CARTESIAN_POINT('Ctrl Pts',(269.959990236429,-132.642888319904,9.51));
#1556=CARTESIAN_POINT('Ctrl Pts',(269.975719121274,-132.192969122222,9.51));
#1557=CARTESIAN_POINT('Ctrl Pts',(269.989211290859,-131.739441009586,9.51));
#1558=CARTESIAN_POINT('Ctrl Pts',(270.003062235216,-131.27385297997,9.51));
#1559=CARTESIAN_POINT('Ctrl Pts',(270.014555969623,-130.804461696759,9.51));
#1560=CARTESIAN_POINT('Ctrl Pts',(270.023772772939,-130.331613252727,9.51));
#1561=CARTESIAN_POINT('Ctrl Pts',(270.033271277255,-129.84431273947,9.51));
#1562=CARTESIAN_POINT('Ctrl Pts',(270.040351591266,-129.353340676281,9.51));
#1563=CARTESIAN_POINT('Ctrl Pts',(270.045100971277,-128.859131235605,9.51));
#1564=CARTESIAN_POINT('Ctrl Pts',(270.050021054437,-128.347158822152,9.51));
#1565=CARTESIAN_POINT('Ctrl Pts',(270.052439700864,-127.831712333572,9.51));
#1566=CARTESIAN_POINT('Ctrl Pts',(270.052452356498,-127.313330194515,9.51));
#1567=CARTESIAN_POINT('Ctrl Pts',(270.052465964984,-126.755918677322,9.51));
#1568=CARTESIAN_POINT('Ctrl Pts',(270.049697745801,-126.195113196228,9.51));
#1569=CARTESIAN_POINT('Ctrl Pts',(270.044263206838,-125.631643792321,9.51));
#1570=CARTESIAN_POINT('Ctrl Pts',(270.037684176236,-124.949510040522,9.51));
#1571=CARTESIAN_POINT('Ctrl Pts',(270.027197881321,-124.263473249274,9.51));
#1572=CARTESIAN_POINT('Ctrl Pts',(270.013001078093,-123.574904983499,9.51));
#1573=CARTESIAN_POINT('Ctrl Pts',(269.997144092982,-122.805815170591,9.51));
#1574=CARTESIAN_POINT('Ctrl Pts',(269.976658523402,-122.033573025536,9.51));
#1575=CARTESIAN_POINT('Ctrl Pts',(269.951802375501,-121.260119764043,9.51));
#1576=CARTESIAN_POINT('Ctrl Pts',(269.93302700444,-120.675883138131,9.51));
#1577=CARTESIAN_POINT('Ctrl Pts',(269.911757587894,-120.090956963809,9.51));
#1578=CARTESIAN_POINT('Ctrl Pts',(269.888097671485,-119.506151970522,9.51));
#1579=CARTESIAN_POINT('Ctrl Pts',(269.865583774444,-118.949673275457,9.51));
#1580=CARTESIAN_POINT('Ctrl Pts',(269.840905342315,-118.393305478057,9.51));
#1581=CARTESIAN_POINT('Ctrl Pts',(269.81414526161,-117.837703321511,9.51));
#1582=CARTESIAN_POINT('Ctrl Pts',(269.789586884339,-117.327813701847,9.51));
#1583=CARTESIAN_POINT('Ctrl Pts',(269.763275261945,-116.818569242765,9.51));
#1584=CARTESIAN_POINT('Ctrl Pts',(269.735269389329,-116.310428700756,9.51));
#1585=CARTESIAN_POINT('Ctrl Pts',(269.705667153437,-115.773323630077,9.51));
#1586=CARTESIAN_POINT('Ctrl Pts',(269.674172049216,-115.237452157325,9.51));
#1587=CARTESIAN_POINT('Ctrl Pts',(269.640847690053,-114.703293720286,9.51));
#1588=CARTESIAN_POINT('Ctrl Pts',(269.607100231505,-114.162353394228,9.51));
#1589=CARTESIAN_POINT('Ctrl Pts',(269.571476756336,-113.62316945768,9.51));
#1590=CARTESIAN_POINT('Ctrl Pts',(269.53403724098,-113.086180327879,9.51));
#1591=CARTESIAN_POINT('Ctrl Pts',(269.494959936259,-112.525700640636,9.51));
#1592=CARTESIAN_POINT('Ctrl Pts',(269.453904241941,-111.967611755163,9.51));
#1593=CARTESIAN_POINT('Ctrl Pts',(269.410931764182,-111.412352368444,9.51));
#1594=CARTESIAN_POINT('Ctrl Pts',(269.365567377073,-110.826186452996,9.51));
#1595=CARTESIAN_POINT('Ctrl Pts',(269.318066906448,-110.243173496242,9.51));
#1596=CARTESIAN_POINT('Ctrl Pts',(269.268495370194,-109.66376827511,9.51));
#1597=CARTESIAN_POINT('Ctrl Pts',(269.215139112361,-109.040126227588,9.51));
#1598=CARTESIAN_POINT('Ctrl Pts',(269.159383512479,-108.420663422432,9.51));
#1599=CARTESIAN_POINT('Ctrl Pts',(269.101300687935,-107.805883066113,9.51));
#1600=CARTESIAN_POINT('Ctrl Pts',(269.038881337638,-107.14520255138,9.51));
#1601=CARTESIAN_POINT('Ctrl Pts',(268.973774319164,-106.489928895939,9.51));
#1602=CARTESIAN_POINT('Ctrl Pts',(268.906058537305,-105.840626228133,9.51));
#1603=CARTESIAN_POINT('Ctrl Pts',(268.839461450157,-105.202050328003,9.51));
#1604=CARTESIAN_POINT('Ctrl Pts',(268.77034103816,-104.569249845705,9.51));
#1605=CARTESIAN_POINT('Ctrl Pts',(268.698762810555,-103.94271302406,9.51));
#1606=CARTESIAN_POINT('Ctrl Pts',(268.628848533851,-103.330741057441,9.51));
#1607=CARTESIAN_POINT('Ctrl Pts',(268.556589339492,-102.7247450532,9.51));
#1608=CARTESIAN_POINT('Ctrl Pts',(268.482037744727,-102.12513133834,9.51));
#1609=CARTESIAN_POINT('Ctrl Pts',(268.409041925893,-101.538030629923,9.51));
#1610=CARTESIAN_POINT('Ctrl Pts',(268.333848348217,-100.957048732745,9.51));
#1611=CARTESIAN_POINT('Ctrl Pts',(268.256498638119,-100.382517994076,9.51));
#1612=CARTESIAN_POINT('Ctrl Pts',(268.180612753851,-99.8188601201514,9.51));
#1613=CARTESIAN_POINT('Ctrl Pts',(268.10265154168,-99.261411649009,9.51));
#1614=CARTESIAN_POINT('Ctrl Pts',(268.022647352816,-98.7104370072849,9.51));
#1615=CARTESIAN_POINT('Ctrl Pts',(267.943713710803,-98.1668350316227,9.51));
#1616=CARTESIAN_POINT('Ctrl Pts',(267.862791377522,-97.629534921305,9.51));
#1617=CARTESIAN_POINT('Ctrl Pts',(267.779904983185,-97.0987402463611,9.51));
#1618=CARTESIAN_POINT('Ctrl Pts',(267.695496761034,-96.5581999659193,9.51));
#1619=CARTESIAN_POINT('Ctrl Pts',(267.609051685744,-96.0244061390858,9.51));
#1620=CARTESIAN_POINT('Ctrl Pts',(267.520589198575,-95.4975192751693,9.51));
#1621=CARTESIAN_POINT('Ctrl Pts',(267.42953322432,-94.9551854763871,9.51));
#1622=CARTESIAN_POINT('Ctrl Pts',(267.336339807772,-94.4201694015299,9.51));
#1623=CARTESIAN_POINT('Ctrl Pts',(267.241023364062,-93.8925910028117,9.51));
#1624=CARTESIAN_POINT('Ctrl Pts',(267.142440277596,-93.34693167191,9.51));
#1625=CARTESIAN_POINT('Ctrl Pts',(267.041586145618,-92.8092283608821,9.51));
#1626=CARTESIAN_POINT('Ctrl Pts',(266.93846984424,-92.2795583922375,9.51));
#1627=CARTESIAN_POINT('Ctrl Pts',(266.831102807342,-91.7280539811268,9.51));
#1628=CARTESIAN_POINT('Ctrl Pts',(266.721283246115,-91.1852586390742,9.51));
#1629=CARTESIAN_POINT('Ctrl Pts',(266.609013713324,-90.6512038575812,9.51));
#1630=CARTESIAN_POINT('Ctrl Pts',(266.486804804525,-90.0698684724423,9.51));
#1631=CARTESIAN_POINT('Ctrl Pts',(266.361692968104,-89.4988897772427,9.51));
#1632=CARTESIAN_POINT('Ctrl Pts',(266.233672421684,-88.9382448951705,9.51));
#1633=CARTESIAN_POINT('Ctrl Pts',(266.104846750052,-88.3740740999339,9.51));
#1634=CARTESIAN_POINT('Ctrl Pts',(265.973075607665,-87.8203671093233,9.51));
#1635=CARTESIAN_POINT('Ctrl Pts',(265.838344636242,-87.2770446178486,9.51));
#1636=CARTESIAN_POINT('Ctrl Pts',(265.700921724816,-86.7228664817249,9.51));
#1637=CARTESIAN_POINT('Ctrl Pts',(265.560419487652,-86.1794918510024,9.51));
#1638=CARTESIAN_POINT('Ctrl Pts',(265.41681461307,-85.6467814812998,9.51));
#1639=CARTESIAN_POINT('Ctrl Pts',(265.270027467579,-85.1022662984426,9.51));
#1640=CARTESIAN_POINT('Ctrl Pts',(265.119998607125,-84.5688931331377,9.51));
#1641=CARTESIAN_POINT('Ctrl Pts',(264.966695432348,-84.0464579792366,9.51));
#1642=CARTESIAN_POINT('Ctrl Pts',(264.809330870074,-83.5101822013219,9.51));
#1643=CARTESIAN_POINT('Ctrl Pts',(264.648516153838,-82.9854315425754,9.51));
#1644=CARTESIAN_POINT('Ctrl Pts',(264.484208739005,-82.4719294948422,9.51));
#1645=CARTESIAN_POINT('Ctrl Pts',(264.310961452713,-81.930488097533,9.51));
#1646=CARTESIAN_POINT('Ctrl Pts',(264.133831005251,-81.4015525106845,9.51));
#1647=CARTESIAN_POINT('Ctrl Pts',(263.952760254199,-80.8847382841151,9.51));
#1648=CARTESIAN_POINT('Ctrl Pts',(263.754511782171,-80.3188952081677,9.51));
#1649=CARTESIAN_POINT('Ctrl Pts',(263.551539849289,-79.7675818714996,9.51));
#1650=CARTESIAN_POINT('Ctrl Pts',(263.343761987991,-79.2302289853385,9.51));
#1651=CARTESIAN_POINT('Ctrl Pts',(263.092388792495,-78.5801303114007,9.51));
#1652=CARTESIAN_POINT('Ctrl Pts',(262.833981187526,-77.9504639177576,9.51));
#1653=CARTESIAN_POINT('Ctrl Pts',(262.568384466329,-77.3401412032783,9.51));
#1654=CARTESIAN_POINT('Ctrl Pts',(262.25984730691,-76.6311443609786,9.51));
#1655=CARTESIAN_POINT('Ctrl Pts',(261.941607611753,-75.9482452614888,9.51));
#1656=CARTESIAN_POINT('Ctrl Pts',(261.613420934177,-75.2896986466417,9.51));
#1657=CARTESIAN_POINT('Ctrl Pts',(261.360945249826,-74.7830753781757,9.51));
#1658=CARTESIAN_POINT('Ctrl Pts',(261.102582464858,-74.2908631154429,9.51));
#1659=CARTESIAN_POINT('Ctrl Pts',(260.838226383131,-73.8122924508728,9.51));
#1660=CARTESIAN_POINT('Ctrl Pts',(260.594031992656,-73.3702210183924,9.51));
#1661=CARTESIAN_POINT('Ctrl Pts',(260.344723507502,-72.9397888726591,9.51));
#1662=CARTESIAN_POINT('Ctrl Pts',(260.090224004551,-72.520428304184,9.51));
#1663=CARTESIAN_POINT('Ctrl Pts',(259.850143132702,-72.1248265457087,9.51));
#1664=CARTESIAN_POINT('Ctrl Pts',(259.605442697825,-71.7390768533123,9.51));
#1665=CARTESIAN_POINT('Ctrl Pts',(259.356065764012,-71.3627480357892,9.51));
#1666=CARTESIAN_POINT('Ctrl Pts',(259.104067443369,-70.9824633455595,9.51));
#1667=CARTESIAN_POINT('Ctrl Pts',(258.84729379621,-70.6117985907021,9.51));
#1668=CARTESIAN_POINT('Ctrl Pts',(258.585694936491,-70.2503626388543,9.51));
#1669=CARTESIAN_POINT('Ctrl Pts',(258.319594526988,-69.8827071571036,9.51));
#1670=CARTESIAN_POINT('Ctrl Pts',(258.04850144399,-69.524600927448,9.51));
#1671=CARTESIAN_POINT('Ctrl Pts',(257.772371928306,-69.1756865893909,9.51));
#1672=CARTESIAN_POINT('Ctrl Pts',(257.491048741898,-68.8202095838913,9.51));
#1673=CARTESIAN_POINT('Ctrl Pts',(257.204497916865,-68.4742736102696,9.51));
#1674=CARTESIAN_POINT('Ctrl Pts',(256.912681683376,-68.1375550568759,9.51));
#1675=CARTESIAN_POINT('Ctrl Pts',(256.614807172748,-67.7938460276955,9.51));
#1676=CARTESIAN_POINT('Ctrl Pts',(256.311446396373,-67.4597412333873,9.51));
#1677=CARTESIAN_POINT('Ctrl Pts',(256.002567405324,-67.134950760857,9.51));
#1678=CARTESIAN_POINT('Ctrl Pts',(255.686528539607,-66.8026315824442,9.51));
#1679=CARTESIAN_POINT('Ctrl Pts',(255.364712702496,-66.4800636874718,9.51));
#1680=CARTESIAN_POINT('Ctrl Pts',(255.037093640346,-66.1669907658497,9.51));
#1681=CARTESIAN_POINT('Ctrl Pts',(254.700897374487,-65.8457214645459,9.51));
#1682=CARTESIAN_POINT('Ctrl Pts',(254.358590084866,-65.5344509711823,9.51));
#1683=CARTESIAN_POINT('Ctrl Pts',(254.010151122395,-65.232956479413,9.51));
#1684=CARTESIAN_POINT('Ctrl Pts',(253.645358852713,-64.917311928158,9.51));
#1685=CARTESIAN_POINT('Ctrl Pts',(253.27384587867,-64.612382599046,9.51));
#1686=CARTESIAN_POINT('Ctrl Pts',(252.895596337294,-64.3179700299385,9.51));
#1687=CARTESIAN_POINT('Ctrl Pts',(252.504130642004,-64.0132705962021,9.51));
#1688=CARTESIAN_POINT('Ctrl Pts',(252.105449469158,-63.719835923378,9.51));
#1689=CARTESIAN_POINT('Ctrl Pts',(251.699542635879,-63.4375034340752,9.51));
#1690=CARTESIAN_POINT('Ctrl Pts',(251.276581968624,-63.1433089828547,9.51));
#1691=CARTESIAN_POINT('Ctrl Pts',(250.84577581753,-62.8611695120832,9.51));
#1692=CARTESIAN_POINT('Ctrl Pts',(250.407119317399,-62.5909582295174,9.51));
#1693=CARTESIAN_POINT('Ctrl Pts',(249.929456018777,-62.2967188588095,9.51));
#1694=CARTESIAN_POINT('Ctrl Pts',(249.44248424828,-62.0166235032186,9.51));
#1695=CARTESIAN_POINT('Ctrl Pts',(248.946203916278,-61.7505721467707,9.51));
#1696=CARTESIAN_POINT('Ctrl Pts',(248.413762645248,-61.46513524095,9.51));
#1697=CARTESIAN_POINT('Ctrl Pts',(247.870607104089,-61.1958642214703,9.51));
#1698=CARTESIAN_POINT('Ctrl Pts',(247.316741257229,-60.9426991309599,9.51));
#1699=CARTESIAN_POINT('Ctrl Pts',(246.658262270971,-60.6417166943276,9.51));
#1700=CARTESIAN_POINT('Ctrl Pts',(245.98464558837,-60.3634998624178,9.51));
#1701=CARTESIAN_POINT('Ctrl Pts',(245.295896971722,-60.1080230374704,9.51));
#1702=CARTESIAN_POINT('Ctrl Pts',(245.197573041964,-60.0715518420533,9.51));
#1703=CARTESIAN_POINT('Ctrl Pts',(245.098940717156,-60.035544164499,9.51));
#1704=CARTESIAN_POINT('Ctrl Pts',(245.,-60.,9.51));
#1705=CARTESIAN_POINT('',(235.,-117.5,-6.49));
#1706=CARTESIAN_POINT('',(235.,-117.5,13.51));
#1707=CARTESIAN_POINT('Ctrl Pts',(235.,-117.5,-6.49));
#1708=CARTESIAN_POINT('Ctrl Pts',(235.,-118.395079980053,-6.49));
#1709=CARTESIAN_POINT('Ctrl Pts',(235.338239497556,-119.813821018205,-6.49));
#1710=CARTESIAN_POINT('Ctrl Pts',(236.860758421607,-120.826852261531,-6.49));
#1711=CARTESIAN_POINT('Ctrl Pts',(240.442842022405,-120.683978495669,-6.49));
#1712=CARTESIAN_POINT('Ctrl Pts',(245.247537525986,-121.279660175967,-6.49));
#1713=CARTESIAN_POINT('Ctrl Pts',(248.265360008075,-125.290924293477,-6.49));
#1714=CARTESIAN_POINT('Ctrl Pts',(248.977734991016,-132.242544192028,-6.49));
#1715=CARTESIAN_POINT('Ctrl Pts',(248.089509810514,-139.532639652756,-6.49));
#1716=CARTESIAN_POINT('Ctrl Pts',(246.44403023709,-144.876334758569,-6.49));
#1717=CARTESIAN_POINT('Ctrl Pts',(244.720421123975,-147.064334817757,-6.49));
#1718=CARTESIAN_POINT('Ctrl Pts',(241.531482265451,-150.244819776408,-6.49));
#1719=CARTESIAN_POINT('Ctrl Pts',(236.968719541743,-156.195965452384,-6.49));
#1720=CARTESIAN_POINT('Ctrl Pts',(232.579921820824,-163.744348593537,-6.49));
#1721=CARTESIAN_POINT('Ctrl Pts',(230.040585726195,-171.161033077617,-6.49));
#1722=CARTESIAN_POINT('Ctrl Pts',(230.716547040103,-176.496700624437,-6.49));
#1723=CARTESIAN_POINT('Ctrl Pts',(234.085406336029,-180.60349486055,-6.49));
#1724=CARTESIAN_POINT('Ctrl Pts',(238.684481102716,-184.158644412772,-6.49));
#1725=CARTESIAN_POINT('Ctrl Pts',(244.013656263863,-184.9765361679,-6.49));
#1726=CARTESIAN_POINT('Ctrl Pts',(249.615818778347,-181.244713850693,-6.49));
#1727=CARTESIAN_POINT('Ctrl Pts',(255.082485174393,-174.105325959007,-6.49));
#1728=CARTESIAN_POINT('Ctrl Pts',(259.91678832213,-166.723741848454,-6.49));
#1729=CARTESIAN_POINT('Ctrl Pts',(263.886629347589,-159.612447178669,-6.49));
#1730=CARTESIAN_POINT('Ctrl Pts',(266.863314040885,-152.808103031453,-6.49));
#1731=CARTESIAN_POINT('Ctrl Pts',(268.846843985677,-145.585127291127,-6.49));
#1732=CARTESIAN_POINT('Ctrl Pts',(269.916105165586,-137.28275579926,-6.49));
#1733=CARTESIAN_POINT('Ctrl Pts',(270.205045525303,-127.468172575008,-6.49));
#1734=CARTESIAN_POINT('Ctrl Pts',(269.884500710517,-116.821607211596,-6.49));
#1735=CARTESIAN_POINT('Ctrl Pts',(269.097972725906,-106.548449468765,-6.49));
#1736=CARTESIAN_POINT('Ctrl Pts',(267.922904543683,-97.1565728409377,-6.49));
#1737=CARTESIAN_POINT('Ctrl Pts',(266.398876855231,-88.9754602527842,-6.49));
#1738=CARTESIAN_POINT('Ctrl Pts',(264.531456564508,-82.0488927421368,-6.49));
#1739=CARTESIAN_POINT('Ctrl Pts',(262.306204802646,-76.290624616578,-6.49));
#1740=CARTESIAN_POINT('Ctrl Pts',(259.698142896778,-71.5253788406316,-6.49));
#1741=CARTESIAN_POINT('Ctrl Pts',(256.683328153994,-67.5797131894534,-6.49));
#1742=CARTESIAN_POINT('Ctrl Pts',(253.249020293798,-64.3477090000964,-6.49));
#1743=CARTESIAN_POINT('Ctrl Pts',(250.16189963026,-62.2892582142404,-6.49));
#1744=CARTESIAN_POINT('Ctrl Pts',(247.655249805967,-61.0329562111821,-6.49));
#1745=CARTESIAN_POINT('Ctrl Pts',(245.899235619191,-60.3230477774019,-6.49));
#1746=CARTESIAN_POINT('Ctrl Pts',(245.,-60.,-6.49));
#1747=CARTESIAN_POINT('Origin',(235.,-95.,13.51));
#1748=CARTESIAN_POINT('',(235.,-95.,9.51));
#1749=CARTESIAN_POINT('',(235.,-108.744134041975,9.51));
#1750=CARTESIAN_POINT('',(235.,-95.,-6.49));
#1751=CARTESIAN_POINT('',(235.,-95.,13.51));
#1752=CARTESIAN_POINT('',(235.,-95.,-6.49));
#1753=CARTESIAN_POINT('Origin',(230.,-95.,13.51));
#1754=CARTESIAN_POINT('',(230.,-95.,9.51));
#1755=CARTESIAN_POINT('',(208.801261381326,-95.,9.51));
#1756=CARTESIAN_POINT('',(230.,-95.,-6.49));
#1757=CARTESIAN_POINT('',(230.,-95.,13.51));
#1758=CARTESIAN_POINT('',(235.,-95.,-6.49));
#1759=CARTESIAN_POINT('Origin',(230.,-89.7766245759779,13.51));
#1760=CARTESIAN_POINT('',(230.,-106.132446329964,9.51));
#1761=CARTESIAN_POINT('',(230.,-89.7766245759779,-6.49));
#1762=CARTESIAN_POINT('Origin',(205.,-70.,13.51));
#1763=CARTESIAN_POINT('',(110.,-70.,9.51));
#1764=CARTESIAN_POINT('',(163.698738618674,-70.,9.51));
#1765=CARTESIAN_POINT('',(110.,-70.,-6.49));
#1766=CARTESIAN_POINT('',(110.,-70.,13.51));
#1767=CARTESIAN_POINT('',(205.,-70.,-6.49));
#1768=CARTESIAN_POINT('Origin',(122.397477237348,-122.48826808395,9.51));
#1769=CARTESIAN_POINT('',(82.5,-89.7766245759779,9.51));
#1770=CARTESIAN_POINT('',(80.,-89.7766245759779,9.51));
#1771=CARTESIAN_POINT('',(102.448738618674,-89.7766245759779,9.51));
#1772=CARTESIAN_POINT('',(82.5,-81.25,9.51));
#1773=CARTESIAN_POINT('',(82.5,-101.869134041975,9.51));
#1774=CARTESIAN_POINT('',(90.2958698311676,-81.25,9.51));
#1775=CARTESIAN_POINT('',(106.346673534258,-81.25,9.51));
#1776=CARTESIAN_POINT('',(90.2958698311676,-74.6025471822427,9.51));
#1777=CARTESIAN_POINT('',(90.2958698311676,-98.5454076330963,9.51));
#1778=CARTESIAN_POINT('',(110.,-74.6025471822427,9.51));
#1779=CARTESIAN_POINT('',(116.198738618674,-74.6025471822427,9.51));
#1780=CARTESIAN_POINT('',(110.,-96.2441340419749,9.51));
#1781=CARTESIAN_POINT('',(95.,-65.,9.51));
#1782=CARTESIAN_POINT('',(201.301261381326,-65.,9.51));
#1783=CARTESIAN_POINT('',(95.,-60.,9.51));
#1784=CARTESIAN_POINT('',(95.,-91.2441340419749,9.51));
#1785=CARTESIAN_POINT('',(65.,-60.,9.51));
#1786=CARTESIAN_POINT('',(93.6987386186742,-60.,9.51));
#1787=CARTESIAN_POINT('',(75.,-117.5,9.51));
#1788=CARTESIAN_POINT('Ctrl Pts',(75.,-117.5,9.51));
#1789=CARTESIAN_POINT('Ctrl Pts',(75.,-117.638339405318,9.51));
#1790=CARTESIAN_POINT('Ctrl Pts',(74.9951497969345,-117.771351767716,9.51));
#1791=CARTESIAN_POINT('Ctrl Pts',(74.9854633662608,-117.899058399702,9.51));
#1792=CARTESIAN_POINT('Ctrl Pts',(74.975631917946,-118.028676955197,9.51));
#1793=CARTESIAN_POINT('Ctrl Pts',(74.9608183842473,-118.152829796088,9.51));
#1794=CARTESIAN_POINT('Ctrl Pts',(74.9410669238037,-118.271584482905,9.51));
#1795=CARTESIAN_POINT('Ctrl Pts',(74.9209960663717,-118.392259528443,9.51));
#1796=CARTESIAN_POINT('Ctrl Pts',(74.8958263275771,-118.507360500953,9.51));
#1797=CARTESIAN_POINT('Ctrl Pts',(74.865633788037,-118.617003573548,9.51));
#1798=CARTESIAN_POINT('Ctrl Pts',(74.8349105195779,-118.728573968266,9.51));
#1799=CARTESIAN_POINT('Ctrl Pts',(74.7989863553081,-118.834492981968,9.51));
#1800=CARTESIAN_POINT('Ctrl Pts',(74.7579714337673,-118.934928309306,9.51));
#1801=CARTESIAN_POINT('Ctrl Pts',(74.7161668905507,-119.037297223458,9.51));
#1802=CARTESIAN_POINT('Ctrl Pts',(74.6690737314886,-119.133969367905,9.51));
#1803=CARTESIAN_POINT('Ctrl Pts',(74.6168388239338,-119.225167601777,9.51));
#1804=CARTESIAN_POINT('Ctrl Pts',(74.563492579384,-119.318306146755,9.51));
#1805=CARTESIAN_POINT('Ctrl Pts',(74.5047835171545,-119.405735484618,9.51));
#1806=CARTESIAN_POINT('Ctrl Pts',(74.4408986445238,-119.487738298523,9.51));
#1807=CARTESIAN_POINT('Ctrl Pts',(74.3754951697973,-119.571690394628,9.51));
#1808=CARTESIAN_POINT('Ctrl Pts',(74.30466694477,-119.649955031505,9.51));
#1809=CARTESIAN_POINT('Ctrl Pts',(74.2286455856137,-119.72288083009,9.51));
#1810=CARTESIAN_POINT('Ctrl Pts',(74.1505775243728,-119.797769989837,9.51));
#1811=CARTESIAN_POINT('Ctrl Pts',(74.0670329964492,-119.867029104839,9.51));
#1812=CARTESIAN_POINT('Ctrl Pts',(73.9782942683845,-119.931081011261,9.51));
#1813=CARTESIAN_POINT('Ctrl Pts',(73.8868022316633,-119.997120264947,9.51));
#1814=CARTESIAN_POINT('Ctrl Pts',(73.7897887379046,-120.057624326605,9.51));
#1815=CARTESIAN_POINT('Ctrl Pts',(73.6875952008061,-120.113101906457,9.51));
#1816=CARTESIAN_POINT('Ctrl Pts',(73.5816695971825,-120.170605505023,9.51));
#1817=CARTESIAN_POINT('Ctrl Pts',(73.4701787715002,-120.222708980549,9.51));
#1818=CARTESIAN_POINT('Ctrl Pts',(73.3535357824865,-120.27002408264,9.51));
#1819=CARTESIAN_POINT('Ctrl Pts',(73.2320975241375,-120.31928433943,9.51));
#1820=CARTESIAN_POINT('Ctrl Pts',(73.1050748616743,-120.363354647633,9.51));
#1821=CARTESIAN_POINT('Ctrl Pts',(72.9729676378319,-120.402970222169,9.51));
#1822=CARTESIAN_POINT('Ctrl Pts',(72.834327406593,-120.444544878381,9.51));
#1823=CARTESIAN_POINT('Ctrl Pts',(72.6900873896019,-120.481213591366,9.51));
#1824=CARTESIAN_POINT('Ctrl Pts',(72.5408604017845,-120.513870794661,9.51));
#1825=CARTESIAN_POINT('Ctrl Pts',(72.3753242963402,-120.550097125616,9.51));
#1826=CARTESIAN_POINT('Ctrl Pts',(72.2036514668183,-120.581387328758,9.51));
#1827=CARTESIAN_POINT('Ctrl Pts',(72.0267213499915,-120.609013296807,9.51));
#1828=CARTESIAN_POINT('Ctrl Pts',(71.8286684125252,-120.639937393963,9.51));
#1829=CARTESIAN_POINT('Ctrl Pts',(71.6240280492143,-120.666270848641,9.51));
#1830=CARTESIAN_POINT('Ctrl Pts',(71.41408582996,-120.689851873546,9.51));
#1831=CARTESIAN_POINT('Ctrl Pts',(71.1705337589912,-120.717208007399,9.51));
#1832=CARTESIAN_POINT('Ctrl Pts',(70.9198469583091,-120.74086223058,9.51));
#1833=CARTESIAN_POINT('Ctrl Pts',(70.6640949319305,-120.763729816497,9.51));
#1834=CARTESIAN_POINT('Ctrl Pts',(70.4143766797154,-120.786057903857,9.51));
#1835=CARTESIAN_POINT('Ctrl Pts',(70.1598317820884,-120.807639848497,9.51));
#1836=CARTESIAN_POINT('Ctrl Pts',(69.9024157798794,-120.831179183549,9.51));
#1837=CARTESIAN_POINT('Ctrl Pts',(69.6910943681467,-120.850503411537,9.51));
#1838=CARTESIAN_POINT('Ctrl Pts',(69.4778390990135,-120.871147523225,9.51));
#1839=CARTESIAN_POINT('Ctrl Pts',(69.2637304902648,-120.894575349416,9.51));
#1840=CARTESIAN_POINT('Ctrl Pts',(69.0715819658415,-120.915600296798,9.51));
#1841=CARTESIAN_POINT('Ctrl Pts',(68.8787466351303,-120.938867669851,9.51));
#1842=CARTESIAN_POINT('Ctrl Pts',(68.6859953248442,-120.965399963954,9.51));
#1843=CARTESIAN_POINT('Ctrl Pts',(68.4942193835081,-120.991797998134,9.51));
#1844=CARTESIAN_POINT('Ctrl Pts',(68.3025271615545,-121.021428921516,9.51));
#1845=CARTESIAN_POINT('Ctrl Pts',(68.1116597540212,-121.055251882108,9.51));
#1846=CARTESIAN_POINT('Ctrl Pts',(67.9378652160138,-121.086049417875,9.51));
#1847=CARTESIAN_POINT('Ctrl Pts',(67.7647546284837,-121.120322550119,9.51));
#1848=CARTESIAN_POINT('Ctrl Pts',(67.5928685766083,-121.15875079327,9.51));
#1849=CARTESIAN_POINT('Ctrl Pts',(67.4285953040457,-121.195477061588,9.51));
#1850=CARTESIAN_POINT('Ctrl Pts',(67.2654406450784,-121.235998707064,9.51));
#1851=CARTESIAN_POINT('Ctrl Pts',(67.1038565701302,-121.28086479927,9.51));
#1852=CARTESIAN_POINT('Ctrl Pts',(66.9481119437946,-121.324109486397,9.51));
#1853=CARTESIAN_POINT('Ctrl Pts',(66.7938265497627,-121.371390433431,9.51));
#1854=CARTESIAN_POINT('Ctrl Pts',(66.6413843014478,-121.423155069997,9.51));
#1855=CARTESIAN_POINT('Ctrl Pts',(66.4935971992488,-121.473338964022,9.51));
#1856=CARTESIAN_POINT('Ctrl Pts',(66.3475424882081,-121.527737015902,9.51));
#1857=CARTESIAN_POINT('Ctrl Pts',(66.2035485243079,-121.586712565696,9.51));
#1858=CARTESIAN_POINT('Ctrl Pts',(66.0633627561254,-121.644128394304,9.51));
#1859=CARTESIAN_POINT('Ctrl Pts',(65.9251302570433,-121.705882911006,9.51));
#1860=CARTESIAN_POINT('Ctrl Pts',(65.789132071377,-121.77226696688,9.51));
#1861=CARTESIAN_POINT('Ctrl Pts',(65.6563063835325,-121.83710244862,9.51));
#1862=CARTESIAN_POINT('Ctrl Pts',(65.5256120539919,-121.906354095589,9.51));
#1863=CARTESIAN_POINT('Ctrl Pts',(65.3972885807861,-121.980248396343,9.51));
#1864=CARTESIAN_POINT('Ctrl Pts',(65.2710801949367,-122.052924736755,9.51));
#1865=CARTESIAN_POINT('Ctrl Pts',(65.1471652297294,-122.130092060168,9.51));
#1866=CARTESIAN_POINT('Ctrl Pts',(65.0257485434804,-122.211920641349,9.51));
#1867=CARTESIAN_POINT('Ctrl Pts',(64.9037132315622,-122.294166144309,9.51));
#1868=CARTESIAN_POINT('Ctrl Pts',(64.7842017197212,-122.381120494889,9.51));
#1869=CARTESIAN_POINT('Ctrl Pts',(64.6673978466453,-122.472909544594,9.51));
#1870=CARTESIAN_POINT('Ctrl Pts',(64.5496924979386,-122.565407009091,9.51));
#1871=CARTESIAN_POINT('Ctrl Pts',(64.4347367363441,-122.662814045612,9.51));
#1872=CARTESIAN_POINT('Ctrl Pts',(64.3226943219389,-122.765212425001,9.51));
#1873=CARTESIAN_POINT('Ctrl Pts',(64.2097530326879,-122.868432308711,9.51));
#1874=CARTESIAN_POINT('Ctrl Pts',(64.0997720161992,-122.976723899959,9.51));
#1875=CARTESIAN_POINT('Ctrl Pts',(63.9928944488176,-123.090124010476,9.51));
#1876=CARTESIAN_POINT('Ctrl Pts',(63.8851242253399,-123.204471254263,9.51));
#1877=CARTESIAN_POINT('Ctrl Pts',(63.7805095009053,-123.324012661773,9.51));
#1878=CARTESIAN_POINT('Ctrl Pts',(63.6791723100445,-123.44873911243,9.51));
#1879=CARTESIAN_POINT('Ctrl Pts',(63.5769525251549,-123.574551865359,9.51));
#1880=CARTESIAN_POINT('Ctrl Pts',(63.4780676061925,-123.705640324544,9.51));
#1881=CARTESIAN_POINT('Ctrl Pts',(63.3826178267636,-123.841948354582,9.51));
#1882=CARTESIAN_POINT('Ctrl Pts',(63.286299617961,-123.979496554036,9.51));
#1883=CARTESIAN_POINT('Ctrl Pts',(63.193479333293,-124.122359684016,9.51));
#1884=CARTESIAN_POINT('Ctrl Pts',(63.1042347955991,-124.270433384873,9.51));
#1885=CARTESIAN_POINT('Ctrl Pts',(63.0141403959373,-124.419917168745,9.51));
#1886=CARTESIAN_POINT('Ctrl Pts',(62.9276901625488,-124.574711181538,9.51));
#1887=CARTESIAN_POINT('Ctrl Pts',(62.8449386951713,-124.734661481738,9.51));
#1888=CARTESIAN_POINT('Ctrl Pts',(62.7613606858217,-124.896209404805,9.51));
#1889=CARTESIAN_POINT('Ctrl Pts',(62.6815556923211,-125.063017077817,9.51));
#1890=CARTESIAN_POINT('Ctrl Pts',(62.6055542221092,-125.234879445545,9.51));
#1891=CARTESIAN_POINT('Ctrl Pts',(62.5287546932078,-125.40854646594,9.51));
#1892=CARTESIAN_POINT('Ctrl Pts',(62.4558389778001,-125.587374832963,9.51));
#1893=CARTESIAN_POINT('Ctrl Pts',(62.3868125072584,-125.771106639481,9.51));
#1894=CARTESIAN_POINT('Ctrl Pts',(62.3167791753771,-125.9575184679,9.51));
#1895=CARTESIAN_POINT('Ctrl Pts',(62.2507493751381,-126.148977769714,9.51));
#1896=CARTESIAN_POINT('Ctrl Pts',(62.1887021141291,-126.345168518259,9.51));
#1897=CARTESIAN_POINT('Ctrl Pts',(62.1247398238293,-126.547414506374,9.51));
#1898=CARTESIAN_POINT('Ctrl Pts',(62.0650096570191,-126.754688335975,9.51));
#1899=CARTESIAN_POINT('Ctrl Pts',(62.0094607588937,-126.966596232564,9.51));
#1900=CARTESIAN_POINT('Ctrl Pts',(61.951829157781,-127.18644922301,9.51));
#1901=CARTESIAN_POINT('Ctrl Pts',(61.8986981927301,-127.41129007204,9.51));
#1902=CARTESIAN_POINT('Ctrl Pts',(61.8499822193292,-127.640631573194,9.51));
#1903=CARTESIAN_POINT('Ctrl Pts',(61.797633638108,-127.887074400104,9.51));
#1904=CARTESIAN_POINT('Ctrl Pts',(61.750383105286,-128.138714024371,9.51));
#1905=CARTESIAN_POINT('Ctrl Pts',(61.708091114724,-128.394894029248,9.51));
#1906=CARTESIAN_POINT('Ctrl Pts',(61.6629149693902,-128.668544547423,9.51));
#1907=CARTESIAN_POINT('Ctrl Pts',(61.6233967053624,-128.947375450056,9.51));
#1908=CARTESIAN_POINT('Ctrl Pts',(61.5893292331483,-129.230533202176,9.51));
#1909=CARTESIAN_POINT('Ctrl Pts',(61.5518733610705,-129.541854232236,9.51));
#1910=CARTESIAN_POINT('Ctrl Pts',(61.5210064931453,-129.858404979223,9.51));
#1911=CARTESIAN_POINT('Ctrl Pts',(61.4964098840794,-130.178996276907,9.51));
#1912=CARTESIAN_POINT('Ctrl Pts',(61.4676814207747,-130.553442010733,9.51));
#1913=CARTESIAN_POINT('Ctrl Pts',(61.4475068766774,-130.933398179579,9.51));
#1914=CARTESIAN_POINT('Ctrl Pts',(61.4353195618061,-131.316915750822,9.51));
#1915=CARTESIAN_POINT('Ctrl Pts',(61.4221970217292,-131.729863537265,9.51));
#1916=CARTESIAN_POINT('Ctrl Pts',(61.4183330774291,-132.146935588423,9.51));
#1917=CARTESIAN_POINT('Ctrl Pts',(61.4229692437889,-132.565693067296,9.51));
#1918=CARTESIAN_POINT('Ctrl Pts',(61.4271411083658,-132.942512913014,9.51));
#1919=CARTESIAN_POINT('Ctrl Pts',(61.438194659878,-133.32069631615,9.51));
#1920=CARTESIAN_POINT('Ctrl Pts',(61.4555596863151,-133.698505516091,9.51));
#1921=CARTESIAN_POINT('Ctrl Pts',(61.4719473291096,-134.055049874693,9.51));
#1922=CARTESIAN_POINT('Ctrl Pts',(61.4939555694255,-134.41126061734,9.51));
#1923=CARTESIAN_POINT('Ctrl Pts',(61.5210974802747,-134.765722005051,9.51));
#1924=CARTESIAN_POINT('Ctrl Pts',(61.5469979903465,-135.103971245991,9.51));
#1925=CARTESIAN_POINT('Ctrl Pts',(61.5775730404517,-135.440627244521,9.51));
#1926=CARTESIAN_POINT('Ctrl Pts',(61.6123968961783,-135.774506032662,9.51));
#1927=CARTESIAN_POINT('Ctrl Pts',(61.6458983364502,-136.095705970048,9.51));
#1928=CARTESIAN_POINT('Ctrl Pts',(61.68333182163,-136.414335423358,9.51));
#1929=CARTESIAN_POINT('Ctrl Pts',(61.7243190988462,-136.729387293989,9.51));
#1930=CARTESIAN_POINT('Ctrl Pts',(61.7639834569703,-137.034270444886,9.51));
#1931=CARTESIAN_POINT('Ctrl Pts',(61.8069757513703,-137.335803068671,9.51));
#1932=CARTESIAN_POINT('Ctrl Pts',(61.8529564273128,-137.633119977495,9.51));
#1933=CARTESIAN_POINT('Ctrl Pts',(61.8976502133464,-137.922115692213,9.51));
#1934=CARTESIAN_POINT('Ctrl Pts',(61.9451673248654,-138.207128229406,9.51));
#1935=CARTESIAN_POINT('Ctrl Pts',(61.9952010046492,-138.487410833944,9.51));
#1936=CARTESIAN_POINT('Ctrl Pts',(62.0426750669171,-138.753354771667,9.51));
#1937=CARTESIAN_POINT('Ctrl Pts',(62.09241473199,-139.015040436513,9.51));
#1938=CARTESIAN_POINT('Ctrl Pts',(62.1441638657774,-139.271873511755,9.51));
#1939=CARTESIAN_POINT('Ctrl Pts',(62.1914696202249,-139.506653912935,9.51));
#1940=CARTESIAN_POINT('Ctrl Pts',(62.2404542816909,-139.737378944143,9.51));
#1941=CARTESIAN_POINT('Ctrl Pts',(62.2909294523944,-139.963632724901,9.51));
#1942=CARTESIAN_POINT('Ctrl Pts',(62.340255459206,-140.184735405196,9.51));
#1943=CARTESIAN_POINT('Ctrl Pts',(62.3910045289726,-140.401567396632,9.51));
#1944=CARTESIAN_POINT('Ctrl Pts',(62.4430130577102,-140.613787279363,9.51));
#1945=CARTESIAN_POINT('Ctrl Pts',(62.4915217212403,-140.811726023945,9.51));
#1946=CARTESIAN_POINT('Ctrl Pts',(62.5411259048822,-141.00565238606,9.51));
#1947=CARTESIAN_POINT('Ctrl Pts',(62.5917067877232,-141.195335568004,9.51));
#1948=CARTESIAN_POINT('Ctrl Pts',(62.6401269927559,-141.376916000078,9.51));
#1949=CARTESIAN_POINT('Ctrl Pts',(62.6894421145031,-141.554607843022,9.51));
#1950=CARTESIAN_POINT('Ctrl Pts',(62.739562980695,-141.728254867209,9.51));
#1951=CARTESIAN_POINT('Ctrl Pts',(62.7879249761084,-141.895808168367,9.51));
#1952=CARTESIAN_POINT('Ctrl Pts',(62.8370370608441,-142.059595404145,9.51));
#1953=CARTESIAN_POINT('Ctrl Pts',(62.886835023259,-142.219522654843,9.51));
#1954=CARTESIAN_POINT('Ctrl Pts',(62.9351494754276,-142.374685579782,9.51));
#1955=CARTESIAN_POINT('Ctrl Pts',(62.9841094690329,-142.526214945423,9.51));
#1956=CARTESIAN_POINT('Ctrl Pts',(63.0336728747619,-142.674071555516,9.51));
#1957=CARTESIAN_POINT('Ctrl Pts',(63.0819532185959,-142.818100559746,9.51));
#1958=CARTESIAN_POINT('Ctrl Pts',(63.1308060697451,-142.958644387283,9.51));
#1959=CARTESIAN_POINT('Ctrl Pts',(63.1802094728129,-143.095713496323,9.51));
#1960=CARTESIAN_POINT('Ctrl Pts',(63.2284819172308,-143.229644775074,9.51));
#1961=CARTESIAN_POINT('Ctrl Pts',(63.2772799362724,-143.36025850036,9.51));
#1962=CARTESIAN_POINT('Ctrl Pts',(63.3266004110177,-143.487611205717,9.51));
#1963=CARTESIAN_POINT('Ctrl Pts',(63.3749087824445,-143.612350511743,9.51));
#1964=CARTESIAN_POINT('Ctrl Pts',(63.4237183348239,-143.73396117031,9.51));
#1965=CARTESIAN_POINT('Ctrl Pts',(63.4730438082962,-143.852543155463,9.51));
#1966=CARTESIAN_POINT('Ctrl Pts',(63.5215685598753,-143.969200147606,9.51));
#1967=CARTESIAN_POINT('Ctrl Pts',(63.5705925640205,-144.08292589603,9.51));
#1968=CARTESIAN_POINT('Ctrl Pts',(63.6201479339277,-144.193862891255,9.51));
#1969=CARTESIAN_POINT('Ctrl Pts',(63.670802915325,-144.307261528776,9.51));
#1970=CARTESIAN_POINT('Ctrl Pts',(63.7220131517417,-144.417746344986,9.51));
#1971=CARTESIAN_POINT('Ctrl Pts',(63.7738327233347,-144.525521193792,9.51));
#1972=CARTESIAN_POINT('Ctrl Pts',(63.8277265396788,-144.637610076999,9.51));
#1973=CARTESIAN_POINT('Ctrl Pts',(63.8822795652343,-144.746767890792,9.51));
#1974=CARTESIAN_POINT('Ctrl Pts',(63.9375723271167,-144.853276804912,9.51));
#1975=CARTESIAN_POINT('Ctrl Pts',(63.9956170761549,-144.965086795587,9.51));
#1976=CARTESIAN_POINT('Ctrl Pts',(64.0544771826869,-145.073977886946,9.51));
#1977=CARTESIAN_POINT('Ctrl Pts',(64.114265015469,-145.18033038278,9.51));
#1978=CARTESIAN_POINT('Ctrl Pts',(64.1779786743733,-145.293666262807,9.51));
#1979=CARTESIAN_POINT('Ctrl Pts',(64.2427461149442,-145.404119545479,9.51));
#1980=CARTESIAN_POINT('Ctrl Pts',(64.3087217337353,-145.51220596122,9.51));
#1981=CARTESIAN_POINT('Ctrl Pts',(64.3815219638653,-145.631472988708,9.51));
#1982=CARTESIAN_POINT('Ctrl Pts',(64.4557936219703,-145.747858617671,9.51));
#1983=CARTESIAN_POINT('Ctrl Pts',(64.5317613019892,-145.862115542234,9.51));
#1984=CARTESIAN_POINT('Ctrl Pts',(64.6247001987392,-146.001897519416,9.51));
#1985=CARTESIAN_POINT('Ctrl Pts',(64.7201786605839,-146.138494419328,9.51));
#1986=CARTESIAN_POINT('Ctrl Pts',(64.8186211746672,-146.273361167289,9.51));
#1987=CARTESIAN_POINT('Ctrl Pts',(64.9194353696938,-146.411477130278,9.51));
#1988=CARTESIAN_POINT('Ctrl Pts',(65.0233604166686,-146.547783271541,9.51));
#1989=CARTESIAN_POINT('Ctrl Pts',(65.1308366645963,-146.683865512369,9.51));
#1990=CARTESIAN_POINT('Ctrl Pts',(65.2163498794785,-146.792139015826,9.51));
#1991=CARTESIAN_POINT('Ctrl Pts',(65.3041113225393,-146.900272165676,9.51));
#1992=CARTESIAN_POINT('Ctrl Pts',(65.3943212772271,-147.00904305347,9.51));
#1993=CARTESIAN_POINT('Ctrl Pts',(65.4788112852372,-147.110917100662,9.51));
#1994=CARTESIAN_POINT('Ctrl Pts',(65.5654494469626,-147.213351445983,9.51));
#1995=CARTESIAN_POINT('Ctrl Pts',(65.6543759749309,-147.316950764313,9.51));
#1996=CARTESIAN_POINT('Ctrl Pts',(65.7429551336493,-147.420145397805,9.51));
#1997=CARTESIAN_POINT('Ctrl Pts',(65.8338050033297,-147.524496395791,9.51));
#1998=CARTESIAN_POINT('Ctrl Pts',(65.9270345365223,-147.630554148508,9.51));
#1999=CARTESIAN_POINT('Ctrl Pts',(66.0198998918509,-147.736197613129,9.51));
#2000=CARTESIAN_POINT('Ctrl Pts',(66.1151263330769,-147.843534575213,9.51));
#2001=CARTESIAN_POINT('Ctrl Pts',(66.2127915495286,-147.953059506372,9.51));
#2002=CARTESIAN_POINT('Ctrl Pts',(66.3100752612286,-148.062156605768,9.51));
#2003=CARTESIAN_POINT('Ctrl Pts',(66.4097787100285,-148.173424662919,9.51));
#2004=CARTESIAN_POINT('Ctrl Pts',(66.5119491999518,-148.287302430634,9.51));
#2005=CARTESIAN_POINT('Ctrl Pts',(66.6137205863988,-148.400735363319,9.51));
#2006=CARTESIAN_POINT('Ctrl Pts',(66.7179397558378,-148.516757704974,9.51));
#2007=CARTESIAN_POINT('Ctrl Pts',(66.8246244857757,-148.635752717806,9.51));
#2008=CARTESIAN_POINT('Ctrl Pts',(66.9308924784873,-148.754282906369,9.51));
#2009=CARTESIAN_POINT('Ctrl Pts',(67.0396067854945,-148.87576263262,9.51));
#2010=CARTESIAN_POINT('Ctrl Pts',(67.1507564978253,-149.000519923483,9.51));
#2011=CARTESIAN_POINT('Ctrl Pts',(67.2614720315924,-149.124789881178,9.51));
#2012=CARTESIAN_POINT('Ctrl Pts',(67.3746039599837,-149.252311890913,9.51));
#2013=CARTESIAN_POINT('Ctrl Pts',(67.4901135092077,-149.383359025524,9.51));
#2014=CARTESIAN_POINT('Ctrl Pts',(67.605171849255,-149.513894257265,9.51));
#2015=CARTESIAN_POINT('Ctrl Pts',(67.7225892503651,-149.647927169316,9.51));
#2016=CARTESIAN_POINT('Ctrl Pts',(67.8422998775722,-149.785676186317,9.51));
#2017=CARTESIAN_POINT('Ctrl Pts',(67.9615428851418,-149.922887121221,9.51));
#2018=CARTESIAN_POINT('Ctrl Pts',(68.0830612174481,-150.063785225731,9.51));
#2019=CARTESIAN_POINT('Ctrl Pts',(68.2067627643402,-150.208534605717,9.51));
#2020=CARTESIAN_POINT('Ctrl Pts',(68.3299811020648,-150.352718558438,9.51));
#2021=CARTESIAN_POINT('Ctrl Pts',(68.4553656111585,-150.500723795718,9.51));
#2022=CARTESIAN_POINT('Ctrl Pts',(68.5827986749693,-150.652660456502,9.51));
#2023=CARTESIAN_POINT('Ctrl Pts',(68.7097339533747,-150.804003614704,9.51));
#2024=CARTESIAN_POINT('Ctrl Pts',(68.8387017883579,-150.959247567021,9.51));
#2025=CARTESIAN_POINT('Ctrl Pts',(68.969559826091,-151.118448898768,9.51));
#2026=CARTESIAN_POINT('Ctrl Pts',(69.1006553575361,-151.277939164355,9.51));
#2027=CARTESIAN_POINT('Ctrl Pts',(69.2336478176705,-151.441400940129,9.51));
#2028=CARTESIAN_POINT('Ctrl Pts',(69.3683689646299,-151.60883999894,9.51));
#2029=CARTESIAN_POINT('Ctrl Pts',(69.5065342935628,-151.780559681849,9.51));
#2030=CARTESIAN_POINT('Ctrl Pts',(69.6465177531358,-151.956462499749,9.51));
#2031=CARTESIAN_POINT('Ctrl Pts',(69.7881130416613,-152.136503508126,9.51));
#2032=CARTESIAN_POINT('Ctrl Pts',(69.933850087132,-152.321810836482,9.51));
#2033=CARTESIAN_POINT('Ctrl Pts',(70.0812945476504,-152.511501862451,9.51));
#2034=CARTESIAN_POINT('Ctrl Pts',(70.2301967428313,-152.705475789491,9.51));
#2035=CARTESIAN_POINT('Ctrl Pts',(70.3841861637274,-152.906076812582,9.51));
#2036=CARTESIAN_POINT('Ctrl Pts',(70.5397345230691,-153.11125824229,9.51));
#2037=CARTESIAN_POINT('Ctrl Pts',(70.6965410378911,-153.320855994299,9.51));
#2038=CARTESIAN_POINT('Ctrl Pts',(70.8597827224488,-153.539055411308,9.51));
#2039=CARTESIAN_POINT('Ctrl Pts',(71.0243878182641,-153.76204089945,9.51));
#2040=CARTESIAN_POINT('Ctrl Pts',(71.1899925063263,-153.989573630069,9.51));
#2041=CARTESIAN_POINT('Ctrl Pts',(71.364096089636,-154.22878342651,9.51));
#2042=CARTESIAN_POINT('Ctrl Pts',(71.5393043258571,-154.473018960749,9.51));
#2043=CARTESIAN_POINT('Ctrl Pts',(71.7151702499847,-154.721947406149,9.51));
#2044=CARTESIAN_POINT('Ctrl Pts',(71.9030517679346,-154.987883257081,9.51));
#2045=CARTESIAN_POINT('Ctrl Pts',(72.0916836665849,-155.259174903068,9.51));
#2046=CARTESIAN_POINT('Ctrl Pts',(72.2804972149278,-155.535358640978,9.51));
#2047=CARTESIAN_POINT('Ctrl Pts',(72.4883371387847,-155.83937287916,9.51));
#2048=CARTESIAN_POINT('Ctrl Pts',(72.6963967372971,-156.14931437743,9.51));
#2049=CARTESIAN_POINT('Ctrl Pts',(72.9038947834858,-156.464501997105,9.51));
#2050=CARTESIAN_POINT('Ctrl Pts',(73.128816964298,-156.806156716677,9.51));
#2051=CARTESIAN_POINT('Ctrl Pts',(73.3530786306098,-157.153974912143,9.51));
#2052=CARTESIAN_POINT('Ctrl Pts',(73.5756696566723,-157.507030837571,9.51));
#2053=CARTESIAN_POINT('Ctrl Pts',(73.8049066252069,-157.870628020711,9.51));
#2054=CARTESIAN_POINT('Ctrl Pts',(74.0323712509865,-158.239780261756,9.51));
#2055=CARTESIAN_POINT('Ctrl Pts',(74.2569529442297,-158.613421645125,9.51));
#2056=CARTESIAN_POINT('Ctrl Pts',(74.4880676755733,-158.997932184204,9.51));
#2057=CARTESIAN_POINT('Ctrl Pts',(74.7161287430689,-159.387196668927,9.51));
#2058=CARTESIAN_POINT('Ctrl Pts',(74.9399260835041,-159.779998469843,9.51));
#2059=CARTESIAN_POINT('Ctrl Pts',(75.169231483595,-160.182467837622,9.51));
#2060=CARTESIAN_POINT('Ctrl Pts',(75.3940600188531,-160.588650507685,9.51));
#2061=CARTESIAN_POINT('Ctrl Pts',(75.6131199649684,-160.997184425452,9.51));
#2062=CARTESIAN_POINT('Ctrl Pts',(75.8352944297095,-161.411526737308,9.51));
#2063=CARTESIAN_POINT('Ctrl Pts',(76.0515343622014,-161.828287210881,9.51));
#2064=CARTESIAN_POINT('Ctrl Pts',(76.2605131009346,-162.245996095386,9.51));
#2065=CARTESIAN_POINT('Ctrl Pts',(76.4692381517046,-162.663197905743,9.51));
#2066=CARTESIAN_POINT('Ctrl Pts',(76.6707189254239,-163.08134527479,9.51));
#2067=CARTESIAN_POINT('Ctrl Pts',(76.8636651664817,-163.498932995232,9.51));
#2068=CARTESIAN_POINT('Ctrl Pts',(77.0509440800031,-163.904255089902,9.51));
#2069=CARTESIAN_POINT('Ctrl Pts',(77.2301815464198,-164.30904819178,9.51));
#2070=CARTESIAN_POINT('Ctrl Pts',(77.400237473049,-164.711910776856,9.51));
#2071=CARTESIAN_POINT('Ctrl Pts',(77.5433802711712,-165.051016145481,9.51));
#2072=CARTESIAN_POINT('Ctrl Pts',(77.6800176129978,-165.388751736721,9.51));
#2073=CARTESIAN_POINT('Ctrl Pts',(77.8095050958852,-165.724293464226,9.51));
#2074=CARTESIAN_POINT('Ctrl Pts',(77.9258521936215,-166.025784429175,9.51));
#2075=CARTESIAN_POINT('Ctrl Pts',(78.0364269015691,-166.325503470085,9.51));
#2076=CARTESIAN_POINT('Ctrl Pts',(78.1407939775669,-166.622879038616,9.51));
#2077=CARTESIAN_POINT('Ctrl Pts',(78.2380650132487,-166.900035692291,9.51));
#2078=CARTESIAN_POINT('Ctrl Pts',(78.3299437913124,-167.175156282391,9.51));
#2079=CARTESIAN_POINT('Ctrl Pts',(78.4161082628694,-167.447809909773,9.51));
#2080=CARTESIAN_POINT('Ctrl Pts',(78.4978946158057,-167.706609684151,9.51));
#2081=CARTESIAN_POINT('Ctrl Pts',(78.5745325518557,-167.963186524893,9.51));
#2082=CARTESIAN_POINT('Ctrl Pts',(78.6457758527773,-168.217206736036,9.51));
#2083=CARTESIAN_POINT('Ctrl Pts',(78.7141328953826,-168.460935903145,9.51));
#2084=CARTESIAN_POINT('Ctrl Pts',(78.777523496163,-168.702311166035,9.51));
#2085=CARTESIAN_POINT('Ctrl Pts',(78.8357586122162,-168.941074451008,9.51));
#2086=CARTESIAN_POINT('Ctrl Pts',(78.8920327700679,-169.171797830618,9.51));
#2087=CARTESIAN_POINT('Ctrl Pts',(78.9434927494139,-169.400081990994,9.51));
#2088=CARTESIAN_POINT('Ctrl Pts',(78.9899958812253,-169.625732056606,9.51));
#2089=CARTESIAN_POINT('Ctrl Pts',(79.0351648563934,-169.844908310189,9.51));
#2090=CARTESIAN_POINT('Ctrl Pts',(79.0756572771113,-170.061599285769,9.51));
#2091=CARTESIAN_POINT('Ctrl Pts',(79.1113699263593,-170.27566538352,9.51));
#2092=CARTESIAN_POINT('Ctrl Pts',(79.1467615649061,-170.487807302876,9.51));
#2093=CARTESIAN_POINT('Ctrl Pts',(79.1774588537911,-170.697371074008,9.51));
#2094=CARTESIAN_POINT('Ctrl Pts',(79.2033901470085,-170.904262889686,9.51));
#2095=CARTESIAN_POINT('Ctrl Pts',(79.2298599153008,-171.115450907833,9.51));
#2096=CARTESIAN_POINT('Ctrl Pts',(79.2513636649352,-171.32385495653,9.51));
#2097=CARTESIAN_POINT('Ctrl Pts',(79.2678569516866,-171.529421231275,9.51));
#2098=CARTESIAN_POINT('Ctrl Pts',(79.2847853185535,-171.740410184953,9.51));
#2099=CARTESIAN_POINT('Ctrl Pts',(79.2964353701297,-171.948409860955,9.51));
#2100=CARTESIAN_POINT('Ctrl Pts',(79.3027924988459,-172.153407520171,9.51));
#2101=CARTESIAN_POINT('Ctrl Pts',(79.3093392034299,-172.364518412405,9.51));
#2102=CARTESIAN_POINT('Ctrl Pts',(79.3102725669988,-172.57244579811,9.51));
#2103=CARTESIAN_POINT('Ctrl Pts',(79.305612086609,-172.777220170084,9.51));
#2104=CARTESIAN_POINT('Ctrl Pts',(79.3007927929443,-172.988972554173,9.51));
#2105=CARTESIAN_POINT('Ctrl Pts',(79.2899918777089,-173.19735365733,9.51));
#2106=CARTESIAN_POINT('Ctrl Pts',(79.2732688772449,-173.402440095014,9.51));
#2107=CARTESIAN_POINT('Ctrl Pts',(79.2558890768741,-173.615581352371,9.51));
#2108=CARTESIAN_POINT('Ctrl Pts',(79.2321128123415,-173.825164432,9.51));
#2109=CARTESIAN_POINT('Ctrl Pts',(79.2020481288329,-174.031315898687,9.51));
#2110=CARTESIAN_POINT('Ctrl Pts',(79.1706246444542,-174.24678456947,9.51));
#2111=CARTESIAN_POINT('Ctrl Pts',(79.1323313927492,-174.458504934039,9.51));
#2112=CARTESIAN_POINT('Ctrl Pts',(79.0873371023819,-174.666658199712,9.51));
#2113=CARTESIAN_POINT('Ctrl Pts',(79.0400899097656,-174.885233875797,9.51));
#2114=CARTESIAN_POINT('Ctrl Pts',(78.9854537360708,-175.099877034679,9.51));
#2115=CARTESIAN_POINT('Ctrl Pts',(78.923674297549,-175.310827323563,9.51));
#2116=CARTESIAN_POINT('Ctrl Pts',(78.8589941912467,-175.531682148986,9.51));
#2117=CARTESIAN_POINT('Ctrl Pts',(78.7864842762214,-175.7484902928,9.51));
#2118=CARTESIAN_POINT('Ctrl Pts',(78.7064812202413,-175.961544160901,9.51));
#2119=CARTESIAN_POINT('Ctrl Pts',(78.6238414659759,-176.181619745383,9.51));
#2120=CARTESIAN_POINT('Ctrl Pts',(78.5332067671857,-176.397690984886,9.51));
#2121=CARTESIAN_POINT('Ctrl Pts',(78.4350035635979,-176.610078042132,9.51));
#2122=CARTESIAN_POINT('Ctrl Pts',(78.3362229029419,-176.823713983353,9.51));
#2123=CARTESIAN_POINT('Ctrl Pts',(78.2297854297508,-177.033623745678,9.51));
#2124=CARTESIAN_POINT('Ctrl Pts',(78.1161703001116,-177.2401088106,9.51));
#2125=CARTESIAN_POINT('Ctrl Pts',(78.0077886267029,-177.437082549407,9.51));
#2126=CARTESIAN_POINT('Ctrl Pts',(77.8928763906094,-177.630940741931,9.51));
#2127=CARTESIAN_POINT('Ctrl Pts',(77.7718751476122,-177.821906272004,9.51));
#2128=CARTESIAN_POINT('Ctrl Pts',(77.6580338665568,-178.001571869169,9.51));
#2129=CARTESIAN_POINT('Ctrl Pts',(77.5388036268666,-178.178677466102,9.51));
#2130=CARTESIAN_POINT('Ctrl Pts',(77.4145625914109,-178.353364245487,9.51));
#2131=CARTESIAN_POINT('Ctrl Pts',(77.2968822496486,-178.518826484466,9.51));
#2132=CARTESIAN_POINT('Ctrl Pts',(77.1747068436463,-178.682118886311,9.51));
#2133=CARTESIAN_POINT('Ctrl Pts',(77.048358698352,-178.843315313661,9.51));
#2134=CARTESIAN_POINT('Ctrl Pts',(76.9276178772713,-178.997357851825,9.51));
#2135=CARTESIAN_POINT('Ctrl Pts',(76.8030668190706,-179.149486513446,9.51));
#2136=CARTESIAN_POINT('Ctrl Pts',(76.6749817761891,-179.299719233906,9.51));
#2137=CARTESIAN_POINT('Ctrl Pts',(76.5516922173166,-179.444327264766,9.51));
#2138=CARTESIAN_POINT('Ctrl Pts',(76.4251286017843,-179.587178810376,9.51));
#2139=CARTESIAN_POINT('Ctrl Pts',(76.2955282303376,-179.728243345763,9.51));
#2140=CARTESIAN_POINT('Ctrl Pts',(76.1700864269544,-179.864781455298,9.51));
#2141=CARTESIAN_POINT('Ctrl Pts',(76.0417998264439,-179.999645517302,9.51));
#2142=CARTESIAN_POINT('Ctrl Pts',(75.9108716617069,-180.132761470196,9.51));
#2143=CARTESIAN_POINT('Ctrl Pts',(75.7824779857773,-180.263300583391,9.51));
#2144=CARTESIAN_POINT('Ctrl Pts',(75.6515442146175,-180.392158788815,9.51));
#2145=CARTESIAN_POINT('Ctrl Pts',(75.5182474553588,-180.519218588155,9.51));
#2146=CARTESIAN_POINT('Ctrl Pts',(75.3820117489756,-180.649079821184,9.51));
#2147=CARTESIAN_POINT('Ctrl Pts',(75.2433077459502,-180.777062438821,9.51));
#2148=CARTESIAN_POINT('Ctrl Pts',(75.1023067316227,-180.902987944051,9.51));
#2149=CARTESIAN_POINT('Ctrl Pts',(74.9563099844302,-181.033375049703,9.51));
#2150=CARTESIAN_POINT('Ctrl Pts',(74.8078505400247,-181.161556506095,9.51));
#2151=CARTESIAN_POINT('Ctrl Pts',(74.6570999004855,-181.287280104901,9.51));
#2152=CARTESIAN_POINT('Ctrl Pts',(74.4998833811086,-181.41839614307,9.51));
#2153=CARTESIAN_POINT('Ctrl Pts',(74.3401748688998,-181.546838732771,9.51));
#2154=CARTESIAN_POINT('Ctrl Pts',(74.1781494944829,-181.672267141807,9.51));
#2155=CARTESIAN_POINT('Ctrl Pts',(74.0073297418939,-181.804503526857,9.51));
#2156=CARTESIAN_POINT('Ctrl Pts',(73.8339347497311,-181.933389348857,9.51));
#2157=CARTESIAN_POINT('Ctrl Pts',(73.6581492066779,-182.058469786288,9.51));
#2158=CARTESIAN_POINT('Ctrl Pts',(73.4694006422024,-182.192774078888,9.51));
#2159=CARTESIAN_POINT('Ctrl Pts',(73.2778959039333,-182.322690627068,9.51));
#2160=CARTESIAN_POINT('Ctrl Pts',(73.0838411747409,-182.447599410168,9.51));
#2161=CARTESIAN_POINT('Ctrl Pts',(72.8675970575576,-182.586791016796,9.51));
#2162=CARTESIAN_POINT('Ctrl Pts',(72.6481864010146,-182.719763417915,9.51));
#2163=CARTESIAN_POINT('Ctrl Pts',(72.4258680403371,-182.845598874668,9.51));
#2164=CARTESIAN_POINT('Ctrl Pts',(72.1279380349291,-183.014231632649,9.51));
#2165=CARTESIAN_POINT('Ctrl Pts',(71.8247866689726,-183.170044966207,9.51));
#2166=CARTESIAN_POINT('Ctrl Pts',(71.5169846535778,-183.310745482363,9.51));
#2167=CARTESIAN_POINT('Ctrl Pts',(71.2626113030764,-183.427023024165,9.51));
#2168=CARTESIAN_POINT('Ctrl Pts',(71.0050599668324,-183.532974766359,9.51));
#2169=CARTESIAN_POINT('Ctrl Pts',(70.74463872175,-183.627315858409,9.51));
#2170=CARTESIAN_POINT('Ctrl Pts',(70.5095219149728,-183.712490077984,9.51));
#2171=CARTESIAN_POINT('Ctrl Pts',(70.2720657313693,-183.788199148461,9.51));
#2172=CARTESIAN_POINT('Ctrl Pts',(70.0324936834581,-183.853537265031,9.51));
#2173=CARTESIAN_POINT('Ctrl Pts',(69.8148418050768,-183.912897127442,9.51));
#2174=CARTESIAN_POINT('Ctrl Pts',(69.5954435071614,-183.963696617077,9.51));
#2175=CARTESIAN_POINT('Ctrl Pts',(69.3744642709648,-184.005301170481,9.51));
#2176=CARTESIAN_POINT('Ctrl Pts',(69.1671032011379,-184.044341782857,9.51));
#2177=CARTESIAN_POINT('Ctrl Pts',(68.9583500279179,-184.075285537411,9.51));
#2178=CARTESIAN_POINT('Ctrl Pts',(68.74833984102,-184.097654448888,9.51));
#2179=CARTESIAN_POINT('Ctrl Pts',(68.5481375991602,-184.118978682211,9.51));
#2180=CARTESIAN_POINT('Ctrl Pts',(68.3467930028406,-184.132510062262,9.51));
#2181=CARTESIAN_POINT('Ctrl Pts',(68.1444217176082,-184.137881849259,9.51));
#2182=CARTESIAN_POINT('Ctrl Pts',(67.9496735532911,-184.143051286492,9.51));
#2183=CARTESIAN_POINT('Ctrl Pts',(67.7539745852796,-184.140664086447,9.51));
#2184=CARTESIAN_POINT('Ctrl Pts',(67.5574267106259,-184.130441454297,9.51));
#2185=CARTESIAN_POINT('Ctrl Pts',(67.3670883083818,-184.120541782404,9.51));
#2186=CARTESIAN_POINT('Ctrl Pts',(67.175953785875,-184.10329377881,9.51));
#2187=CARTESIAN_POINT('Ctrl Pts',(66.9841146327443,-184.078492789134,9.51));
#2188=CARTESIAN_POINT('Ctrl Pts',(66.7974970010603,-184.054366838402,9.51));
#2189=CARTESIAN_POINT('Ctrl Pts',(66.6102125706989,-184.023093322181,9.51));
#2190=CARTESIAN_POINT('Ctrl Pts',(66.4223446104752,-183.984532772253,9.51));
#2191=CARTESIAN_POINT('Ctrl Pts',(66.2386127494566,-183.946821171021,9.51));
#2192=CARTESIAN_POINT('Ctrl Pts',(66.0543227671284,-183.902139724354,9.51));
#2193=CARTESIAN_POINT('Ctrl Pts',(65.8695516736952,-183.850407542371,9.51));
#2194=CARTESIAN_POINT('Ctrl Pts',(65.6846684997878,-183.798643980115,9.51));
#2195=CARTESIAN_POINT('Ctrl Pts',(65.499303621028,-183.739821065586,9.51));
#2196=CARTESIAN_POINT('Ctrl Pts',(65.3135333582614,-183.673910404837,9.51));
#2197=CARTESIAN_POINT('Ctrl Pts',(65.1261995109795,-183.607444989591,9.51));
#2198=CARTESIAN_POINT('Ctrl Pts',(64.9384534103963,-183.533772058528,9.51));
#2199=CARTESIAN_POINT('Ctrl Pts',(64.7503726978477,-183.452915681287,9.51));
#2200=CARTESIAN_POINT('Ctrl Pts',(64.5606408135302,-183.371349461098,9.51));
#2201=CARTESIAN_POINT('Ctrl Pts',(64.3705683986745,-183.282473159594,9.51));
#2202=CARTESIAN_POINT('Ctrl Pts',(64.180234785062,-183.186364702494,9.51));
#2203=CARTESIAN_POINT('Ctrl Pts',(63.9881551650433,-183.089374604056,9.51));
#2204=CARTESIAN_POINT('Ctrl Pts',(63.7958095132747,-182.98501910303,9.51));
#2205=CARTESIAN_POINT('Ctrl Pts',(63.603279263764,-182.873431536912,9.51));
#2206=CARTESIAN_POINT('Ctrl Pts',(63.4088999226516,-182.760772265793,9.51));
#2207=CARTESIAN_POINT('Ctrl Pts',(63.2143324007272,-182.640741397607,9.51));
#2208=CARTESIAN_POINT('Ctrl Pts',(63.0196606947869,-182.513529428002,9.51));
#2209=CARTESIAN_POINT('Ctrl Pts',(62.8230273719855,-182.385035602138,9.51));
#2210=CARTESIAN_POINT('Ctrl Pts',(62.6262877331718,-182.249215278075,9.51));
#2211=CARTESIAN_POINT('Ctrl Pts',(62.4295288557779,-182.106318080253,9.51));
#2212=CARTESIAN_POINT('Ctrl Pts',(62.2306849753525,-181.961906637713,9.51));
#2213=CARTESIAN_POINT('Ctrl Pts',(62.0318214228883,-181.810267599786,9.51));
#2214=CARTESIAN_POINT('Ctrl Pts',(61.8330289420791,-181.651711956077,9.51));
#2215=CARTESIAN_POINT('Ctrl Pts',(61.6320155005793,-181.491384887963,9.51));
#2216=CARTESIAN_POINT('Ctrl Pts',(61.4310747020649,-181.323985862552,9.51));
#2217=CARTESIAN_POINT('Ctrl Pts',(61.2303016229702,-181.149889788336,9.51));
#2218=CARTESIAN_POINT('Ctrl Pts',(61.0271569771304,-180.973737260825,9.51));
#2219=CARTESIAN_POINT('Ctrl Pts',(60.8241840084187,-180.790728600452,9.51));
#2220=CARTESIAN_POINT('Ctrl Pts',(60.6214828898025,-180.601305570636,9.51));
#2221=CARTESIAN_POINT('Ctrl Pts',(60.4126232353658,-180.406127424507,9.51));
#2222=CARTESIAN_POINT('Ctrl Pts',(60.2040521778478,-180.20413925503,9.51));
#2223=CARTESIAN_POINT('Ctrl Pts',(59.9958815467729,-179.995880676744,9.51));
#2224=CARTESIAN_POINT('Ctrl Pts',(59.7697816243074,-179.769685232362,9.51));
#2225=CARTESIAN_POINT('Ctrl Pts',(59.5441541438858,-179.53609325677,9.51));
#2226=CARTESIAN_POINT('Ctrl Pts',(59.3191446386164,-179.295857902194,9.51));
#2227=CARTESIAN_POINT('Ctrl Pts',(59.0548540510146,-179.013683409399,9.51));
#2228=CARTESIAN_POINT('Ctrl Pts',(58.7914162141506,-178.722344404506,9.51));
#2229=CARTESIAN_POINT('Ctrl Pts',(58.5290680065192,-178.423133827422,9.51));
#2230=CARTESIAN_POINT('Ctrl Pts',(58.1906315903176,-178.037143938976,9.51));
#2231=CARTESIAN_POINT('Ctrl Pts',(57.8540093999031,-177.638060442169,9.51));
#2232=CARTESIAN_POINT('Ctrl Pts',(57.5197029861644,-177.228722240929,9.51));
#2233=CARTESIAN_POINT('Ctrl Pts',(57.2763031603408,-176.930693717424,9.51));
#2234=CARTESIAN_POINT('Ctrl Pts',(57.0341308152733,-176.627231661509,9.51));
#2235=CARTESIAN_POINT('Ctrl Pts',(56.7933730350836,-176.319404329524,9.51));
#2236=CARTESIAN_POINT('Ctrl Pts',(56.5790393230111,-176.04536220017,9.51));
#2237=CARTESIAN_POINT('Ctrl Pts',(56.3658267160567,-175.767861205087,9.51));
#2238=CARTESIAN_POINT('Ctrl Pts',(56.1538615629346,-175.48761312229,9.51));
#2239=CARTESIAN_POINT('Ctrl Pts',(55.9588172280008,-175.229736767991,9.51));
#2240=CARTESIAN_POINT('Ctrl Pts',(55.7648291353045,-174.969534787588,9.51));
#2241=CARTESIAN_POINT('Ctrl Pts',(55.5719905656848,-174.707516572631,9.51));
#2242=CARTESIAN_POINT('Ctrl Pts',(55.3897006217293,-174.459831237617,9.51));
#2243=CARTESIAN_POINT('Ctrl Pts',(55.2084378873898,-174.210523229814,9.51));
#2244=CARTESIAN_POINT('Ctrl Pts',(55.0282762419661,-173.959975982633,9.51));
#2245=CARTESIAN_POINT('Ctrl Pts',(54.8479942995646,-173.709261440818,9.51));
#2246=CARTESIAN_POINT('Ctrl Pts',(54.6688149238778,-173.457306089647,9.51));
#2247=CARTESIAN_POINT('Ctrl Pts',(54.4908067839303,-173.204440962784,9.51));
#2248=CARTESIAN_POINT('Ctrl Pts',(54.308458413911,-172.945410427823,9.51));
#2249=CARTESIAN_POINT('Ctrl Pts',(54.1273390868756,-172.685425079691,9.51));
#2250=CARTESIAN_POINT('Ctrl Pts',(53.9475170379713,-172.424786313886,9.51));
#2251=CARTESIAN_POINT('Ctrl Pts',(53.7627098790672,-172.156921999681,9.51));
#2252=CARTESIAN_POINT('Ctrl Pts',(53.579272919316,-171.888367385763,9.51));
#2253=CARTESIAN_POINT('Ctrl Pts',(53.3972744541574,-171.619394953061,9.51));
#2254=CARTESIAN_POINT('Ctrl Pts',(53.2094309945199,-171.341784302543,9.51));
#2255=CARTESIAN_POINT('Ctrl Pts',(53.0231199064532,-171.063728388345,9.51));
#2256=CARTESIAN_POINT('Ctrl Pts',(52.8384102555863,-170.78547181399,9.51));
#2257=CARTESIAN_POINT('Ctrl Pts',(52.646653996016,-170.496599848456,9.51));
#2258=CARTESIAN_POINT('Ctrl Pts',(52.4566236909255,-170.207511407257,9.51));
#2259=CARTESIAN_POINT('Ctrl Pts',(52.2683902545339,-169.918424788831,9.51));
#2260=CARTESIAN_POINT('Ctrl Pts',(52.0655633701259,-169.606925730729,9.51));
#2261=CARTESIAN_POINT('Ctrl Pts',(51.8648228061175,-169.295428769967,9.51));
#2262=CARTESIAN_POINT('Ctrl Pts',(51.6662497145363,-168.984145220715,9.51));
#2263=CARTESIAN_POINT('Ctrl Pts',(51.4534125672108,-168.650501311035,9.51));
#2264=CARTESIAN_POINT('Ctrl Pts',(51.2430654855662,-168.317102222496,9.51));
#2265=CARTESIAN_POINT('Ctrl Pts',(51.035299585914,-167.984142622008,9.51));
#2266=CARTESIAN_POINT('Ctrl Pts',(50.8067022603219,-167.61779918293,9.51));
#2267=CARTESIAN_POINT('Ctrl Pts',(50.5812297042017,-167.251987151407,9.51));
#2268=CARTESIAN_POINT('Ctrl Pts',(50.3589924152911,-166.886896402502,9.51));
#2269=CARTESIAN_POINT('Ctrl Pts',(50.1292409074695,-166.509461317401,9.51));
#2270=CARTESIAN_POINT('Ctrl Pts',(49.9029471175396,-166.132796223642,9.51));
#2271=CARTESIAN_POINT('Ctrl Pts',(49.680222396671,-165.757056990751,9.51));
#2272=CARTESIAN_POINT('Ctrl Pts',(49.46201527921,-165.388939008128,9.51));
#2273=CARTESIAN_POINT('Ctrl Pts',(49.2472339039937,-165.021709821178,9.51));
#2274=CARTESIAN_POINT('Ctrl Pts',(49.0359729757918,-164.655467698946,9.51));
#2275=CARTESIAN_POINT('Ctrl Pts',(48.8286104770834,-164.295983897352,9.51));
#2276=CARTESIAN_POINT('Ctrl Pts',(48.6246396898162,-163.937451169629,9.51));
#2277=CARTESIAN_POINT('Ctrl Pts',(48.4241405551971,-163.579913832268,9.51));
#2278=CARTESIAN_POINT('Ctrl Pts',(48.2270282872853,-163.228416078602,9.51));
#2279=CARTESIAN_POINT('Ctrl Pts',(48.0332713690856,-162.877880463701,9.51));
#2280=CARTESIAN_POINT('Ctrl Pts',(47.8429364738303,-162.528300226655,9.51));
#2281=CARTESIAN_POINT('Ctrl Pts',(47.6555659402591,-162.184164510221,9.51));
#2282=CARTESIAN_POINT('Ctrl Pts',(47.4715116626762,-161.840954729891,9.51));
#2283=CARTESIAN_POINT('Ctrl Pts',(47.290828248655,-161.498615346295,9.51));
#2284=CARTESIAN_POINT('Ctrl Pts',(47.1127552219854,-161.161221842217,9.51));
#2285=CARTESIAN_POINT('Ctrl Pts',(46.9379563589493,-160.824673845875,9.51));
#2286=CARTESIAN_POINT('Ctrl Pts',(46.7664751850587,-160.488868910172,9.51));
#2287=CARTESIAN_POINT('Ctrl Pts',(46.5958400209883,-160.154720682706,9.51));
#2288=CARTESIAN_POINT('Ctrl Pts',(46.428489900483,-159.821308350656,9.51));
#2289=CARTESIAN_POINT('Ctrl Pts',(46.2644589168537,-159.488480011372,9.51));
#2290=CARTESIAN_POINT('Ctrl Pts',(46.0948392869723,-159.144311986074,9.51));
#2291=CARTESIAN_POINT('Ctrl Pts',(45.9287688493689,-158.800768339949,9.51));
#2292=CARTESIAN_POINT('Ctrl Pts',(45.766275384658,-158.457624116915,9.51));
#2293=CARTESIAN_POINT('Ctrl Pts',(45.5953024753411,-158.096573497238,9.51));
#2294=CARTESIAN_POINT('Ctrl Pts',(45.4282896433862,-157.735964781645,9.51));
#2295=CARTESIAN_POINT('Ctrl Pts',(45.26525783108,-157.375477324722,9.51));
#2296=CARTESIAN_POINT('Ctrl Pts',(45.0908777891712,-156.98989725322,9.51));
#2297=CARTESIAN_POINT('Ctrl Pts',(44.9210523593735,-156.604455497743,9.51));
#2298=CARTESIAN_POINT('Ctrl Pts',(44.7557933070082,-156.218699610484,9.51));
#2299=CARTESIAN_POINT('Ctrl Pts',(44.5734525193371,-155.793070688348,9.51));
#2300=CARTESIAN_POINT('Ctrl Pts',(44.3966710809695,-155.36705865366,9.51));
#2301=CARTESIAN_POINT('Ctrl Pts',(44.2254460701555,-154.939993191863,9.51));
#2302=CARTESIAN_POINT('Ctrl Pts',(44.0195486070085,-154.42644850138,9.51));
#2303=CARTESIAN_POINT('Ctrl Pts',(43.8216864613986,-153.911378781308,9.51));
#2304=CARTESIAN_POINT('Ctrl Pts',(43.6318203627735,-153.393549718593,9.51));
#2305=CARTESIAN_POINT('Ctrl Pts',(43.4340931968435,-152.854280866764,9.51));
#2306=CARTESIAN_POINT('Ctrl Pts',(43.2450378436468,-152.312014351512,9.51));
#2307=CARTESIAN_POINT('Ctrl Pts',(43.0645716873561,-151.765348319258,9.51));
#2308=CARTESIAN_POINT('Ctrl Pts',(42.8941788497745,-151.249196269701,9.51));
#2309=CARTESIAN_POINT('Ctrl Pts',(42.7314426717244,-150.729121381837,9.51));
#2310=CARTESIAN_POINT('Ctrl Pts',(42.5762646760867,-150.203975992542,9.51));
#2311=CARTESIAN_POINT('Ctrl Pts',(42.4238320020695,-149.688121179435,9.51));
#2312=CARTESIAN_POINT('Ctrl Pts',(42.2786922520936,-149.167372991913,9.51));
#2313=CARTESIAN_POINT('Ctrl Pts',(42.140727515063,-148.640685935128,9.51));
#2314=CARTESIAN_POINT('Ctrl Pts',(42.0049184770485,-148.122228363606,9.51));
#2315=CARTESIAN_POINT('Ctrl Pts',(41.8760618173743,-147.598015440374,9.51));
#2316=CARTESIAN_POINT('Ctrl Pts',(41.7540236817463,-147.067100985105,9.51));
#2317=CARTESIAN_POINT('Ctrl Pts',(41.6405941287871,-146.573637290247,9.51));
#2318=CARTESIAN_POINT('Ctrl Pts',(41.5330547933915,-146.074384200392,9.51));
#2319=CARTESIAN_POINT('Ctrl Pts',(41.4312829960356,-145.568629674408,9.51));
#2320=CARTESIAN_POINT('Ctrl Pts',(41.337176848131,-145.100969561664,9.51));
#2321=CARTESIAN_POINT('Ctrl Pts',(41.2480019221652,-144.627750249937,9.51));
#2322=CARTESIAN_POINT('Ctrl Pts',(41.1636509233842,-144.148451359449,9.51));
#2323=CARTESIAN_POINT('Ctrl Pts',(41.0877857505807,-143.717370593638,9.51));
#2324=CARTESIAN_POINT('Ctrl Pts',(41.0158225926002,-143.281371451859,9.51));
#2325=CARTESIAN_POINT('Ctrl Pts',(40.9476769819015,-142.840118598566,9.51));
#2326=CARTESIAN_POINT('Ctrl Pts',(40.8840295815924,-142.427992319218,9.51));
#2327=CARTESIAN_POINT('Ctrl Pts',(40.8237123077335,-142.011282682507,9.51));
#2328=CARTESIAN_POINT('Ctrl Pts',(40.7666518321821,-141.589762014039,9.51));
#2329=CARTESIAN_POINT('Ctrl Pts',(40.712401019416,-141.188997059994,9.51));
#2330=CARTESIAN_POINT('Ctrl Pts',(40.6610941279879,-140.783882944752,9.51));
#2331=CARTESIAN_POINT('Ctrl Pts',(40.6126646920811,-140.374270831593,9.51));
#2332=CARTESIAN_POINT('Ctrl Pts',(40.5661400451708,-139.980769264249,9.51));
#2333=CARTESIAN_POINT('Ctrl Pts',(40.5222709276401,-139.583116358057,9.51));
#2334=CARTESIAN_POINT('Ctrl Pts',(40.4809956573626,-139.181227836478,9.51));
#2335=CARTESIAN_POINT('Ctrl Pts',(40.441072910142,-138.79250854403,9.51));
#2336=CARTESIAN_POINT('Ctrl Pts',(40.403576781165,-138.399826503714,9.51));
#2337=CARTESIAN_POINT('Ctrl Pts',(40.3684491905067,-138.003153737588,9.51));
#2338=CARTESIAN_POINT('Ctrl Pts',(40.3342252175464,-137.616684931513,9.51));
#2339=CARTESIAN_POINT('Ctrl Pts',(40.3022494778854,-137.226427902376,9.51));
#2340=CARTESIAN_POINT('Ctrl Pts',(40.2724663455645,-136.832405932751,9.51));
#2341=CARTESIAN_POINT('Ctrl Pts',(40.2424988662681,-136.435945107549,9.51));
#2342=CARTESIAN_POINT('Ctrl Pts',(40.2147512036171,-136.035672527022,9.51));
#2343=CARTESIAN_POINT('Ctrl Pts',(40.1891649361792,-135.631665451781,9.51));
#2344=CARTESIAN_POINT('Ctrl Pts',(40.1630899419763,-135.219941382595,9.51));
#2345=CARTESIAN_POINT('Ctrl Pts',(40.1392596766533,-134.804338891921,9.51));
#2346=CARTESIAN_POINT('Ctrl Pts',(40.1176108347267,-134.38499423719,9.51));
#2347=CARTESIAN_POINT('Ctrl Pts',(40.0955055244515,-133.956807651666,9.51));
#2348=CARTESIAN_POINT('Ctrl Pts',(40.0756745694242,-133.524719543581,9.51));
#2349=CARTESIAN_POINT('Ctrl Pts',(40.0580494700401,-133.088929621671,9.51));
#2350=CARTESIAN_POINT('Ctrl Pts',(40.0400097635644,-132.642888319718,9.51));
#2351=CARTESIAN_POINT('Ctrl Pts',(40.02428087872,-132.192969122034,9.51));
#2352=CARTESIAN_POINT('Ctrl Pts',(40.0107887091351,-131.739441009394,9.51));
#2353=CARTESIAN_POINT('Ctrl Pts',(39.9969377647786,-131.273852979777,9.51));
#2354=CARTESIAN_POINT('Ctrl Pts',(39.9854440303729,-130.804461696565,9.51));
#2355=CARTESIAN_POINT('Ctrl Pts',(39.9762272270575,-130.331613252532,9.51));
#2356=CARTESIAN_POINT('Ctrl Pts',(39.9667287227421,-129.844312739271,9.51));
#2357=CARTESIAN_POINT('Ctrl Pts',(39.9596484087311,-129.353340676078,9.51));
#2358=CARTESIAN_POINT('Ctrl Pts',(39.9548990287212,-128.859131235398,9.51));
#2359=CARTESIAN_POINT('Ctrl Pts',(39.9499789455621,-128.347158821942,9.51));
#2360=CARTESIAN_POINT('Ctrl Pts',(39.9475602991355,-127.831712333359,9.51));
#2361=CARTESIAN_POINT('Ctrl Pts',(39.9475476435022,-127.313330194298,9.51));
#2362=CARTESIAN_POINT('Ctrl Pts',(39.9475340350168,-126.755918677103,9.51));
#2363=CARTESIAN_POINT('Ctrl Pts',(39.9503022542009,-126.195113196007,9.51));
#2364=CARTESIAN_POINT('Ctrl Pts',(39.9557367931639,-125.631643792099,9.51));
#2365=CARTESIAN_POINT('Ctrl Pts',(39.9623158237672,-124.949510040267,9.51));
#2366=CARTESIAN_POINT('Ctrl Pts',(39.9728021186839,-124.263473248987,9.51));
#2367=CARTESIAN_POINT('Ctrl Pts',(39.9869989219137,-123.574904983179,9.51));
#2368=CARTESIAN_POINT('Ctrl Pts',(40.0028559070252,-122.805815170319,9.51));
#2369=CARTESIAN_POINT('Ctrl Pts',(40.0233414766046,-122.033573025312,9.51));
#2370=CARTESIAN_POINT('Ctrl Pts',(40.0481976245044,-121.260119763868,9.51));
#2371=CARTESIAN_POINT('Ctrl Pts',(40.0669729955654,-120.675883137963,9.51));
#2372=CARTESIAN_POINT('Ctrl Pts',(40.0882424121125,-120.090956963649,9.51));
#2373=CARTESIAN_POINT('Ctrl Pts',(40.1119023285207,-119.506151970369,9.51));
#2374=CARTESIAN_POINT('Ctrl Pts',(40.1344162255623,-118.949673275305,9.51));
#2375=CARTESIAN_POINT('Ctrl Pts',(40.1590946576917,-118.393305477906,9.51));
#2376=CARTESIAN_POINT('Ctrl Pts',(40.1858547383975,-117.837703321361,9.51));
#2377=CARTESIAN_POINT('Ctrl Pts',(40.2104131156688,-117.327813701699,9.51));
#2378=CARTESIAN_POINT('Ctrl Pts',(40.2367247380623,-116.81856924262,9.51));
#2379=CARTESIAN_POINT('Ctrl Pts',(40.2647306106789,-116.310428700614,9.51));
#2380=CARTESIAN_POINT('Ctrl Pts',(40.2943328465716,-115.773323629936,9.51));
#2381=CARTESIAN_POINT('Ctrl Pts',(40.3258279507921,-115.237452157185,9.51));
#2382=CARTESIAN_POINT('Ctrl Pts',(40.3591523099562,-114.703293720147,9.51));
#2383=CARTESIAN_POINT('Ctrl Pts',(40.392899768504,-114.162353394087,9.51));
#2384=CARTESIAN_POINT('Ctrl Pts',(40.4285232436733,-113.623169457538,9.51));
#2385=CARTESIAN_POINT('Ctrl Pts',(40.4659627590296,-113.086180327736,9.51));
#2386=CARTESIAN_POINT('Ctrl Pts',(40.5050400637512,-112.525700640491,9.51));
#2387=CARTESIAN_POINT('Ctrl Pts',(40.5460957580696,-111.967611755016,9.51));
#2388=CARTESIAN_POINT('Ctrl Pts',(40.5890682358298,-111.412352368295,9.51));
#2389=CARTESIAN_POINT('Ctrl Pts',(40.6344326229396,-110.826186452844,9.51));
#2390=CARTESIAN_POINT('Ctrl Pts',(40.6819330935649,-110.243173496087,9.51));
#2391=CARTESIAN_POINT('Ctrl Pts',(40.7315046298197,-109.663768274953,9.51));
#2392=CARTESIAN_POINT('Ctrl Pts',(40.7848608876533,-109.040126227425,9.51));
#2393=CARTESIAN_POINT('Ctrl Pts',(40.8406164875363,-108.420663422265,9.51));
#2394=CARTESIAN_POINT('Ctrl Pts',(40.898699312081,-107.805883065941,9.51));
#2395=CARTESIAN_POINT('Ctrl Pts',(40.9611186623789,-107.145202551204,9.51));
#2396=CARTESIAN_POINT('Ctrl Pts',(41.0262256808547,-106.489928895758,9.51));
#2397=CARTESIAN_POINT('Ctrl Pts',(41.0939414627145,-105.840626227947,9.51));
#2398=CARTESIAN_POINT('Ctrl Pts',(41.1605385498632,-105.202050327819,9.51));
#2399=CARTESIAN_POINT('Ctrl Pts',(41.2296589618605,-104.569249845523,9.51));
#2400=CARTESIAN_POINT('Ctrl Pts',(41.3012371894654,-103.942713023879,9.51));
#2401=CARTESIAN_POINT('Ctrl Pts',(41.3711514661705,-103.330741057262,9.51));
#2402=CARTESIAN_POINT('Ctrl Pts',(41.4434106605292,-102.724745053024,9.51));
#2403=CARTESIAN_POINT('Ctrl Pts',(41.5179622552949,-102.125131338166,9.51));
#2404=CARTESIAN_POINT('Ctrl Pts',(41.5909580741291,-101.538030629753,9.51));
#2405=CARTESIAN_POINT('Ctrl Pts',(41.6661516518045,-100.957048732579,9.51));
#2406=CARTESIAN_POINT('Ctrl Pts',(41.7435013619032,-100.382517993915,9.51));
#2407=CARTESIAN_POINT('Ctrl Pts',(41.8193872461714,-99.8188601199932,9.51));
#2408=CARTESIAN_POINT('Ctrl Pts',(41.8973484583422,-99.2614116488536,9.51));
#2409=CARTESIAN_POINT('Ctrl Pts',(41.9773526472064,-98.7104370071322,9.51));
#2410=CARTESIAN_POINT('Ctrl Pts',(42.0562862892193,-98.1668350314707,9.51));
#2411=CARTESIAN_POINT('Ctrl Pts',(42.1372086225013,-97.6295349211536,9.51));
#2412=CARTESIAN_POINT('Ctrl Pts',(42.2200950168381,-97.0987402462105,9.51));
#2413=CARTESIAN_POINT('Ctrl Pts',(42.3045032389899,-96.5581999657692,9.51));
#2414=CARTESIAN_POINT('Ctrl Pts',(42.3909483142805,-96.0244061389364,9.51));
#2415=CARTESIAN_POINT('Ctrl Pts',(42.4794108014502,-95.4975192750206,9.51));
#2416=CARTESIAN_POINT('Ctrl Pts',(42.5704667757059,-94.9551854762394,9.51));
#2417=CARTESIAN_POINT('Ctrl Pts',(42.6636601922536,-94.4201694013833,9.51));
#2418=CARTESIAN_POINT('Ctrl Pts',(42.758976635964,-93.8925910026661,9.51));
#2419=CARTESIAN_POINT('Ctrl Pts',(42.8575597224309,-93.3469316717657,9.51));
#2420=CARTESIAN_POINT('Ctrl Pts',(42.9584138544089,-92.8092283607392,9.51));
#2421=CARTESIAN_POINT('Ctrl Pts',(43.0615301557874,-92.279558392096,9.51));
#2422=CARTESIAN_POINT('Ctrl Pts',(43.1688971926868,-91.7280539809844,9.51));
#2423=CARTESIAN_POINT('Ctrl Pts',(43.2787167539141,-91.1852586389309,9.51));
#2424=CARTESIAN_POINT('Ctrl Pts',(43.3909862867067,-90.6512038574372,9.51));
#2425=CARTESIAN_POINT('Ctrl Pts',(43.5131951955051,-90.0698684723015,9.51));
#2426=CARTESIAN_POINT('Ctrl Pts',(43.6383070319271,-89.498889777105,9.51));
#2427=CARTESIAN_POINT('Ctrl Pts',(43.7663275783469,-88.938244895036,9.51));
#2428=CARTESIAN_POINT('Ctrl Pts',(43.8951532499804,-88.3740740997982,9.51));
#2429=CARTESIAN_POINT('Ctrl Pts',(44.0269243923683,-87.8203671091863,9.51));
#2430=CARTESIAN_POINT('Ctrl Pts',(44.1616553637927,-87.2770446177105,9.51));
#2431=CARTESIAN_POINT('Ctrl Pts',(44.2990782752193,-86.7228664815866,9.51));
#2432=CARTESIAN_POINT('Ctrl Pts',(44.4395805123844,-86.1794918508639,9.51));
#2433=CARTESIAN_POINT('Ctrl Pts',(44.5831853869673,-85.6467814811611,9.51));
#2434=CARTESIAN_POINT('Ctrl Pts',(44.7299725324595,-85.1022662983038,9.51));
#2435=CARTESIAN_POINT('Ctrl Pts',(44.8800013929148,-84.5688931329989,9.51));
#2436=CARTESIAN_POINT('Ctrl Pts',(45.0333045676929,-84.0464579790978,9.51));
#2437=CARTESIAN_POINT('Ctrl Pts',(45.1906691299676,-83.5101822011853,9.51));
#2438=CARTESIAN_POINT('Ctrl Pts',(45.3514838462042,-82.9854315424412,9.51));
#2439=CARTESIAN_POINT('Ctrl Pts',(45.5157912610372,-82.4719294947101,9.51));
#2440=CARTESIAN_POINT('Ctrl Pts',(45.6890385473314,-81.9304880973978,9.51));
#2441=CARTESIAN_POINT('Ctrl Pts',(45.8661689947958,-81.4015525105464,9.51));
#2442=CARTESIAN_POINT('Ctrl Pts',(46.0472397458508,-80.8847382839743,9.51));
#2443=CARTESIAN_POINT('Ctrl Pts',(46.2454882178818,-80.318895208023,9.51));
#2444=CARTESIAN_POINT('Ctrl Pts',(46.4484601507667,-79.7675818713513,9.51));
#2445=CARTESIAN_POINT('Ctrl Pts',(46.6562380120676,-79.2302289851869,9.51));
#2446=CARTESIAN_POINT('Ctrl Pts',(46.9076112075709,-78.5801303112359,9.51));
#2447=CARTESIAN_POINT('Ctrl Pts',(47.1660188125473,-77.9504639175806,9.51));
#2448=CARTESIAN_POINT('Ctrl Pts',(47.431615533753,-77.34014120309,9.51));
#2449=CARTESIAN_POINT('Ctrl Pts',(47.7401526931436,-76.6311443608638,9.51));
#2450=CARTESIAN_POINT('Ctrl Pts',(48.0583923882708,-75.9482452614424,9.51));
#2451=CARTESIAN_POINT('Ctrl Pts',(48.3865790658147,-75.2896986466589,9.51));
#2452=CARTESIAN_POINT('Ctrl Pts',(48.6390547501674,-74.783075378189,9.51));
#2453=CARTESIAN_POINT('Ctrl Pts',(48.8974175351367,-74.2908631154526,9.51));
#2454=CARTESIAN_POINT('Ctrl Pts',(49.1617736168656,-73.812292450879,9.51));
#2455=CARTESIAN_POINT('Ctrl Pts',(49.4059680073407,-73.3702210183983,9.51));
#2456=CARTESIAN_POINT('Ctrl Pts',(49.6552764924948,-72.9397888726647,9.51));
#2457=CARTESIAN_POINT('Ctrl Pts',(49.9097759954457,-72.5204283041894,9.51));
#2458=CARTESIAN_POINT('Ctrl Pts',(50.1498568672937,-72.1248265457151,9.51));
#2459=CARTESIAN_POINT('Ctrl Pts',(50.3945573021703,-71.7390768533196,9.51));
#2460=CARTESIAN_POINT('Ctrl Pts',(50.6439342359824,-71.3627480357974,9.51));
#2461=CARTESIAN_POINT('Ctrl Pts',(50.8959325566247,-70.9824633455688,9.51));
#2462=CARTESIAN_POINT('Ctrl Pts',(51.1527062037826,-70.6117985907125,9.51));
#2463=CARTESIAN_POINT('Ctrl Pts',(51.414305063501,-70.2503626388657,9.51));
#2464=CARTESIAN_POINT('Ctrl Pts',(51.6804054730026,-69.8827071571157,9.51));
#2465=CARTESIAN_POINT('Ctrl Pts',(51.9514985560006,-69.5246009274607,9.51));
#2466=CARTESIAN_POINT('Ctrl Pts',(52.2276280716838,-69.1756865894042,9.51));
#2467=CARTESIAN_POINT('Ctrl Pts',(52.508951258086,-68.8202095839105,9.51));
#2468=CARTESIAN_POINT('Ctrl Pts',(52.7955020831139,-68.4742736102944,9.51));
#2469=CARTESIAN_POINT('Ctrl Pts',(53.0873183165977,-68.1375550569059,9.51));
#2470=CARTESIAN_POINT('Ctrl Pts',(53.3851928272199,-67.7938460277316,9.51));
#2471=CARTESIAN_POINT('Ctrl Pts',(53.6885536035885,-67.4597412334291,9.51));
#2472=CARTESIAN_POINT('Ctrl Pts',(53.9974325946308,-67.1349507609042,9.51));
#2473=CARTESIAN_POINT('Ctrl Pts',(54.3134714603483,-66.80263158249,9.51));
#2474=CARTESIAN_POINT('Ctrl Pts',(54.6352872974595,-66.480063687516,9.51));
#2475=CARTESIAN_POINT('Ctrl Pts',(54.9629063596096,-66.1669907658925,9.51));
#2476=CARTESIAN_POINT('Ctrl Pts',(55.2991026254684,-65.845721464587,9.51));
#2477=CARTESIAN_POINT('Ctrl Pts',(55.6414099150898,-65.5344509712218,9.51));
#2478=CARTESIAN_POINT('Ctrl Pts',(55.9898488775614,-65.232956479451,9.51));
#2479=CARTESIAN_POINT('Ctrl Pts',(56.354641147244,-64.9173119281938,9.51));
#2480=CARTESIAN_POINT('Ctrl Pts',(56.7261541212887,-64.6123825990797,9.51));
#2481=CARTESIAN_POINT('Ctrl Pts',(57.104403662665,-64.3179700299701,9.51));
#2482=CARTESIAN_POINT('Ctrl Pts',(57.4958693579554,-64.013270596233,9.51));
#2483=CARTESIAN_POINT('Ctrl Pts',(57.8945505308002,-63.7198359234081,9.51));
#2484=CARTESIAN_POINT('Ctrl Pts',(58.3004573640791,-63.4375034341044,9.51));
#2485=CARTESIAN_POINT('Ctrl Pts',(58.7234180313323,-63.143308982884,9.51));
#2486=CARTESIAN_POINT('Ctrl Pts',(59.1542241824247,-62.8611695121125,9.51));
#2487=CARTESIAN_POINT('Ctrl Pts',(59.592880682553,-62.5909582295467,9.51));
#2488=CARTESIAN_POINT('Ctrl Pts',(60.0705439811764,-62.2967188588366,9.51));
#2489=CARTESIAN_POINT('Ctrl Pts',(60.5575157516756,-62.0166235032436,9.51));
#2490=CARTESIAN_POINT('Ctrl Pts',(61.0537960836793,-61.7505721467938,9.51));
#2491=CARTESIAN_POINT('Ctrl Pts',(61.5862373547104,-61.4651352409714,9.51));
#2492=CARTESIAN_POINT('Ctrl Pts',(62.1293928958703,-61.1958642214901,9.51));
#2493=CARTESIAN_POINT('Ctrl Pts',(62.683258742731,-60.9426991309781,9.51));
#2494=CARTESIAN_POINT('Ctrl Pts',(63.3417377289985,-60.6417166943403,9.51));
#2495=CARTESIAN_POINT('Ctrl Pts',(64.0153544116095,-60.3634998624256,9.51));
#2496=CARTESIAN_POINT('Ctrl Pts',(64.7041030282683,-60.108023037474,9.51));
#2497=CARTESIAN_POINT('Ctrl Pts',(64.8024269580298,-60.0715518420557,9.51));
#2498=CARTESIAN_POINT('Ctrl Pts',(64.9010592828403,-60.0355441645002,9.51));
#2499=CARTESIAN_POINT('Ctrl Pts',(65.,-60.,9.51));
#2500=CARTESIAN_POINT('',(75.,-95.,9.51));
#2501=CARTESIAN_POINT('',(75.,-108.744134041975,9.51));
#2502=CARTESIAN_POINT('',(80.,-95.,9.51));
#2503=CARTESIAN_POINT('',(101.198738618674,-95.,9.51));
#2504=CARTESIAN_POINT('',(80.,-106.132446329964,9.51));
#2505=CARTESIAN_POINT('Origin',(110.,-70.,13.51));
#2506=CARTESIAN_POINT('',(110.,-74.6025471822427,-6.49));
#2507=CARTESIAN_POINT('',(110.,-74.6025471822427,13.51));
#2508=CARTESIAN_POINT('',(110.,-74.6025471822427,-6.49));
#2509=CARTESIAN_POINT('Origin',(110.,-74.6025471822427,13.51));
#2510=CARTESIAN_POINT('',(90.2958698311676,-74.6025471822427,-6.49));
#2511=CARTESIAN_POINT('',(90.2958698311676,-74.6025471822427,13.51));
#2512=CARTESIAN_POINT('',(90.2958698311676,-74.6025471822427,-6.49));
#2513=CARTESIAN_POINT('Origin',(90.2958698311676,-74.6025471822427,13.51));
#2514=CARTESIAN_POINT('',(90.2958698311676,-81.25,-6.49));
#2515=CARTESIAN_POINT('',(90.2958698311676,-81.25,13.51));
#2516=CARTESIAN_POINT('',(90.2958698311676,-81.25,-6.49));
#2517=CARTESIAN_POINT('Origin',(90.2958698311676,-81.25,13.51));
#2518=CARTESIAN_POINT('',(82.5,-81.25,-6.49));
#2519=CARTESIAN_POINT('',(82.5,-81.25,13.51));
#2520=CARTESIAN_POINT('',(82.5,-81.25,-6.49));
#2521=CARTESIAN_POINT('Origin',(82.5,-81.25,13.51));
#2522=CARTESIAN_POINT('',(82.5,-89.7766245759779,-6.49));
#2523=CARTESIAN_POINT('',(82.5,-89.7766245759779,13.51));
#2524=CARTESIAN_POINT('',(82.5,-89.7766245759779,-6.49));
#2525=CARTESIAN_POINT('Origin',(82.5,-89.7766245759779,13.51));
#2526=CARTESIAN_POINT('',(80.,-89.7766245759779,-6.49));
#2527=CARTESIAN_POINT('',(80.,-89.7766245759779,13.51));
#2528=CARTESIAN_POINT('',(80.,-89.7766245759779,-6.49));
#2529=CARTESIAN_POINT('Origin',(95.,-65.,13.51));
#2530=CARTESIAN_POINT('',(95.,-65.,-6.49));
#2531=CARTESIAN_POINT('',(105.,-65.,-6.49));
#2532=CARTESIAN_POINT('',(95.,-65.,13.51));
#2533=CARTESIAN_POINT('Origin',(95.,-60.,13.51));
#2534=CARTESIAN_POINT('',(95.,-60.,-6.49));
#2535=CARTESIAN_POINT('',(95.,-60.,-6.49));
#2536=CARTESIAN_POINT('',(95.,-60.,13.51));
#2537=CARTESIAN_POINT('Origin',(65.,-60.,13.51));
#2538=CARTESIAN_POINT('',(65.,-60.,-6.49));
#2539=CARTESIAN_POINT('',(65.,-60.,-6.49));
#2540=CARTESIAN_POINT('',(65.,-60.,13.51));
#2541=CARTESIAN_POINT('Ctrl Pts',(75.,-117.5,13.51));
#2542=CARTESIAN_POINT('Ctrl Pts',(75.,-117.5,-6.49));
#2543=CARTESIAN_POINT('Ctrl Pts',(75.,-118.395079980053,13.51));
#2544=CARTESIAN_POINT('Ctrl Pts',(75.,-118.395079980053,-6.49));
#2545=CARTESIAN_POINT('Ctrl Pts',(74.6617605024437,-119.813821018205,13.51));
#2546=CARTESIAN_POINT('Ctrl Pts',(74.6617605024437,-119.813821018205,-6.49));
#2547=CARTESIAN_POINT('Ctrl Pts',(73.1392415783929,-120.826852261531,13.51));
#2548=CARTESIAN_POINT('Ctrl Pts',(73.1392415783929,-120.826852261531,-6.49));
#2549=CARTESIAN_POINT('Ctrl Pts',(69.5571579775947,-120.683978495669,13.51));
#2550=CARTESIAN_POINT('Ctrl Pts',(69.5571579775947,-120.683978495669,-6.49));
#2551=CARTESIAN_POINT('Ctrl Pts',(64.7524624740143,-121.279660175967,13.51));
#2552=CARTESIAN_POINT('Ctrl Pts',(64.7524624740143,-121.279660175967,-6.49));
#2553=CARTESIAN_POINT('Ctrl Pts',(61.7346399919252,-125.290924293477,13.51));
#2554=CARTESIAN_POINT('Ctrl Pts',(61.7346399919252,-125.290924293477,-6.49));
#2555=CARTESIAN_POINT('Ctrl Pts',(61.0222650089841,-132.242544192028,13.51));
#2556=CARTESIAN_POINT('Ctrl Pts',(61.0222650089841,-132.242544192028,-6.49));
#2557=CARTESIAN_POINT('Ctrl Pts',(61.9104901894857,-139.532639652756,13.51));
#2558=CARTESIAN_POINT('Ctrl Pts',(61.9104901894857,-139.532639652756,-6.49));
#2559=CARTESIAN_POINT('Ctrl Pts',(63.55596976291,-144.876334758569,13.51));
#2560=CARTESIAN_POINT('Ctrl Pts',(63.55596976291,-144.876334758569,-6.49));
#2561=CARTESIAN_POINT('Ctrl Pts',(65.2795788760255,-147.064334817757,13.51));
#2562=CARTESIAN_POINT('Ctrl Pts',(65.2795788760255,-147.064334817757,-6.49));
#2563=CARTESIAN_POINT('Ctrl Pts',(68.4685177345493,-150.244819776408,13.51));
#2564=CARTESIAN_POINT('Ctrl Pts',(68.4685177345493,-150.244819776408,-6.49));
#2565=CARTESIAN_POINT('Ctrl Pts',(73.0312804582566,-156.195965452384,13.51));
#2566=CARTESIAN_POINT('Ctrl Pts',(73.0312804582566,-156.195965452384,-6.49));
#2567=CARTESIAN_POINT('Ctrl Pts',(77.4200781791755,-163.744348593537,13.51));
#2568=CARTESIAN_POINT('Ctrl Pts',(77.4200781791755,-163.744348593537,-6.49));
#2569=CARTESIAN_POINT('Ctrl Pts',(79.9594142738047,-171.161033077617,13.51));
#2570=CARTESIAN_POINT('Ctrl Pts',(79.9594142738047,-171.161033077617,-6.49));
#2571=CARTESIAN_POINT('Ctrl Pts',(79.2834529598968,-176.496700624437,13.51));
#2572=CARTESIAN_POINT('Ctrl Pts',(79.2834529598968,-176.496700624437,-6.49));
#2573=CARTESIAN_POINT('Ctrl Pts',(75.9145936639711,-180.60349486055,13.51));
#2574=CARTESIAN_POINT('Ctrl Pts',(75.9145936639711,-180.60349486055,-6.49));
#2575=CARTESIAN_POINT('Ctrl Pts',(71.3155188972843,-184.158644412772,13.51));
#2576=CARTESIAN_POINT('Ctrl Pts',(71.3155188972843,-184.158644412772,-6.49));
#2577=CARTESIAN_POINT('Ctrl Pts',(65.9863437361368,-184.9765361679,13.51));
#2578=CARTESIAN_POINT('Ctrl Pts',(65.9863437361368,-184.9765361679,-6.49));
#2579=CARTESIAN_POINT('Ctrl Pts',(60.3841812216526,-181.244713850693,13.51));
#2580=CARTESIAN_POINT('Ctrl Pts',(60.3841812216526,-181.244713850693,-6.49));
#2581=CARTESIAN_POINT('Ctrl Pts',(54.9175148256069,-174.105325959007,13.51));
#2582=CARTESIAN_POINT('Ctrl Pts',(54.9175148256069,-174.105325959007,-6.49));
#2583=CARTESIAN_POINT('Ctrl Pts',(50.0832116778699,-166.723741848454,13.51));
#2584=CARTESIAN_POINT('Ctrl Pts',(50.0832116778699,-166.723741848454,-6.49));
#2585=CARTESIAN_POINT('Ctrl Pts',(46.113370652411,-159.612447178669,13.51));
#2586=CARTESIAN_POINT('Ctrl Pts',(46.113370652411,-159.612447178669,-6.49));
#2587=CARTESIAN_POINT('Ctrl Pts',(43.1366859591153,-152.808103031453,13.51));
#2588=CARTESIAN_POINT('Ctrl Pts',(43.1366859591153,-152.808103031453,-6.49));
#2589=CARTESIAN_POINT('Ctrl Pts',(41.1531560143235,-145.585127291127,13.51));
#2590=CARTESIAN_POINT('Ctrl Pts',(41.1531560143235,-145.585127291127,-6.49));
#2591=CARTESIAN_POINT('Ctrl Pts',(40.0838948344137,-137.28275579926,13.51));
#2592=CARTESIAN_POINT('Ctrl Pts',(40.0838948344137,-137.28275579926,-6.49));
#2593=CARTESIAN_POINT('Ctrl Pts',(39.7949544746968,-127.468172575008,13.51));
#2594=CARTESIAN_POINT('Ctrl Pts',(39.7949544746968,-127.468172575008,-6.49));
#2595=CARTESIAN_POINT('Ctrl Pts',(40.1154992894833,-116.821607211596,13.51));
#2596=CARTESIAN_POINT('Ctrl Pts',(40.1154992894833,-116.821607211596,-6.49));
#2597=CARTESIAN_POINT('Ctrl Pts',(40.9020272740936,-106.548449468765,13.51));
#2598=CARTESIAN_POINT('Ctrl Pts',(40.9020272740936,-106.548449468765,-6.49));
#2599=CARTESIAN_POINT('Ctrl Pts',(42.0770954563167,-97.1565728409377,13.51));
#2600=CARTESIAN_POINT('Ctrl Pts',(42.0770954563167,-97.1565728409377,-6.49));
#2601=CARTESIAN_POINT('Ctrl Pts',(43.6011231447689,-88.9754602527842,13.51));
#2602=CARTESIAN_POINT('Ctrl Pts',(43.6011231447689,-88.9754602527842,-6.49));
#2603=CARTESIAN_POINT('Ctrl Pts',(45.4685434354923,-82.0488927421368,13.51));
#2604=CARTESIAN_POINT('Ctrl Pts',(45.4685434354923,-82.0488927421368,-6.49));
#2605=CARTESIAN_POINT('Ctrl Pts',(47.6937951973545,-76.290624616578,13.51));
#2606=CARTESIAN_POINT('Ctrl Pts',(47.6937951973545,-76.290624616578,-6.49));
#2607=CARTESIAN_POINT('Ctrl Pts',(50.3018571032216,-71.5253788406316,13.51));
#2608=CARTESIAN_POINT('Ctrl Pts',(50.3018571032216,-71.5253788406316,-6.49));
#2609=CARTESIAN_POINT('Ctrl Pts',(53.316671846006,-67.5797131894534,13.51));
#2610=CARTESIAN_POINT('Ctrl Pts',(53.316671846006,-67.5797131894534,-6.49));
#2611=CARTESIAN_POINT('Ctrl Pts',(56.7509797062025,-64.3477090000964,13.51));
#2612=CARTESIAN_POINT('Ctrl Pts',(56.7509797062025,-64.3477090000964,-6.49));
#2613=CARTESIAN_POINT('Ctrl Pts',(59.8381003697397,-62.2892582142404,13.51));
#2614=CARTESIAN_POINT('Ctrl Pts',(59.8381003697397,-62.2892582142404,-6.49));
#2615=CARTESIAN_POINT('Ctrl Pts',(62.3447501940328,-61.0329562111821,13.51));
#2616=CARTESIAN_POINT('Ctrl Pts',(62.3447501940328,-61.0329562111821,-6.49));
#2617=CARTESIAN_POINT('Ctrl Pts',(64.1007643808086,-60.3230477774019,13.51));
#2618=CARTESIAN_POINT('Ctrl Pts',(64.1007643808086,-60.3230477774019,-6.49));
#2619=CARTESIAN_POINT('Ctrl Pts',(65.,-60.,13.51));
#2620=CARTESIAN_POINT('Ctrl Pts',(65.,-60.,-6.49));
#2621=CARTESIAN_POINT('',(75.,-117.5,-6.49));
#2622=CARTESIAN_POINT('Ctrl Pts',(75.,-117.5,-6.49));
#2623=CARTESIAN_POINT('Ctrl Pts',(75.,-118.395079980053,-6.49));
#2624=CARTESIAN_POINT('Ctrl Pts',(74.6617605024437,-119.813821018205,-6.49));
#2625=CARTESIAN_POINT('Ctrl Pts',(73.1392415783929,-120.826852261531,-6.49));
#2626=CARTESIAN_POINT('Ctrl Pts',(69.5571579775947,-120.683978495669,-6.49));
#2627=CARTESIAN_POINT('Ctrl Pts',(64.7524624740143,-121.279660175967,-6.49));
#2628=CARTESIAN_POINT('Ctrl Pts',(61.7346399919252,-125.290924293477,-6.49));
#2629=CARTESIAN_POINT('Ctrl Pts',(61.0222650089841,-132.242544192028,-6.49));
#2630=CARTESIAN_POINT('Ctrl Pts',(61.9104901894857,-139.532639652756,-6.49));
#2631=CARTESIAN_POINT('Ctrl Pts',(63.55596976291,-144.876334758569,-6.49));
#2632=CARTESIAN_POINT('Ctrl Pts',(65.2795788760255,-147.064334817757,-6.49));
#2633=CARTESIAN_POINT('Ctrl Pts',(68.4685177345493,-150.244819776408,-6.49));
#2634=CARTESIAN_POINT('Ctrl Pts',(73.0312804582566,-156.195965452384,-6.49));
#2635=CARTESIAN_POINT('Ctrl Pts',(77.4200781791755,-163.744348593537,-6.49));
#2636=CARTESIAN_POINT('Ctrl Pts',(79.9594142738047,-171.161033077617,-6.49));
#2637=CARTESIAN_POINT('Ctrl Pts',(79.2834529598968,-176.496700624437,-6.49));
#2638=CARTESIAN_POINT('Ctrl Pts',(75.9145936639711,-180.60349486055,-6.49));
#2639=CARTESIAN_POINT('Ctrl Pts',(71.3155188972843,-184.158644412772,-6.49));
#2640=CARTESIAN_POINT('Ctrl Pts',(65.9863437361368,-184.9765361679,-6.49));
#2641=CARTESIAN_POINT('Ctrl Pts',(60.3841812216526,-181.244713850693,-6.49));
#2642=CARTESIAN_POINT('Ctrl Pts',(54.9175148256069,-174.105325959007,-6.49));
#2643=CARTESIAN_POINT('Ctrl Pts',(50.0832116778699,-166.723741848454,-6.49));
#2644=CARTESIAN_POINT('Ctrl Pts',(46.113370652411,-159.612447178669,-6.49));
#2645=CARTESIAN_POINT('Ctrl Pts',(43.1366859591153,-152.808103031453,-6.49));
#2646=CARTESIAN_POINT('Ctrl Pts',(41.1531560143235,-145.585127291127,-6.49));
#2647=CARTESIAN_POINT('Ctrl Pts',(40.0838948344137,-137.28275579926,-6.49));
#2648=CARTESIAN_POINT('Ctrl Pts',(39.7949544746968,-127.468172575008,-6.49));
#2649=CARTESIAN_POINT('Ctrl Pts',(40.1154992894833,-116.821607211596,-6.49));
#2650=CARTESIAN_POINT('Ctrl Pts',(40.9020272740936,-106.548449468765,-6.49));
#2651=CARTESIAN_POINT('Ctrl Pts',(42.0770954563167,-97.1565728409377,-6.49));
#2652=CARTESIAN_POINT('Ctrl Pts',(43.6011231447689,-88.9754602527842,-6.49));
#2653=CARTESIAN_POINT('Ctrl Pts',(45.4685434354923,-82.0488927421368,-6.49));
#2654=CARTESIAN_POINT('Ctrl Pts',(47.6937951973545,-76.290624616578,-6.49));
#2655=CARTESIAN_POINT('Ctrl Pts',(50.3018571032216,-71.5253788406316,-6.49));
#2656=CARTESIAN_POINT('Ctrl Pts',(53.316671846006,-67.5797131894534,-6.49));
#2657=CARTESIAN_POINT('Ctrl Pts',(56.7509797062025,-64.3477090000964,-6.49));
#2658=CARTESIAN_POINT('Ctrl Pts',(59.8381003697397,-62.2892582142404,-6.49));
#2659=CARTESIAN_POINT('Ctrl Pts',(62.3447501940328,-61.0329562111821,-6.49));
#2660=CARTESIAN_POINT('Ctrl Pts',(64.1007643808086,-60.3230477774019,-6.49));
#2661=CARTESIAN_POINT('Ctrl Pts',(65.,-60.,-6.49));
#2662=CARTESIAN_POINT('',(75.,-117.5,13.51));
#2663=CARTESIAN_POINT('Origin',(75.,-95.,13.51));
#2664=CARTESIAN_POINT('',(75.,-95.,-6.49));
#2665=CARTESIAN_POINT('',(75.,-95.,-6.49));
#2666=CARTESIAN_POINT('',(75.,-95.,13.51));
#2667=CARTESIAN_POINT('Origin',(80.,-95.,13.51));
#2668=CARTESIAN_POINT('',(80.,-95.,-6.49));
#2669=CARTESIAN_POINT('',(75.,-95.,-6.49));
#2670=CARTESIAN_POINT('',(80.,-95.,13.51));
#2671=CARTESIAN_POINT('Origin',(80.,-89.7766245759779,13.51));
#2672=CARTESIAN_POINT('',(80.,-89.7766245759779,-6.49));
#2673=CARTESIAN_POINT('Origin',(122.397477237348,-122.48826808395,-6.49));
#2674=UNCERTAINTY_MEASURE_WITH_UNIT(LENGTH_MEASURE(0.01),#2678,
'DISTANCE_ACCURACY_VALUE',
'Maximum model space distance between geometric entities at asserted c
onnectivities');
#2675=UNCERTAINTY_MEASURE_WITH_UNIT(LENGTH_MEASURE(0.01),#2678,
'DISTANCE_ACCURACY_VALUE',
'Maximum model space distance between geometric entities at asserted c
onnectivities');
#2676=(
GEOMETRIC_REPRESENTATION_CONTEXT(3)
GLOBAL_UNCERTAINTY_ASSIGNED_CONTEXT((#2674))
GLOBAL_UNIT_ASSIGNED_CONTEXT((#2678,#2679,#2680))
REPRESENTATION_CONTEXT('','3D')
);
#2677=(
GEOMETRIC_REPRESENTATION_CONTEXT(3)
GLOBAL_UNCERTAINTY_ASSIGNED_CONTEXT((#2675))
GLOBAL_UNIT_ASSIGNED_CONTEXT((#2678,#2679,#2680))
REPRESENTATION_CONTEXT('','3D')
);
#2678=(
LENGTH_UNIT()
NAMED_UNIT(*)
SI_UNIT(.MILLI.,.METRE.)
);
#2679=(
NAMED_UNIT(*)
PLANE_ANGLE_UNIT()
SI_UNIT($,.RADIAN.)
);
#2680=(
NAMED_UNIT(*)
SI_UNIT($,.STERADIAN.)
SOLID_ANGLE_UNIT()
);
#2681=SHAPE_DEFINITION_REPRESENTATION(#2682,#2683);
#2682=PRODUCT_DEFINITION_SHAPE('',$,#2685);
#2683=SHAPE_REPRESENTATION('',(#654),#2676);
#2684=PRODUCT_DEFINITION_CONTEXT('part definition',#2689,'design');
#2685=PRODUCT_DEFINITION('F1 Blare PCB 1','F1 Blare PCB_Handel',#2686,#2684);
#2686=PRODUCT_DEFINITION_FORMATION('',$,#2691);
#2687=PRODUCT_RELATED_PRODUCT_CATEGORY('F1 Blare PCB_Handel',
'F1 Blare PCB_Handel',(#2691));
#2688=APPLICATION_PROTOCOL_DEFINITION('international standard',
'automotive_design',2009,#2689);
#2689=APPLICATION_CONTEXT(
'Core Data for Automotive Mechanical Design Process');
#2690=PRODUCT_CONTEXT('part definition',#2689,'mechanical');
#2691=PRODUCT('F1 Blare PCB 1','F1 Blare PCB_Handel',
'KiCad electronic assembly',(#2690));
#2692=PRESENTATION_STYLE_ASSIGNMENT((#2693));
#2693=SURFACE_STYLE_USAGE(.BOTH.,#2694);
#2694=SURFACE_SIDE_STYLE('',(#2695));
#2695=SURFACE_STYLE_FILL_AREA(#2696);
#2696=FILL_AREA_STYLE('Steel - Satin',(#2697));
#2697=FILL_AREA_STYLE_COLOUR('Steel - Satin',#2698);
#2698=COLOUR_RGB('Steel - Satin',0.627450980392157,0.627450980392157,0.627450980392157);
ENDSEC;
END-ISO-10303-21;
