ISO-10303-21;
HEADER;
/* Generated by software containing ST-Developer
 * from STEP Tools, Inc. (www.steptools.com) 
 */

FILE_DESCRIPTION(
/* description */ ('KiCad electronic assembly'),
/* implementation_level */ '2;1');

FILE_NAME(
/* name */ 'F1 Blare PCB_Base.step',
/* time_stamp */ '2026-09-12T08:54:32+05:30',
/* author */ (''),
/* organization */ (''),
/* preprocessor_version */ 'ST-DEVELOPER v20.2',
/* originating_system */ 'Autodesk Translation Framework v15.15.0.0',
/* authorisation */ '');

FILE_SCHEMA (('AUTOMOTIVE_DESIGN { 1 0 10303 214 3 1 1 }'));
ENDSEC;

DATA;
#10=MECHANICAL_DESIGN_GEOMETRIC_PRESENTATION_REPRESENTATION('',(#49,#50,
#51,#52,#53,#54),#2478);
#11=SHAPE_REPRESENTATION_RELATIONSHIP('SRR','None',#2484,#12);
#12=ADVANCED_BREP_SHAPE_REPRESENTATION('',(#55,#56,#57,#58,#59,#60),#2477);
#13=CYLINDRICAL_SURFACE('',#1606,1.6);
#14=CYLINDRICAL_SURFACE('',#1608,1.6);
#15=CYLINDRICAL_SURFACE('',#1610,1.6);
#16=CYLINDRICAL_SURFACE('',#1612,1.59999999999998);
#17=CYLINDRICAL_SURFACE('',#1620,1.6);
#18=CYLINDRICAL_SURFACE('',#1623,3.00000000000001);
#19=CYLINDRICAL_SURFACE('',#1628,1.6);
#20=CYLINDRICAL_SURFACE('',#1631,3.00000000000001);
#21=CYLINDRICAL_SURFACE('',#1636,1.59999999999998);
#22=CYLINDRICAL_SURFACE('',#1639,2.99999999999999);
#23=CYLINDRICAL_SURFACE('',#1644,1.6);
#24=CYLINDRICAL_SURFACE('',#1647,3.00000000000001);
#25=CIRCLE('',#1599,1.6);
#26=CIRCLE('',#1601,1.6);
#27=CIRCLE('',#1603,1.59999999999998);
#28=CIRCLE('',#1605,1.6);
#29=CIRCLE('',#1607,1.6);
#30=CIRCLE('',#1609,1.6);
#31=CIRCLE('',#1611,1.6);
#32=CIRCLE('',#1613,1.59999999999998);
#33=CIRCLE('',#1621,1.6);
#34=CIRCLE('',#1622,1.6);
#35=CIRCLE('',#1624,3.00000000000001);
#36=CIRCLE('',#1625,3.00000000000001);
#37=CIRCLE('',#1629,1.6);
#38=CIRCLE('',#1630,1.6);
#39=CIRCLE('',#1632,3.00000000000001);
#40=CIRCLE('',#1633,3.00000000000001);
#41=CIRCLE('',#1637,1.59999999999998);
#42=CIRCLE('',#1638,1.59999999999998);
#43=CIRCLE('',#1640,2.99999999999999);
#44=CIRCLE('',#1641,2.99999999999999);
#45=CIRCLE('',#1645,1.6);
#46=CIRCLE('',#1646,1.6);
#47=CIRCLE('',#1648,3.00000000000001);
#48=CIRCLE('',#1649,3.00000000000001);
#49=STYLED_ITEM('',(#2493),#55);
#50=STYLED_ITEM('',(#2493),#56);
#51=STYLED_ITEM('',(#2493),#57);
#52=STYLED_ITEM('',(#2493),#58);
#53=STYLED_ITEM('',(#2493),#59);
#54=STYLED_ITEM('',(#2493),#60);
#55=MANIFOLD_SOLID_BREP('Body2',#1537);
#56=MANIFOLD_SOLID_BREP('Body3',#1538);
#57=MANIFOLD_SOLID_BREP('Body10',#1539);
#58=MANIFOLD_SOLID_BREP('Body11',#1540);
#59=MANIFOLD_SOLID_BREP('Body12',#1541);
#60=MANIFOLD_SOLID_BREP('Body13',#1542);
#61=FACE_BOUND('',#204,.T.);
#62=FACE_BOUND('',#206,.T.);
#63=FACE_BOUND('',#233,.T.);
#64=FACE_BOUND('',#234,.T.);
#65=FACE_BOUND('',#235,.T.);
#66=FACE_BOUND('',#236,.T.);
#67=FACE_BOUND('',#239,.T.);
#68=FACE_BOUND('',#240,.T.);
#69=FACE_BOUND('',#241,.T.);
#70=FACE_BOUND('',#242,.T.);
#71=FACE_BOUND('',#243,.T.);
#72=FACE_BOUND('',#244,.T.);
#73=FACE_BOUND('',#245,.T.);
#74=FACE_BOUND('',#246,.T.);
#75=FACE_BOUND('',#252,.T.);
#76=FACE_BOUND('',#254,.T.);
#77=FACE_BOUND('',#258,.T.);
#78=FACE_BOUND('',#260,.T.);
#79=FACE_BOUND('',#264,.T.);
#80=FACE_BOUND('',#266,.T.);
#81=FACE_BOUND('',#270,.T.);
#82=FACE_BOUND('',#272,.T.);
#83=FACE_OUTER_BOUND('',#167,.T.);
#84=FACE_OUTER_BOUND('',#168,.T.);
#85=FACE_OUTER_BOUND('',#169,.T.);
#86=FACE_OUTER_BOUND('',#170,.T.);
#87=FACE_OUTER_BOUND('',#171,.T.);
#88=FACE_OUTER_BOUND('',#172,.T.);
#89=FACE_OUTER_BOUND('',#173,.T.);
#90=FACE_OUTER_BOUND('',#174,.T.);
#91=FACE_OUTER_BOUND('',#175,.T.);
#92=FACE_OUTER_BOUND('',#176,.T.);
#93=FACE_OUTER_BOUND('',#177,.T.);
#94=FACE_OUTER_BOUND('',#178,.T.);
#95=FACE_OUTER_BOUND('',#179,.T.);
#96=FACE_OUTER_BOUND('',#180,.T.);
#97=FACE_OUTER_BOUND('',#181,.T.);
#98=FACE_OUTER_BOUND('',#182,.T.);
#99=FACE_OUTER_BOUND('',#183,.T.);
#100=FACE_OUTER_BOUND('',#184,.T.);
#101=FACE_OUTER_BOUND('',#185,.T.);
#102=FACE_OUTER_BOUND('',#186,.T.);
#103=FACE_OUTER_BOUND('',#187,.T.);
#104=FACE_OUTER_BOUND('',#188,.T.);
#105=FACE_OUTER_BOUND('',#189,.T.);
#106=FACE_OUTER_BOUND('',#190,.T.);
#107=FACE_OUTER_BOUND('',#191,.T.);
#108=FACE_OUTER_BOUND('',#192,.T.);
#109=FACE_OUTER_BOUND('',#193,.T.);
#110=FACE_OUTER_BOUND('',#194,.T.);
#111=FACE_OUTER_BOUND('',#195,.T.);
#112=FACE_OUTER_BOUND('',#196,.T.);
#113=FACE_OUTER_BOUND('',#197,.T.);
#114=FACE_OUTER_BOUND('',#198,.T.);
#115=FACE_OUTER_BOUND('',#199,.T.);
#116=FACE_OUTER_BOUND('',#200,.T.);
#117=FACE_OUTER_BOUND('',#201,.T.);
#118=FACE_OUTER_BOUND('',#202,.T.);
#119=FACE_OUTER_BOUND('',#203,.T.);
#120=FACE_OUTER_BOUND('',#205,.T.);
#121=FACE_OUTER_BOUND('',#207,.T.);
#122=FACE_OUTER_BOUND('',#208,.T.);
#123=FACE_OUTER_BOUND('',#209,.T.);
#124=FACE_OUTER_BOUND('',#210,.T.);
#125=FACE_OUTER_BOUND('',#211,.T.);
#126=FACE_OUTER_BOUND('',#212,.T.);
#127=FACE_OUTER_BOUND('',#213,.T.);
#128=FACE_OUTER_BOUND('',#214,.T.);
#129=FACE_OUTER_BOUND('',#215,.T.);
#130=FACE_OUTER_BOUND('',#216,.T.);
#131=FACE_OUTER_BOUND('',#217,.T.);
#132=FACE_OUTER_BOUND('',#218,.T.);
#133=FACE_OUTER_BOUND('',#219,.T.);
#134=FACE_OUTER_BOUND('',#220,.T.);
#135=FACE_OUTER_BOUND('',#221,.T.);
#136=FACE_OUTER_BOUND('',#222,.T.);
#137=FACE_OUTER_BOUND('',#223,.T.);
#138=FACE_OUTER_BOUND('',#224,.T.);
#139=FACE_OUTER_BOUND('',#225,.T.);
#140=FACE_OUTER_BOUND('',#226,.T.);
#141=FACE_OUTER_BOUND('',#227,.T.);
#142=FACE_OUTER_BOUND('',#228,.T.);
#143=FACE_OUTER_BOUND('',#229,.T.);
#144=FACE_OUTER_BOUND('',#230,.T.);
#145=FACE_OUTER_BOUND('',#231,.T.);
#146=FACE_OUTER_BOUND('',#232,.T.);
#147=FACE_OUTER_BOUND('',#237,.T.);
#148=FACE_OUTER_BOUND('',#238,.T.);
#149=FACE_OUTER_BOUND('',#247,.T.);
#150=FACE_OUTER_BOUND('',#248,.T.);
#151=FACE_OUTER_BOUND('',#249,.T.);
#152=FACE_OUTER_BOUND('',#250,.T.);
#153=FACE_OUTER_BOUND('',#251,.T.);
#154=FACE_OUTER_BOUND('',#253,.T.);
#155=FACE_OUTER_BOUND('',#255,.T.);
#156=FACE_OUTER_BOUND('',#256,.T.);
#157=FACE_OUTER_BOUND('',#257,.T.);
#158=FACE_OUTER_BOUND('',#259,.T.);
#159=FACE_OUTER_BOUND('',#261,.T.);
#160=FACE_OUTER_BOUND('',#262,.T.);
#161=FACE_OUTER_BOUND('',#263,.T.);
#162=FACE_OUTER_BOUND('',#265,.T.);
#163=FACE_OUTER_BOUND('',#267,.T.);
#164=FACE_OUTER_BOUND('',#268,.T.);
#165=FACE_OUTER_BOUND('',#269,.T.);
#166=FACE_OUTER_BOUND('',#271,.T.);
#167=EDGE_LOOP('',(#973,#974,#975,#976));
#168=EDGE_LOOP('',(#977,#978,#979,#980));
#169=EDGE_LOOP('',(#981,#982,#983,#984));
#170=EDGE_LOOP('',(#985,#986,#987,#988));
#171=EDGE_LOOP('',(#989,#990,#991,#992));
#172=EDGE_LOOP('',(#993,#994,#995,#996));
#173=EDGE_LOOP('',(#997,#998,#999,#1000));
#174=EDGE_LOOP('',(#1001,#1002,#1003,#1004));
#175=EDGE_LOOP('',(#1005,#1006,#1007,#1008));
#176=EDGE_LOOP('',(#1009,#1010,#1011,#1012));
#177=EDGE_LOOP('',(#1013,#1014,#1015,#1016));
#178=EDGE_LOOP('',(#1017,#1018,#1019,#1020));
#179=EDGE_LOOP('',(#1021,#1022,#1023,#1024));
#180=EDGE_LOOP('',(#1025,#1026,#1027,#1028));
#181=EDGE_LOOP('',(#1029,#1030,#1031,#1032));
#182=EDGE_LOOP('',(#1033,#1034,#1035,#1036));
#183=EDGE_LOOP('',(#1037,#1038,#1039,#1040));
#184=EDGE_LOOP('',(#1041,#1042,#1043,#1044));
#185=EDGE_LOOP('',(#1045,#1046,#1047,#1048));
#186=EDGE_LOOP('',(#1049,#1050,#1051,#1052));
#187=EDGE_LOOP('',(#1053,#1054,#1055,#1056));
#188=EDGE_LOOP('',(#1057,#1058,#1059,#1060));
#189=EDGE_LOOP('',(#1061,#1062,#1063,#1064));
#190=EDGE_LOOP('',(#1065,#1066,#1067,#1068));
#191=EDGE_LOOP('',(#1069,#1070,#1071,#1072));
#192=EDGE_LOOP('',(#1073,#1074,#1075,#1076));
#193=EDGE_LOOP('',(#1077,#1078,#1079,#1080));
#194=EDGE_LOOP('',(#1081,#1082,#1083,#1084));
#195=EDGE_LOOP('',(#1085,#1086,#1087,#1088));
#196=EDGE_LOOP('',(#1089,#1090,#1091,#1092));
#197=EDGE_LOOP('',(#1093,#1094,#1095,#1096));
#198=EDGE_LOOP('',(#1097,#1098,#1099,#1100));
#199=EDGE_LOOP('',(#1101,#1102,#1103,#1104));
#200=EDGE_LOOP('',(#1105,#1106,#1107,#1108));
#201=EDGE_LOOP('',(#1109,#1110,#1111,#1112));
#202=EDGE_LOOP('',(#1113,#1114,#1115,#1116));
#203=EDGE_LOOP('',(#1117,#1118,#1119,#1120,#1121,#1122,#1123,#1124,#1125,
#1126,#1127,#1128,#1129,#1130,#1131,#1132,#1133,#1134,#1135,#1136,#1137,
#1138,#1139,#1140,#1141,#1142,#1143,#1144,#1145,#1146,#1147,#1148));
#204=EDGE_LOOP('',(#1149,#1150,#1151,#1152));
#205=EDGE_LOOP('',(#1153,#1154,#1155,#1156,#1157,#1158,#1159,#1160,#1161,
#1162,#1163,#1164,#1165,#1166,#1167,#1168,#1169,#1170,#1171,#1172,#1173,
#1174,#1175,#1176,#1177,#1178,#1179,#1180,#1181,#1182,#1183,#1184));
#206=EDGE_LOOP('',(#1185,#1186,#1187,#1188));
#207=EDGE_LOOP('',(#1189,#1190,#1191,#1192));
#208=EDGE_LOOP('',(#1193,#1194,#1195,#1196));
#209=EDGE_LOOP('',(#1197,#1198,#1199,#1200));
#210=EDGE_LOOP('',(#1201,#1202,#1203,#1204));
#211=EDGE_LOOP('',(#1205,#1206,#1207,#1208));
#212=EDGE_LOOP('',(#1209,#1210,#1211,#1212));
#213=EDGE_LOOP('',(#1213,#1214,#1215,#1216));
#214=EDGE_LOOP('',(#1217,#1218,#1219,#1220));
#215=EDGE_LOOP('',(#1221,#1222,#1223,#1224));
#216=EDGE_LOOP('',(#1225,#1226,#1227,#1228));
#217=EDGE_LOOP('',(#1229,#1230,#1231,#1232));
#218=EDGE_LOOP('',(#1233,#1234,#1235,#1236));
#219=EDGE_LOOP('',(#1237,#1238,#1239,#1240));
#220=EDGE_LOOP('',(#1241,#1242,#1243,#1244));
#221=EDGE_LOOP('',(#1245,#1246,#1247,#1248));
#222=EDGE_LOOP('',(#1249,#1250,#1251,#1252));
#223=EDGE_LOOP('',(#1253));
#224=EDGE_LOOP('',(#1254));
#225=EDGE_LOOP('',(#1255));
#226=EDGE_LOOP('',(#1256));
#227=EDGE_LOOP('',(#1257,#1258,#1259,#1260));
#228=EDGE_LOOP('',(#1261,#1262,#1263,#1264));
#229=EDGE_LOOP('',(#1265,#1266,#1267,#1268));
#230=EDGE_LOOP('',(#1269,#1270,#1271,#1272));
#231=EDGE_LOOP('',(#1273,#1274,#1275,#1276));
#232=EDGE_LOOP('',(#1277,#1278,#1279,#1280));
#233=EDGE_LOOP('',(#1281,#1282,#1283,#1284));
#234=EDGE_LOOP('',(#1285,#1286,#1287,#1288));
#235=EDGE_LOOP('',(#1289,#1290,#1291,#1292));
#236=EDGE_LOOP('',(#1293,#1294,#1295,#1296));
#237=EDGE_LOOP('',(#1297,#1298,#1299,#1300));
#238=EDGE_LOOP('',(#1301,#1302,#1303,#1304));
#239=EDGE_LOOP('',(#1305));
#240=EDGE_LOOP('',(#1306));
#241=EDGE_LOOP('',(#1307));
#242=EDGE_LOOP('',(#1308));
#243=EDGE_LOOP('',(#1309,#1310,#1311,#1312));
#244=EDGE_LOOP('',(#1313,#1314,#1315,#1316));
#245=EDGE_LOOP('',(#1317,#1318,#1319,#1320));
#246=EDGE_LOOP('',(#1321,#1322,#1323,#1324));
#247=EDGE_LOOP('',(#1325,#1326,#1327,#1328));
#248=EDGE_LOOP('',(#1329,#1330,#1331,#1332));
#249=EDGE_LOOP('',(#1333,#1334,#1335,#1336));
#250=EDGE_LOOP('',(#1337,#1338,#1339,#1340));
#251=EDGE_LOOP('',(#1341));
#252=EDGE_LOOP('',(#1342));
#253=EDGE_LOOP('',(#1343));
#254=EDGE_LOOP('',(#1344));
#255=EDGE_LOOP('',(#1345,#1346,#1347,#1348));
#256=EDGE_LOOP('',(#1349,#1350,#1351,#1352));
#257=EDGE_LOOP('',(#1353));
#258=EDGE_LOOP('',(#1354));
#259=EDGE_LOOP('',(#1355));
#260=EDGE_LOOP('',(#1356));
#261=EDGE_LOOP('',(#1357,#1358,#1359,#1360));
#262=EDGE_LOOP('',(#1361,#1362,#1363,#1364));
#263=EDGE_LOOP('',(#1365));
#264=EDGE_LOOP('',(#1366));
#265=EDGE_LOOP('',(#1367));
#266=EDGE_LOOP('',(#1368));
#267=EDGE_LOOP('',(#1369,#1370,#1371,#1372));
#268=EDGE_LOOP('',(#1373,#1374,#1375,#1376));
#269=EDGE_LOOP('',(#1377));
#270=EDGE_LOOP('',(#1378));
#271=EDGE_LOOP('',(#1379));
#272=EDGE_LOOP('',(#1380));
#273=LINE('',#2054,#453);
#274=LINE('',#2056,#454);
#275=LINE('',#2058,#455);
#276=LINE('',#2059,#456);
#277=LINE('',#2062,#457);
#278=LINE('',#2064,#458);
#279=LINE('',#2065,#459);
#280=LINE('',#2068,#460);
#281=LINE('',#2070,#461);
#282=LINE('',#2071,#462);
#283=LINE('',#2073,#463);
#284=LINE('',#2074,#464);
#285=LINE('',#2078,#465);
#286=LINE('',#2080,#466);
#287=LINE('',#2082,#467);
#288=LINE('',#2083,#468);
#289=LINE('',#2086,#469);
#290=LINE('',#2088,#470);
#291=LINE('',#2089,#471);
#292=LINE('',#2092,#472);
#293=LINE('',#2094,#473);
#294=LINE('',#2095,#474);
#295=LINE('',#2098,#475);
#296=LINE('',#2100,#476);
#297=LINE('',#2101,#477);
#298=LINE('',#2104,#478);
#299=LINE('',#2106,#479);
#300=LINE('',#2107,#480);
#301=LINE('',#2110,#481);
#302=LINE('',#2112,#482);
#303=LINE('',#2113,#483);
#304=LINE('',#2116,#484);
#305=LINE('',#2118,#485);
#306=LINE('',#2119,#486);
#307=LINE('',#2122,#487);
#308=LINE('',#2124,#488);
#309=LINE('',#2125,#489);
#310=LINE('',#2128,#490);
#311=LINE('',#2130,#491);
#312=LINE('',#2131,#492);
#313=LINE('',#2134,#493);
#314=LINE('',#2136,#494);
#315=LINE('',#2137,#495);
#316=LINE('',#2140,#496);
#317=LINE('',#2142,#497);
#318=LINE('',#2143,#498);
#319=LINE('',#2146,#499);
#320=LINE('',#2148,#500);
#321=LINE('',#2149,#501);
#322=LINE('',#2152,#502);
#323=LINE('',#2154,#503);
#324=LINE('',#2155,#504);
#325=LINE('',#2158,#505);
#326=LINE('',#2160,#506);
#327=LINE('',#2161,#507);
#328=LINE('',#2164,#508);
#329=LINE('',#2166,#509);
#330=LINE('',#2167,#510);
#331=LINE('',#2170,#511);
#332=LINE('',#2172,#512);
#333=LINE('',#2173,#513);
#334=LINE('',#2176,#514);
#335=LINE('',#2178,#515);
#336=LINE('',#2179,#516);
#337=LINE('',#2182,#517);
#338=LINE('',#2184,#518);
#339=LINE('',#2185,#519);
#340=LINE('',#2188,#520);
#341=LINE('',#2190,#521);
#342=LINE('',#2191,#522);
#343=LINE('',#2194,#523);
#344=LINE('',#2196,#524);
#345=LINE('',#2197,#525);
#346=LINE('',#2200,#526);
#347=LINE('',#2202,#527);
#348=LINE('',#2203,#528);
#349=LINE('',#2206,#529);
#350=LINE('',#2208,#530);
#351=LINE('',#2209,#531);
#352=LINE('',#2212,#532);
#353=LINE('',#2214,#533);
#354=LINE('',#2215,#534);
#355=LINE('',#2218,#535);
#356=LINE('',#2220,#536);
#357=LINE('',#2221,#537);
#358=LINE('',#2224,#538);
#359=LINE('',#2226,#539);
#360=LINE('',#2227,#540);
#361=LINE('',#2230,#541);
#362=LINE('',#2232,#542);
#363=LINE('',#2233,#543);
#364=LINE('',#2236,#544);
#365=LINE('',#2238,#545);
#366=LINE('',#2239,#546);
#367=LINE('',#2242,#547);
#368=LINE('',#2244,#548);
#369=LINE('',#2245,#549);
#370=LINE('',#2248,#550);
#371=LINE('',#2250,#551);
#372=LINE('',#2251,#552);
#373=LINE('',#2254,#553);
#374=LINE('',#2256,#554);
#375=LINE('',#2257,#555);
#376=LINE('',#2260,#556);
#377=LINE('',#2262,#557);
#378=LINE('',#2263,#558);
#379=LINE('',#2265,#559);
#380=LINE('',#2266,#560);
#381=LINE('',#2272,#561);
#382=LINE('',#2274,#562);
#383=LINE('',#2276,#563);
#384=LINE('',#2277,#564);
#385=LINE('',#2280,#565);
#386=LINE('',#2282,#566);
#387=LINE('',#2283,#567);
#388=LINE('',#2286,#568);
#389=LINE('',#2288,#569);
#390=LINE('',#2289,#570);
#391=LINE('',#2291,#571);
#392=LINE('',#2292,#572);
#393=LINE('',#2296,#573);
#394=LINE('',#2298,#574);
#395=LINE('',#2300,#575);
#396=LINE('',#2301,#576);
#397=LINE('',#2304,#577);
#398=LINE('',#2306,#578);
#399=LINE('',#2307,#579);
#400=LINE('',#2310,#580);
#401=LINE('',#2312,#581);
#402=LINE('',#2313,#582);
#403=LINE('',#2315,#583);
#404=LINE('',#2316,#584);
#405=LINE('',#2320,#585);
#406=LINE('',#2322,#586);
#407=LINE('',#2324,#587);
#408=LINE('',#2325,#588);
#409=LINE('',#2328,#589);
#410=LINE('',#2330,#590);
#411=LINE('',#2331,#591);
#412=LINE('',#2334,#592);
#413=LINE('',#2336,#593);
#414=LINE('',#2337,#594);
#415=LINE('',#2339,#595);
#416=LINE('',#2340,#596);
#417=LINE('',#2344,#597);
#418=LINE('',#2346,#598);
#419=LINE('',#2348,#599);
#420=LINE('',#2349,#600);
#421=LINE('',#2352,#601);
#422=LINE('',#2354,#602);
#423=LINE('',#2355,#603);
#424=LINE('',#2358,#604);
#425=LINE('',#2360,#605);
#426=LINE('',#2361,#606);
#427=LINE('',#2363,#607);
#428=LINE('',#2364,#608);
#429=LINE('',#2380,#609);
#430=LINE('',#2384,#610);
#431=LINE('',#2388,#611);
#432=LINE('',#2392,#612);
#433=LINE('',#2396,#613);
#434=LINE('',#2398,#614);
#435=LINE('',#2400,#615);
#436=LINE('',#2401,#616);
#437=LINE('',#2404,#617);
#438=LINE('',#2406,#618);
#439=LINE('',#2407,#619);
#440=LINE('',#2410,#620);
#441=LINE('',#2412,#621);
#442=LINE('',#2413,#622);
#443=LINE('',#2415,#623);
#444=LINE('',#2416,#624);
#445=LINE('',#2423,#625);
#446=LINE('',#2429,#626);
#447=LINE('',#2437,#627);
#448=LINE('',#2443,#628);
#449=LINE('',#2451,#629);
#450=LINE('',#2457,#630);
#451=LINE('',#2465,#631);
#452=LINE('',#2471,#632);
#453=VECTOR('',#1656,10.);
#454=VECTOR('',#1657,10.);
#455=VECTOR('',#1658,10.);
#456=VECTOR('',#1659,10.);
#457=VECTOR('',#1662,10.);
#458=VECTOR('',#1663,10.);
#459=VECTOR('',#1664,10.);
#460=VECTOR('',#1667,10.);
#461=VECTOR('',#1668,10.);
#462=VECTOR('',#1669,10.);
#463=VECTOR('',#1672,10.);
#464=VECTOR('',#1673,10.);
#465=VECTOR('',#1676,10.);
#466=VECTOR('',#1677,10.);
#467=VECTOR('',#1678,10.);
#468=VECTOR('',#1679,10.);
#469=VECTOR('',#1682,10.);
#470=VECTOR('',#1683,10.);
#471=VECTOR('',#1684,10.);
#472=VECTOR('',#1687,10.);
#473=VECTOR('',#1688,10.);
#474=VECTOR('',#1689,10.);
#475=VECTOR('',#1692,10.);
#476=VECTOR('',#1693,10.);
#477=VECTOR('',#1694,10.);
#478=VECTOR('',#1697,10.);
#479=VECTOR('',#1698,10.);
#480=VECTOR('',#1699,10.);
#481=VECTOR('',#1702,10.);
#482=VECTOR('',#1703,10.);
#483=VECTOR('',#1704,10.);
#484=VECTOR('',#1707,10.);
#485=VECTOR('',#1708,10.);
#486=VECTOR('',#1709,10.);
#487=VECTOR('',#1712,10.);
#488=VECTOR('',#1713,10.);
#489=VECTOR('',#1714,10.);
#490=VECTOR('',#1717,10.);
#491=VECTOR('',#1718,10.);
#492=VECTOR('',#1719,10.);
#493=VECTOR('',#1722,10.);
#494=VECTOR('',#1723,10.);
#495=VECTOR('',#1724,10.);
#496=VECTOR('',#1727,10.);
#497=VECTOR('',#1728,10.);
#498=VECTOR('',#1729,10.);
#499=VECTOR('',#1732,10.);
#500=VECTOR('',#1733,10.);
#501=VECTOR('',#1734,10.);
#502=VECTOR('',#1737,10.);
#503=VECTOR('',#1738,10.);
#504=VECTOR('',#1739,10.);
#505=VECTOR('',#1742,10.);
#506=VECTOR('',#1743,10.);
#507=VECTOR('',#1744,10.);
#508=VECTOR('',#1747,10.);
#509=VECTOR('',#1748,10.);
#510=VECTOR('',#1749,10.);
#511=VECTOR('',#1752,10.);
#512=VECTOR('',#1753,10.);
#513=VECTOR('',#1754,10.);
#514=VECTOR('',#1757,10.);
#515=VECTOR('',#1758,10.);
#516=VECTOR('',#1759,10.);
#517=VECTOR('',#1762,10.);
#518=VECTOR('',#1763,10.);
#519=VECTOR('',#1764,10.);
#520=VECTOR('',#1767,10.);
#521=VECTOR('',#1768,10.);
#522=VECTOR('',#1769,10.);
#523=VECTOR('',#1772,10.);
#524=VECTOR('',#1773,10.);
#525=VECTOR('',#1774,10.);
#526=VECTOR('',#1777,10.);
#527=VECTOR('',#1778,10.);
#528=VECTOR('',#1779,10.);
#529=VECTOR('',#1782,10.);
#530=VECTOR('',#1783,10.);
#531=VECTOR('',#1784,10.);
#532=VECTOR('',#1787,10.);
#533=VECTOR('',#1788,10.);
#534=VECTOR('',#1789,10.);
#535=VECTOR('',#1792,10.);
#536=VECTOR('',#1793,10.);
#537=VECTOR('',#1794,10.);
#538=VECTOR('',#1797,10.);
#539=VECTOR('',#1798,10.);
#540=VECTOR('',#1799,10.);
#541=VECTOR('',#1802,10.);
#542=VECTOR('',#1803,10.);
#543=VECTOR('',#1804,10.);
#544=VECTOR('',#1807,10.);
#545=VECTOR('',#1808,10.);
#546=VECTOR('',#1809,10.);
#547=VECTOR('',#1812,10.);
#548=VECTOR('',#1813,10.);
#549=VECTOR('',#1814,10.);
#550=VECTOR('',#1817,10.);
#551=VECTOR('',#1818,10.);
#552=VECTOR('',#1819,10.);
#553=VECTOR('',#1822,10.);
#554=VECTOR('',#1823,10.);
#555=VECTOR('',#1824,10.);
#556=VECTOR('',#1827,10.);
#557=VECTOR('',#1828,10.);
#558=VECTOR('',#1829,10.);
#559=VECTOR('',#1832,10.);
#560=VECTOR('',#1833,10.);
#561=VECTOR('',#1840,10.);
#562=VECTOR('',#1841,10.);
#563=VECTOR('',#1842,10.);
#564=VECTOR('',#1843,10.);
#565=VECTOR('',#1846,10.);
#566=VECTOR('',#1847,10.);
#567=VECTOR('',#1848,10.);
#568=VECTOR('',#1851,10.);
#569=VECTOR('',#1852,10.);
#570=VECTOR('',#1853,10.);
#571=VECTOR('',#1856,10.);
#572=VECTOR('',#1857,10.);
#573=VECTOR('',#1860,10.);
#574=VECTOR('',#1861,10.);
#575=VECTOR('',#1862,10.);
#576=VECTOR('',#1863,10.);
#577=VECTOR('',#1866,10.);
#578=VECTOR('',#1867,10.);
#579=VECTOR('',#1868,10.);
#580=VECTOR('',#1871,10.);
#581=VECTOR('',#1872,10.);
#582=VECTOR('',#1873,10.);
#583=VECTOR('',#1876,10.);
#584=VECTOR('',#1877,10.);
#585=VECTOR('',#1880,10.);
#586=VECTOR('',#1881,10.);
#587=VECTOR('',#1882,10.);
#588=VECTOR('',#1883,10.);
#589=VECTOR('',#1886,10.);
#590=VECTOR('',#1887,10.);
#591=VECTOR('',#1888,10.);
#592=VECTOR('',#1891,10.);
#593=VECTOR('',#1892,10.);
#594=VECTOR('',#1893,10.);
#595=VECTOR('',#1896,10.);
#596=VECTOR('',#1897,10.);
#597=VECTOR('',#1900,10.);
#598=VECTOR('',#1901,10.);
#599=VECTOR('',#1902,10.);
#600=VECTOR('',#1903,10.);
#601=VECTOR('',#1906,10.);
#602=VECTOR('',#1907,10.);
#603=VECTOR('',#1908,10.);
#604=VECTOR('',#1911,10.);
#605=VECTOR('',#1912,10.);
#606=VECTOR('',#1913,10.);
#607=VECTOR('',#1916,10.);
#608=VECTOR('',#1917,10.);
#609=VECTOR('',#1938,1.6);
#610=VECTOR('',#1943,1.6);
#611=VECTOR('',#1948,1.6);
#612=VECTOR('',#1953,1.59999999999998);
#613=VECTOR('',#1956,10.);
#614=VECTOR('',#1957,10.);
#615=VECTOR('',#1958,10.);
#616=VECTOR('',#1959,10.);
#617=VECTOR('',#1962,10.);
#618=VECTOR('',#1963,10.);
#619=VECTOR('',#1964,10.);
#620=VECTOR('',#1967,10.);
#621=VECTOR('',#1968,10.);
#622=VECTOR('',#1969,10.);
#623=VECTOR('',#1972,10.);
#624=VECTOR('',#1973,10.);
#625=VECTOR('',#1982,1.6);
#626=VECTOR('',#1989,3.00000000000001);
#627=VECTOR('',#2000,1.6);
#628=VECTOR('',#2007,3.00000000000001);
#629=VECTOR('',#2018,1.59999999999998);
#630=VECTOR('',#2025,2.99999999999999);
#631=VECTOR('',#2036,1.6);
#632=VECTOR('',#2043,3.00000000000001);
#633=VERTEX_POINT('',#2052);
#634=VERTEX_POINT('',#2053);
#635=VERTEX_POINT('',#2055);
#636=VERTEX_POINT('',#2057);
#637=VERTEX_POINT('',#2061);
#638=VERTEX_POINT('',#2063);
#639=VERTEX_POINT('',#2067);
#640=VERTEX_POINT('',#2069);
#641=VERTEX_POINT('',#2076);
#642=VERTEX_POINT('',#2077);
#643=VERTEX_POINT('',#2079);
#644=VERTEX_POINT('',#2081);
#645=VERTEX_POINT('',#2085);
#646=VERTEX_POINT('',#2087);
#647=VERTEX_POINT('',#2091);
#648=VERTEX_POINT('',#2093);
#649=VERTEX_POINT('',#2097);
#650=VERTEX_POINT('',#2099);
#651=VERTEX_POINT('',#2103);
#652=VERTEX_POINT('',#2105);
#653=VERTEX_POINT('',#2109);
#654=VERTEX_POINT('',#2111);
#655=VERTEX_POINT('',#2115);
#656=VERTEX_POINT('',#2117);
#657=VERTEX_POINT('',#2121);
#658=VERTEX_POINT('',#2123);
#659=VERTEX_POINT('',#2127);
#660=VERTEX_POINT('',#2129);
#661=VERTEX_POINT('',#2133);
#662=VERTEX_POINT('',#2135);
#663=VERTEX_POINT('',#2139);
#664=VERTEX_POINT('',#2141);
#665=VERTEX_POINT('',#2145);
#666=VERTEX_POINT('',#2147);
#667=VERTEX_POINT('',#2151);
#668=VERTEX_POINT('',#2153);
#669=VERTEX_POINT('',#2157);
#670=VERTEX_POINT('',#2159);
#671=VERTEX_POINT('',#2163);
#672=VERTEX_POINT('',#2165);
#673=VERTEX_POINT('',#2169);
#674=VERTEX_POINT('',#2171);
#675=VERTEX_POINT('',#2175);
#676=VERTEX_POINT('',#2177);
#677=VERTEX_POINT('',#2181);
#678=VERTEX_POINT('',#2183);
#679=VERTEX_POINT('',#2187);
#680=VERTEX_POINT('',#2189);
#681=VERTEX_POINT('',#2193);
#682=VERTEX_POINT('',#2195);
#683=VERTEX_POINT('',#2199);
#684=VERTEX_POINT('',#2201);
#685=VERTEX_POINT('',#2205);
#686=VERTEX_POINT('',#2207);
#687=VERTEX_POINT('',#2211);
#688=VERTEX_POINT('',#2213);
#689=VERTEX_POINT('',#2217);
#690=VERTEX_POINT('',#2219);
#691=VERTEX_POINT('',#2223);
#692=VERTEX_POINT('',#2225);
#693=VERTEX_POINT('',#2229);
#694=VERTEX_POINT('',#2231);
#695=VERTEX_POINT('',#2235);
#696=VERTEX_POINT('',#2237);
#697=VERTEX_POINT('',#2241);
#698=VERTEX_POINT('',#2243);
#699=VERTEX_POINT('',#2247);
#700=VERTEX_POINT('',#2249);
#701=VERTEX_POINT('',#2253);
#702=VERTEX_POINT('',#2255);
#703=VERTEX_POINT('',#2259);
#704=VERTEX_POINT('',#2261);
#705=VERTEX_POINT('',#2270);
#706=VERTEX_POINT('',#2271);
#707=VERTEX_POINT('',#2273);
#708=VERTEX_POINT('',#2275);
#709=VERTEX_POINT('',#2279);
#710=VERTEX_POINT('',#2281);
#711=VERTEX_POINT('',#2285);
#712=VERTEX_POINT('',#2287);
#713=VERTEX_POINT('',#2294);
#714=VERTEX_POINT('',#2295);
#715=VERTEX_POINT('',#2297);
#716=VERTEX_POINT('',#2299);
#717=VERTEX_POINT('',#2303);
#718=VERTEX_POINT('',#2305);
#719=VERTEX_POINT('',#2309);
#720=VERTEX_POINT('',#2311);
#721=VERTEX_POINT('',#2318);
#722=VERTEX_POINT('',#2319);
#723=VERTEX_POINT('',#2321);
#724=VERTEX_POINT('',#2323);
#725=VERTEX_POINT('',#2327);
#726=VERTEX_POINT('',#2329);
#727=VERTEX_POINT('',#2333);
#728=VERTEX_POINT('',#2335);
#729=VERTEX_POINT('',#2342);
#730=VERTEX_POINT('',#2343);
#731=VERTEX_POINT('',#2345);
#732=VERTEX_POINT('',#2347);
#733=VERTEX_POINT('',#2351);
#734=VERTEX_POINT('',#2353);
#735=VERTEX_POINT('',#2357);
#736=VERTEX_POINT('',#2359);
#737=VERTEX_POINT('',#2366);
#738=VERTEX_POINT('',#2369);
#739=VERTEX_POINT('',#2372);
#740=VERTEX_POINT('',#2375);
#741=VERTEX_POINT('',#2378);
#742=VERTEX_POINT('',#2382);
#743=VERTEX_POINT('',#2386);
#744=VERTEX_POINT('',#2390);
#745=VERTEX_POINT('',#2394);
#746=VERTEX_POINT('',#2395);
#747=VERTEX_POINT('',#2397);
#748=VERTEX_POINT('',#2399);
#749=VERTEX_POINT('',#2403);
#750=VERTEX_POINT('',#2405);
#751=VERTEX_POINT('',#2409);
#752=VERTEX_POINT('',#2411);
#753=VERTEX_POINT('',#2420);
#754=VERTEX_POINT('',#2422);
#755=VERTEX_POINT('',#2426);
#756=VERTEX_POINT('',#2428);
#757=VERTEX_POINT('',#2434);
#758=VERTEX_POINT('',#2436);
#759=VERTEX_POINT('',#2440);
#760=VERTEX_POINT('',#2442);
#761=VERTEX_POINT('',#2448);
#762=VERTEX_POINT('',#2450);
#763=VERTEX_POINT('',#2454);
#764=VERTEX_POINT('',#2456);
#765=VERTEX_POINT('',#2462);
#766=VERTEX_POINT('',#2464);
#767=VERTEX_POINT('',#2468);
#768=VERTEX_POINT('',#2470);
#769=EDGE_CURVE('',#633,#634,#273,.T.);
#770=EDGE_CURVE('',#634,#635,#274,.T.);
#771=EDGE_CURVE('',#636,#635,#275,.T.);
#772=EDGE_CURVE('',#633,#636,#276,.T.);
#773=EDGE_CURVE('',#637,#633,#277,.T.);
#774=EDGE_CURVE('',#638,#636,#278,.T.);
#775=EDGE_CURVE('',#637,#638,#279,.T.);
#776=EDGE_CURVE('',#639,#637,#280,.T.);
#777=EDGE_CURVE('',#640,#638,#281,.T.);
#778=EDGE_CURVE('',#639,#640,#282,.T.);
#779=EDGE_CURVE('',#634,#639,#283,.T.);
#780=EDGE_CURVE('',#635,#640,#284,.T.);
#781=EDGE_CURVE('',#641,#642,#285,.T.);
#782=EDGE_CURVE('',#642,#643,#286,.T.);
#783=EDGE_CURVE('',#644,#643,#287,.T.);
#784=EDGE_CURVE('',#641,#644,#288,.T.);
#785=EDGE_CURVE('',#645,#641,#289,.T.);
#786=EDGE_CURVE('',#646,#644,#290,.T.);
#787=EDGE_CURVE('',#645,#646,#291,.T.);
#788=EDGE_CURVE('',#647,#645,#292,.T.);
#789=EDGE_CURVE('',#648,#646,#293,.T.);
#790=EDGE_CURVE('',#647,#648,#294,.T.);
#791=EDGE_CURVE('',#649,#647,#295,.T.);
#792=EDGE_CURVE('',#650,#648,#296,.T.);
#793=EDGE_CURVE('',#649,#650,#297,.T.);
#794=EDGE_CURVE('',#651,#649,#298,.T.);
#795=EDGE_CURVE('',#652,#650,#299,.T.);
#796=EDGE_CURVE('',#651,#652,#300,.T.);
#797=EDGE_CURVE('',#653,#651,#301,.T.);
#798=EDGE_CURVE('',#654,#652,#302,.T.);
#799=EDGE_CURVE('',#653,#654,#303,.T.);
#800=EDGE_CURVE('',#655,#653,#304,.T.);
#801=EDGE_CURVE('',#656,#654,#305,.T.);
#802=EDGE_CURVE('',#655,#656,#306,.T.);
#803=EDGE_CURVE('',#657,#655,#307,.T.);
#804=EDGE_CURVE('',#658,#656,#308,.T.);
#805=EDGE_CURVE('',#657,#658,#309,.T.);
#806=EDGE_CURVE('',#659,#657,#310,.T.);
#807=EDGE_CURVE('',#660,#658,#311,.T.);
#808=EDGE_CURVE('',#659,#660,#312,.T.);
#809=EDGE_CURVE('',#661,#659,#313,.T.);
#810=EDGE_CURVE('',#662,#660,#314,.T.);
#811=EDGE_CURVE('',#661,#662,#315,.T.);
#812=EDGE_CURVE('',#663,#661,#316,.T.);
#813=EDGE_CURVE('',#664,#662,#317,.T.);
#814=EDGE_CURVE('',#663,#664,#318,.T.);
#815=EDGE_CURVE('',#665,#663,#319,.T.);
#816=EDGE_CURVE('',#666,#664,#320,.T.);
#817=EDGE_CURVE('',#665,#666,#321,.T.);
#818=EDGE_CURVE('',#667,#665,#322,.T.);
#819=EDGE_CURVE('',#668,#666,#323,.T.);
#820=EDGE_CURVE('',#667,#668,#324,.T.);
#821=EDGE_CURVE('',#669,#667,#325,.T.);
#822=EDGE_CURVE('',#670,#668,#326,.T.);
#823=EDGE_CURVE('',#669,#670,#327,.T.);
#824=EDGE_CURVE('',#671,#669,#328,.T.);
#825=EDGE_CURVE('',#672,#670,#329,.T.);
#826=EDGE_CURVE('',#671,#672,#330,.T.);
#827=EDGE_CURVE('',#673,#671,#331,.T.);
#828=EDGE_CURVE('',#674,#672,#332,.T.);
#829=EDGE_CURVE('',#673,#674,#333,.T.);
#830=EDGE_CURVE('',#675,#673,#334,.T.);
#831=EDGE_CURVE('',#676,#674,#335,.T.);
#832=EDGE_CURVE('',#675,#676,#336,.T.);
#833=EDGE_CURVE('',#677,#675,#337,.T.);
#834=EDGE_CURVE('',#678,#676,#338,.T.);
#835=EDGE_CURVE('',#677,#678,#339,.T.);
#836=EDGE_CURVE('',#679,#677,#340,.T.);
#837=EDGE_CURVE('',#680,#678,#341,.T.);
#838=EDGE_CURVE('',#679,#680,#342,.T.);
#839=EDGE_CURVE('',#681,#679,#343,.T.);
#840=EDGE_CURVE('',#682,#680,#344,.T.);
#841=EDGE_CURVE('',#681,#682,#345,.T.);
#842=EDGE_CURVE('',#683,#681,#346,.T.);
#843=EDGE_CURVE('',#684,#682,#347,.T.);
#844=EDGE_CURVE('',#683,#684,#348,.T.);
#845=EDGE_CURVE('',#685,#683,#349,.T.);
#846=EDGE_CURVE('',#686,#684,#350,.T.);
#847=EDGE_CURVE('',#685,#686,#351,.T.);
#848=EDGE_CURVE('',#687,#685,#352,.T.);
#849=EDGE_CURVE('',#688,#686,#353,.T.);
#850=EDGE_CURVE('',#687,#688,#354,.T.);
#851=EDGE_CURVE('',#689,#687,#355,.T.);
#852=EDGE_CURVE('',#690,#688,#356,.T.);
#853=EDGE_CURVE('',#689,#690,#357,.T.);
#854=EDGE_CURVE('',#691,#689,#358,.T.);
#855=EDGE_CURVE('',#692,#690,#359,.T.);
#856=EDGE_CURVE('',#691,#692,#360,.T.);
#857=EDGE_CURVE('',#693,#691,#361,.T.);
#858=EDGE_CURVE('',#694,#692,#362,.T.);
#859=EDGE_CURVE('',#693,#694,#363,.T.);
#860=EDGE_CURVE('',#695,#693,#364,.T.);
#861=EDGE_CURVE('',#696,#694,#365,.T.);
#862=EDGE_CURVE('',#695,#696,#366,.T.);
#863=EDGE_CURVE('',#697,#695,#367,.T.);
#864=EDGE_CURVE('',#698,#696,#368,.T.);
#865=EDGE_CURVE('',#697,#698,#369,.T.);
#866=EDGE_CURVE('',#699,#697,#370,.T.);
#867=EDGE_CURVE('',#700,#698,#371,.T.);
#868=EDGE_CURVE('',#699,#700,#372,.T.);
#869=EDGE_CURVE('',#701,#699,#373,.T.);
#870=EDGE_CURVE('',#702,#700,#374,.T.);
#871=EDGE_CURVE('',#701,#702,#375,.T.);
#872=EDGE_CURVE('',#703,#701,#376,.T.);
#873=EDGE_CURVE('',#704,#702,#377,.T.);
#874=EDGE_CURVE('',#703,#704,#378,.T.);
#875=EDGE_CURVE('',#642,#703,#379,.T.);
#876=EDGE_CURVE('',#643,#704,#380,.T.);
#877=EDGE_CURVE('',#705,#706,#381,.T.);
#878=EDGE_CURVE('',#707,#705,#382,.T.);
#879=EDGE_CURVE('',#708,#707,#383,.T.);
#880=EDGE_CURVE('',#708,#706,#384,.T.);
#881=EDGE_CURVE('',#706,#709,#385,.T.);
#882=EDGE_CURVE('',#710,#708,#386,.T.);
#883=EDGE_CURVE('',#710,#709,#387,.T.);
#884=EDGE_CURVE('',#709,#711,#388,.T.);
#885=EDGE_CURVE('',#712,#710,#389,.T.);
#886=EDGE_CURVE('',#712,#711,#390,.T.);
#887=EDGE_CURVE('',#711,#705,#391,.T.);
#888=EDGE_CURVE('',#707,#712,#392,.T.);
#889=EDGE_CURVE('',#713,#714,#393,.T.);
#890=EDGE_CURVE('',#715,#713,#394,.T.);
#891=EDGE_CURVE('',#716,#715,#395,.T.);
#892=EDGE_CURVE('',#716,#714,#396,.T.);
#893=EDGE_CURVE('',#714,#717,#397,.T.);
#894=EDGE_CURVE('',#718,#716,#398,.T.);
#895=EDGE_CURVE('',#718,#717,#399,.T.);
#896=EDGE_CURVE('',#717,#719,#400,.T.);
#897=EDGE_CURVE('',#720,#718,#401,.T.);
#898=EDGE_CURVE('',#720,#719,#402,.T.);
#899=EDGE_CURVE('',#719,#713,#403,.T.);
#900=EDGE_CURVE('',#715,#720,#404,.T.);
#901=EDGE_CURVE('',#721,#722,#405,.T.);
#902=EDGE_CURVE('',#723,#721,#406,.T.);
#903=EDGE_CURVE('',#724,#723,#407,.T.);
#904=EDGE_CURVE('',#724,#722,#408,.T.);
#905=EDGE_CURVE('',#722,#725,#409,.T.);
#906=EDGE_CURVE('',#726,#724,#410,.T.);
#907=EDGE_CURVE('',#726,#725,#411,.T.);
#908=EDGE_CURVE('',#725,#727,#412,.T.);
#909=EDGE_CURVE('',#728,#726,#413,.T.);
#910=EDGE_CURVE('',#728,#727,#414,.T.);
#911=EDGE_CURVE('',#727,#721,#415,.T.);
#912=EDGE_CURVE('',#723,#728,#416,.T.);
#913=EDGE_CURVE('',#729,#730,#417,.T.);
#914=EDGE_CURVE('',#731,#729,#418,.T.);
#915=EDGE_CURVE('',#732,#731,#419,.T.);
#916=EDGE_CURVE('',#732,#730,#420,.T.);
#917=EDGE_CURVE('',#730,#733,#421,.T.);
#918=EDGE_CURVE('',#734,#732,#422,.T.);
#919=EDGE_CURVE('',#734,#733,#423,.T.);
#920=EDGE_CURVE('',#733,#735,#424,.T.);
#921=EDGE_CURVE('',#736,#734,#425,.T.);
#922=EDGE_CURVE('',#736,#735,#426,.T.);
#923=EDGE_CURVE('',#735,#729,#427,.T.);
#924=EDGE_CURVE('',#731,#736,#428,.T.);
#925=EDGE_CURVE('',#737,#737,#25,.T.);
#926=EDGE_CURVE('',#738,#738,#26,.T.);
#927=EDGE_CURVE('',#739,#739,#27,.T.);
#928=EDGE_CURVE('',#740,#740,#28,.T.);
#929=EDGE_CURVE('',#741,#741,#29,.T.);
#930=EDGE_CURVE('',#741,#737,#429,.T.);
#931=EDGE_CURVE('',#742,#742,#30,.T.);
#932=EDGE_CURVE('',#742,#738,#430,.T.);
#933=EDGE_CURVE('',#743,#743,#31,.T.);
#934=EDGE_CURVE('',#743,#740,#431,.T.);
#935=EDGE_CURVE('',#744,#744,#32,.T.);
#936=EDGE_CURVE('',#744,#739,#432,.T.);
#937=EDGE_CURVE('',#745,#746,#433,.T.);
#938=EDGE_CURVE('',#745,#747,#434,.T.);
#939=EDGE_CURVE('',#748,#747,#435,.T.);
#940=EDGE_CURVE('',#746,#748,#436,.T.);
#941=EDGE_CURVE('',#746,#749,#437,.T.);
#942=EDGE_CURVE('',#750,#748,#438,.T.);
#943=EDGE_CURVE('',#749,#750,#439,.T.);
#944=EDGE_CURVE('',#751,#749,#440,.T.);
#945=EDGE_CURVE('',#752,#750,#441,.T.);
#946=EDGE_CURVE('',#751,#752,#442,.T.);
#947=EDGE_CURVE('',#745,#751,#443,.T.);
#948=EDGE_CURVE('',#747,#752,#444,.T.);
#949=EDGE_CURVE('',#753,#753,#33,.T.);
#950=EDGE_CURVE('',#753,#754,#445,.T.);
#951=EDGE_CURVE('',#754,#754,#34,.T.);
#952=EDGE_CURVE('',#755,#755,#35,.T.);
#953=EDGE_CURVE('',#755,#756,#446,.T.);
#954=EDGE_CURVE('',#756,#756,#36,.T.);
#955=EDGE_CURVE('',#757,#757,#37,.T.);
#956=EDGE_CURVE('',#757,#758,#447,.T.);
#957=EDGE_CURVE('',#758,#758,#38,.T.);
#958=EDGE_CURVE('',#759,#759,#39,.T.);
#959=EDGE_CURVE('',#759,#760,#448,.T.);
#960=EDGE_CURVE('',#760,#760,#40,.T.);
#961=EDGE_CURVE('',#761,#761,#41,.T.);
#962=EDGE_CURVE('',#761,#762,#449,.T.);
#963=EDGE_CURVE('',#762,#762,#42,.T.);
#964=EDGE_CURVE('',#763,#763,#43,.T.);
#965=EDGE_CURVE('',#763,#764,#450,.T.);
#966=EDGE_CURVE('',#764,#764,#44,.T.);
#967=EDGE_CURVE('',#765,#765,#45,.T.);
#968=EDGE_CURVE('',#765,#766,#451,.T.);
#969=EDGE_CURVE('',#766,#766,#46,.T.);
#970=EDGE_CURVE('',#767,#767,#47,.T.);
#971=EDGE_CURVE('',#767,#768,#452,.T.);
#972=EDGE_CURVE('',#768,#768,#48,.T.);
#973=ORIENTED_EDGE('',*,*,#769,.T.);
#974=ORIENTED_EDGE('',*,*,#770,.T.);
#975=ORIENTED_EDGE('',*,*,#771,.F.);
#976=ORIENTED_EDGE('',*,*,#772,.F.);
#977=ORIENTED_EDGE('',*,*,#773,.T.);
#978=ORIENTED_EDGE('',*,*,#772,.T.);
#979=ORIENTED_EDGE('',*,*,#774,.F.);
#980=ORIENTED_EDGE('',*,*,#775,.F.);
#981=ORIENTED_EDGE('',*,*,#776,.T.);
#982=ORIENTED_EDGE('',*,*,#775,.T.);
#983=ORIENTED_EDGE('',*,*,#777,.F.);
#984=ORIENTED_EDGE('',*,*,#778,.F.);
#985=ORIENTED_EDGE('',*,*,#779,.T.);
#986=ORIENTED_EDGE('',*,*,#778,.T.);
#987=ORIENTED_EDGE('',*,*,#780,.F.);
#988=ORIENTED_EDGE('',*,*,#770,.F.);
#989=ORIENTED_EDGE('',*,*,#781,.T.);
#990=ORIENTED_EDGE('',*,*,#782,.T.);
#991=ORIENTED_EDGE('',*,*,#783,.F.);
#992=ORIENTED_EDGE('',*,*,#784,.F.);
#993=ORIENTED_EDGE('',*,*,#785,.T.);
#994=ORIENTED_EDGE('',*,*,#784,.T.);
#995=ORIENTED_EDGE('',*,*,#786,.F.);
#996=ORIENTED_EDGE('',*,*,#787,.F.);
#997=ORIENTED_EDGE('',*,*,#788,.T.);
#998=ORIENTED_EDGE('',*,*,#787,.T.);
#999=ORIENTED_EDGE('',*,*,#789,.F.);
#1000=ORIENTED_EDGE('',*,*,#790,.F.);
#1001=ORIENTED_EDGE('',*,*,#791,.T.);
#1002=ORIENTED_EDGE('',*,*,#790,.T.);
#1003=ORIENTED_EDGE('',*,*,#792,.F.);
#1004=ORIENTED_EDGE('',*,*,#793,.F.);
#1005=ORIENTED_EDGE('',*,*,#794,.T.);
#1006=ORIENTED_EDGE('',*,*,#793,.T.);
#1007=ORIENTED_EDGE('',*,*,#795,.F.);
#1008=ORIENTED_EDGE('',*,*,#796,.F.);
#1009=ORIENTED_EDGE('',*,*,#797,.T.);
#1010=ORIENTED_EDGE('',*,*,#796,.T.);
#1011=ORIENTED_EDGE('',*,*,#798,.F.);
#1012=ORIENTED_EDGE('',*,*,#799,.F.);
#1013=ORIENTED_EDGE('',*,*,#800,.T.);
#1014=ORIENTED_EDGE('',*,*,#799,.T.);
#1015=ORIENTED_EDGE('',*,*,#801,.F.);
#1016=ORIENTED_EDGE('',*,*,#802,.F.);
#1017=ORIENTED_EDGE('',*,*,#803,.T.);
#1018=ORIENTED_EDGE('',*,*,#802,.T.);
#1019=ORIENTED_EDGE('',*,*,#804,.F.);
#1020=ORIENTED_EDGE('',*,*,#805,.F.);
#1021=ORIENTED_EDGE('',*,*,#806,.T.);
#1022=ORIENTED_EDGE('',*,*,#805,.T.);
#1023=ORIENTED_EDGE('',*,*,#807,.F.);
#1024=ORIENTED_EDGE('',*,*,#808,.F.);
#1025=ORIENTED_EDGE('',*,*,#809,.T.);
#1026=ORIENTED_EDGE('',*,*,#808,.T.);
#1027=ORIENTED_EDGE('',*,*,#810,.F.);
#1028=ORIENTED_EDGE('',*,*,#811,.F.);
#1029=ORIENTED_EDGE('',*,*,#812,.T.);
#1030=ORIENTED_EDGE('',*,*,#811,.T.);
#1031=ORIENTED_EDGE('',*,*,#813,.F.);
#1032=ORIENTED_EDGE('',*,*,#814,.F.);
#1033=ORIENTED_EDGE('',*,*,#815,.T.);
#1034=ORIENTED_EDGE('',*,*,#814,.T.);
#1035=ORIENTED_EDGE('',*,*,#816,.F.);
#1036=ORIENTED_EDGE('',*,*,#817,.F.);
#1037=ORIENTED_EDGE('',*,*,#818,.T.);
#1038=ORIENTED_EDGE('',*,*,#817,.T.);
#1039=ORIENTED_EDGE('',*,*,#819,.F.);
#1040=ORIENTED_EDGE('',*,*,#820,.F.);
#1041=ORIENTED_EDGE('',*,*,#821,.T.);
#1042=ORIENTED_EDGE('',*,*,#820,.T.);
#1043=ORIENTED_EDGE('',*,*,#822,.F.);
#1044=ORIENTED_EDGE('',*,*,#823,.F.);
#1045=ORIENTED_EDGE('',*,*,#824,.T.);
#1046=ORIENTED_EDGE('',*,*,#823,.T.);
#1047=ORIENTED_EDGE('',*,*,#825,.F.);
#1048=ORIENTED_EDGE('',*,*,#826,.F.);
#1049=ORIENTED_EDGE('',*,*,#827,.T.);
#1050=ORIENTED_EDGE('',*,*,#826,.T.);
#1051=ORIENTED_EDGE('',*,*,#828,.F.);
#1052=ORIENTED_EDGE('',*,*,#829,.F.);
#1053=ORIENTED_EDGE('',*,*,#830,.T.);
#1054=ORIENTED_EDGE('',*,*,#829,.T.);
#1055=ORIENTED_EDGE('',*,*,#831,.F.);
#1056=ORIENTED_EDGE('',*,*,#832,.F.);
#1057=ORIENTED_EDGE('',*,*,#833,.T.);
#1058=ORIENTED_EDGE('',*,*,#832,.T.);
#1059=ORIENTED_EDGE('',*,*,#834,.F.);
#1060=ORIENTED_EDGE('',*,*,#835,.F.);
#1061=ORIENTED_EDGE('',*,*,#836,.T.);
#1062=ORIENTED_EDGE('',*,*,#835,.T.);
#1063=ORIENTED_EDGE('',*,*,#837,.F.);
#1064=ORIENTED_EDGE('',*,*,#838,.F.);
#1065=ORIENTED_EDGE('',*,*,#839,.T.);
#1066=ORIENTED_EDGE('',*,*,#838,.T.);
#1067=ORIENTED_EDGE('',*,*,#840,.F.);
#1068=ORIENTED_EDGE('',*,*,#841,.F.);
#1069=ORIENTED_EDGE('',*,*,#842,.T.);
#1070=ORIENTED_EDGE('',*,*,#841,.T.);
#1071=ORIENTED_EDGE('',*,*,#843,.F.);
#1072=ORIENTED_EDGE('',*,*,#844,.F.);
#1073=ORIENTED_EDGE('',*,*,#845,.T.);
#1074=ORIENTED_EDGE('',*,*,#844,.T.);
#1075=ORIENTED_EDGE('',*,*,#846,.F.);
#1076=ORIENTED_EDGE('',*,*,#847,.F.);
#1077=ORIENTED_EDGE('',*,*,#848,.T.);
#1078=ORIENTED_EDGE('',*,*,#847,.T.);
#1079=ORIENTED_EDGE('',*,*,#849,.F.);
#1080=ORIENTED_EDGE('',*,*,#850,.F.);
#1081=ORIENTED_EDGE('',*,*,#851,.T.);
#1082=ORIENTED_EDGE('',*,*,#850,.T.);
#1083=ORIENTED_EDGE('',*,*,#852,.F.);
#1084=ORIENTED_EDGE('',*,*,#853,.F.);
#1085=ORIENTED_EDGE('',*,*,#854,.T.);
#1086=ORIENTED_EDGE('',*,*,#853,.T.);
#1087=ORIENTED_EDGE('',*,*,#855,.F.);
#1088=ORIENTED_EDGE('',*,*,#856,.F.);
#1089=ORIENTED_EDGE('',*,*,#857,.T.);
#1090=ORIENTED_EDGE('',*,*,#856,.T.);
#1091=ORIENTED_EDGE('',*,*,#858,.F.);
#1092=ORIENTED_EDGE('',*,*,#859,.F.);
#1093=ORIENTED_EDGE('',*,*,#860,.T.);
#1094=ORIENTED_EDGE('',*,*,#859,.T.);
#1095=ORIENTED_EDGE('',*,*,#861,.F.);
#1096=ORIENTED_EDGE('',*,*,#862,.F.);
#1097=ORIENTED_EDGE('',*,*,#863,.T.);
#1098=ORIENTED_EDGE('',*,*,#862,.T.);
#1099=ORIENTED_EDGE('',*,*,#864,.F.);
#1100=ORIENTED_EDGE('',*,*,#865,.F.);
#1101=ORIENTED_EDGE('',*,*,#866,.T.);
#1102=ORIENTED_EDGE('',*,*,#865,.T.);
#1103=ORIENTED_EDGE('',*,*,#867,.F.);
#1104=ORIENTED_EDGE('',*,*,#868,.F.);
#1105=ORIENTED_EDGE('',*,*,#869,.T.);
#1106=ORIENTED_EDGE('',*,*,#868,.T.);
#1107=ORIENTED_EDGE('',*,*,#870,.F.);
#1108=ORIENTED_EDGE('',*,*,#871,.F.);
#1109=ORIENTED_EDGE('',*,*,#872,.T.);
#1110=ORIENTED_EDGE('',*,*,#871,.T.);
#1111=ORIENTED_EDGE('',*,*,#873,.F.);
#1112=ORIENTED_EDGE('',*,*,#874,.F.);
#1113=ORIENTED_EDGE('',*,*,#875,.T.);
#1114=ORIENTED_EDGE('',*,*,#874,.T.);
#1115=ORIENTED_EDGE('',*,*,#876,.F.);
#1116=ORIENTED_EDGE('',*,*,#782,.F.);
#1117=ORIENTED_EDGE('',*,*,#876,.T.);
#1118=ORIENTED_EDGE('',*,*,#873,.T.);
#1119=ORIENTED_EDGE('',*,*,#870,.T.);
#1120=ORIENTED_EDGE('',*,*,#867,.T.);
#1121=ORIENTED_EDGE('',*,*,#864,.T.);
#1122=ORIENTED_EDGE('',*,*,#861,.T.);
#1123=ORIENTED_EDGE('',*,*,#858,.T.);
#1124=ORIENTED_EDGE('',*,*,#855,.T.);
#1125=ORIENTED_EDGE('',*,*,#852,.T.);
#1126=ORIENTED_EDGE('',*,*,#849,.T.);
#1127=ORIENTED_EDGE('',*,*,#846,.T.);
#1128=ORIENTED_EDGE('',*,*,#843,.T.);
#1129=ORIENTED_EDGE('',*,*,#840,.T.);
#1130=ORIENTED_EDGE('',*,*,#837,.T.);
#1131=ORIENTED_EDGE('',*,*,#834,.T.);
#1132=ORIENTED_EDGE('',*,*,#831,.T.);
#1133=ORIENTED_EDGE('',*,*,#828,.T.);
#1134=ORIENTED_EDGE('',*,*,#825,.T.);
#1135=ORIENTED_EDGE('',*,*,#822,.T.);
#1136=ORIENTED_EDGE('',*,*,#819,.T.);
#1137=ORIENTED_EDGE('',*,*,#816,.T.);
#1138=ORIENTED_EDGE('',*,*,#813,.T.);
#1139=ORIENTED_EDGE('',*,*,#810,.T.);
#1140=ORIENTED_EDGE('',*,*,#807,.T.);
#1141=ORIENTED_EDGE('',*,*,#804,.T.);
#1142=ORIENTED_EDGE('',*,*,#801,.T.);
#1143=ORIENTED_EDGE('',*,*,#798,.T.);
#1144=ORIENTED_EDGE('',*,*,#795,.T.);
#1145=ORIENTED_EDGE('',*,*,#792,.T.);
#1146=ORIENTED_EDGE('',*,*,#789,.T.);
#1147=ORIENTED_EDGE('',*,*,#786,.T.);
#1148=ORIENTED_EDGE('',*,*,#783,.T.);
#1149=ORIENTED_EDGE('',*,*,#780,.T.);
#1150=ORIENTED_EDGE('',*,*,#777,.T.);
#1151=ORIENTED_EDGE('',*,*,#774,.T.);
#1152=ORIENTED_EDGE('',*,*,#771,.T.);
#1153=ORIENTED_EDGE('',*,*,#875,.F.);
#1154=ORIENTED_EDGE('',*,*,#781,.F.);
#1155=ORIENTED_EDGE('',*,*,#785,.F.);
#1156=ORIENTED_EDGE('',*,*,#788,.F.);
#1157=ORIENTED_EDGE('',*,*,#791,.F.);
#1158=ORIENTED_EDGE('',*,*,#794,.F.);
#1159=ORIENTED_EDGE('',*,*,#797,.F.);
#1160=ORIENTED_EDGE('',*,*,#800,.F.);
#1161=ORIENTED_EDGE('',*,*,#803,.F.);
#1162=ORIENTED_EDGE('',*,*,#806,.F.);
#1163=ORIENTED_EDGE('',*,*,#809,.F.);
#1164=ORIENTED_EDGE('',*,*,#812,.F.);
#1165=ORIENTED_EDGE('',*,*,#815,.F.);
#1166=ORIENTED_EDGE('',*,*,#818,.F.);
#1167=ORIENTED_EDGE('',*,*,#821,.F.);
#1168=ORIENTED_EDGE('',*,*,#824,.F.);
#1169=ORIENTED_EDGE('',*,*,#827,.F.);
#1170=ORIENTED_EDGE('',*,*,#830,.F.);
#1171=ORIENTED_EDGE('',*,*,#833,.F.);
#1172=ORIENTED_EDGE('',*,*,#836,.F.);
#1173=ORIENTED_EDGE('',*,*,#839,.F.);
#1174=ORIENTED_EDGE('',*,*,#842,.F.);
#1175=ORIENTED_EDGE('',*,*,#845,.F.);
#1176=ORIENTED_EDGE('',*,*,#848,.F.);
#1177=ORIENTED_EDGE('',*,*,#851,.F.);
#1178=ORIENTED_EDGE('',*,*,#854,.F.);
#1179=ORIENTED_EDGE('',*,*,#857,.F.);
#1180=ORIENTED_EDGE('',*,*,#860,.F.);
#1181=ORIENTED_EDGE('',*,*,#863,.F.);
#1182=ORIENTED_EDGE('',*,*,#866,.F.);
#1183=ORIENTED_EDGE('',*,*,#869,.F.);
#1184=ORIENTED_EDGE('',*,*,#872,.F.);
#1185=ORIENTED_EDGE('',*,*,#779,.F.);
#1186=ORIENTED_EDGE('',*,*,#769,.F.);
#1187=ORIENTED_EDGE('',*,*,#773,.F.);
#1188=ORIENTED_EDGE('',*,*,#776,.F.);
#1189=ORIENTED_EDGE('',*,*,#877,.F.);
#1190=ORIENTED_EDGE('',*,*,#878,.F.);
#1191=ORIENTED_EDGE('',*,*,#879,.F.);
#1192=ORIENTED_EDGE('',*,*,#880,.T.);
#1193=ORIENTED_EDGE('',*,*,#881,.F.);
#1194=ORIENTED_EDGE('',*,*,#880,.F.);
#1195=ORIENTED_EDGE('',*,*,#882,.F.);
#1196=ORIENTED_EDGE('',*,*,#883,.T.);
#1197=ORIENTED_EDGE('',*,*,#884,.F.);
#1198=ORIENTED_EDGE('',*,*,#883,.F.);
#1199=ORIENTED_EDGE('',*,*,#885,.F.);
#1200=ORIENTED_EDGE('',*,*,#886,.T.);
#1201=ORIENTED_EDGE('',*,*,#887,.F.);
#1202=ORIENTED_EDGE('',*,*,#886,.F.);
#1203=ORIENTED_EDGE('',*,*,#888,.F.);
#1204=ORIENTED_EDGE('',*,*,#878,.T.);
#1205=ORIENTED_EDGE('',*,*,#889,.F.);
#1206=ORIENTED_EDGE('',*,*,#890,.F.);
#1207=ORIENTED_EDGE('',*,*,#891,.F.);
#1208=ORIENTED_EDGE('',*,*,#892,.T.);
#1209=ORIENTED_EDGE('',*,*,#893,.F.);
#1210=ORIENTED_EDGE('',*,*,#892,.F.);
#1211=ORIENTED_EDGE('',*,*,#894,.F.);
#1212=ORIENTED_EDGE('',*,*,#895,.T.);
#1213=ORIENTED_EDGE('',*,*,#896,.F.);
#1214=ORIENTED_EDGE('',*,*,#895,.F.);
#1215=ORIENTED_EDGE('',*,*,#897,.F.);
#1216=ORIENTED_EDGE('',*,*,#898,.T.);
#1217=ORIENTED_EDGE('',*,*,#899,.F.);
#1218=ORIENTED_EDGE('',*,*,#898,.F.);
#1219=ORIENTED_EDGE('',*,*,#900,.F.);
#1220=ORIENTED_EDGE('',*,*,#890,.T.);
#1221=ORIENTED_EDGE('',*,*,#901,.F.);
#1222=ORIENTED_EDGE('',*,*,#902,.F.);
#1223=ORIENTED_EDGE('',*,*,#903,.F.);
#1224=ORIENTED_EDGE('',*,*,#904,.T.);
#1225=ORIENTED_EDGE('',*,*,#905,.F.);
#1226=ORIENTED_EDGE('',*,*,#904,.F.);
#1227=ORIENTED_EDGE('',*,*,#906,.F.);
#1228=ORIENTED_EDGE('',*,*,#907,.T.);
#1229=ORIENTED_EDGE('',*,*,#908,.F.);
#1230=ORIENTED_EDGE('',*,*,#907,.F.);
#1231=ORIENTED_EDGE('',*,*,#909,.F.);
#1232=ORIENTED_EDGE('',*,*,#910,.T.);
#1233=ORIENTED_EDGE('',*,*,#911,.F.);
#1234=ORIENTED_EDGE('',*,*,#910,.F.);
#1235=ORIENTED_EDGE('',*,*,#912,.F.);
#1236=ORIENTED_EDGE('',*,*,#902,.T.);
#1237=ORIENTED_EDGE('',*,*,#913,.F.);
#1238=ORIENTED_EDGE('',*,*,#914,.F.);
#1239=ORIENTED_EDGE('',*,*,#915,.F.);
#1240=ORIENTED_EDGE('',*,*,#916,.T.);
#1241=ORIENTED_EDGE('',*,*,#917,.F.);
#1242=ORIENTED_EDGE('',*,*,#916,.F.);
#1243=ORIENTED_EDGE('',*,*,#918,.F.);
#1244=ORIENTED_EDGE('',*,*,#919,.T.);
#1245=ORIENTED_EDGE('',*,*,#920,.F.);
#1246=ORIENTED_EDGE('',*,*,#919,.F.);
#1247=ORIENTED_EDGE('',*,*,#921,.F.);
#1248=ORIENTED_EDGE('',*,*,#922,.T.);
#1249=ORIENTED_EDGE('',*,*,#923,.F.);
#1250=ORIENTED_EDGE('',*,*,#922,.F.);
#1251=ORIENTED_EDGE('',*,*,#924,.F.);
#1252=ORIENTED_EDGE('',*,*,#914,.T.);
#1253=ORIENTED_EDGE('',*,*,#925,.F.);
#1254=ORIENTED_EDGE('',*,*,#926,.F.);
#1255=ORIENTED_EDGE('',*,*,#927,.F.);
#1256=ORIENTED_EDGE('',*,*,#928,.F.);
#1257=ORIENTED_EDGE('',*,*,#929,.F.);
#1258=ORIENTED_EDGE('',*,*,#930,.T.);
#1259=ORIENTED_EDGE('',*,*,#925,.T.);
#1260=ORIENTED_EDGE('',*,*,#930,.F.);
#1261=ORIENTED_EDGE('',*,*,#931,.F.);
#1262=ORIENTED_EDGE('',*,*,#932,.T.);
#1263=ORIENTED_EDGE('',*,*,#926,.T.);
#1264=ORIENTED_EDGE('',*,*,#932,.F.);
#1265=ORIENTED_EDGE('',*,*,#933,.F.);
#1266=ORIENTED_EDGE('',*,*,#934,.T.);
#1267=ORIENTED_EDGE('',*,*,#928,.T.);
#1268=ORIENTED_EDGE('',*,*,#934,.F.);
#1269=ORIENTED_EDGE('',*,*,#935,.F.);
#1270=ORIENTED_EDGE('',*,*,#936,.T.);
#1271=ORIENTED_EDGE('',*,*,#927,.T.);
#1272=ORIENTED_EDGE('',*,*,#936,.F.);
#1273=ORIENTED_EDGE('',*,*,#937,.F.);
#1274=ORIENTED_EDGE('',*,*,#938,.T.);
#1275=ORIENTED_EDGE('',*,*,#939,.F.);
#1276=ORIENTED_EDGE('',*,*,#940,.F.);
#1277=ORIENTED_EDGE('',*,*,#941,.F.);
#1278=ORIENTED_EDGE('',*,*,#940,.T.);
#1279=ORIENTED_EDGE('',*,*,#942,.F.);
#1280=ORIENTED_EDGE('',*,*,#943,.F.);
#1281=ORIENTED_EDGE('',*,*,#884,.T.);
#1282=ORIENTED_EDGE('',*,*,#887,.T.);
#1283=ORIENTED_EDGE('',*,*,#877,.T.);
#1284=ORIENTED_EDGE('',*,*,#881,.T.);
#1285=ORIENTED_EDGE('',*,*,#896,.T.);
#1286=ORIENTED_EDGE('',*,*,#899,.T.);
#1287=ORIENTED_EDGE('',*,*,#889,.T.);
#1288=ORIENTED_EDGE('',*,*,#893,.T.);
#1289=ORIENTED_EDGE('',*,*,#908,.T.);
#1290=ORIENTED_EDGE('',*,*,#911,.T.);
#1291=ORIENTED_EDGE('',*,*,#901,.T.);
#1292=ORIENTED_EDGE('',*,*,#905,.T.);
#1293=ORIENTED_EDGE('',*,*,#920,.T.);
#1294=ORIENTED_EDGE('',*,*,#923,.T.);
#1295=ORIENTED_EDGE('',*,*,#913,.T.);
#1296=ORIENTED_EDGE('',*,*,#917,.T.);
#1297=ORIENTED_EDGE('',*,*,#944,.T.);
#1298=ORIENTED_EDGE('',*,*,#943,.T.);
#1299=ORIENTED_EDGE('',*,*,#945,.F.);
#1300=ORIENTED_EDGE('',*,*,#946,.F.);
#1301=ORIENTED_EDGE('',*,*,#947,.T.);
#1302=ORIENTED_EDGE('',*,*,#946,.T.);
#1303=ORIENTED_EDGE('',*,*,#948,.F.);
#1304=ORIENTED_EDGE('',*,*,#938,.F.);
#1305=ORIENTED_EDGE('',*,*,#935,.T.);
#1306=ORIENTED_EDGE('',*,*,#933,.T.);
#1307=ORIENTED_EDGE('',*,*,#931,.T.);
#1308=ORIENTED_EDGE('',*,*,#929,.T.);
#1309=ORIENTED_EDGE('',*,*,#921,.T.);
#1310=ORIENTED_EDGE('',*,*,#918,.T.);
#1311=ORIENTED_EDGE('',*,*,#915,.T.);
#1312=ORIENTED_EDGE('',*,*,#924,.T.);
#1313=ORIENTED_EDGE('',*,*,#909,.T.);
#1314=ORIENTED_EDGE('',*,*,#906,.T.);
#1315=ORIENTED_EDGE('',*,*,#903,.T.);
#1316=ORIENTED_EDGE('',*,*,#912,.T.);
#1317=ORIENTED_EDGE('',*,*,#897,.T.);
#1318=ORIENTED_EDGE('',*,*,#894,.T.);
#1319=ORIENTED_EDGE('',*,*,#891,.T.);
#1320=ORIENTED_EDGE('',*,*,#900,.T.);
#1321=ORIENTED_EDGE('',*,*,#885,.T.);
#1322=ORIENTED_EDGE('',*,*,#882,.T.);
#1323=ORIENTED_EDGE('',*,*,#879,.T.);
#1324=ORIENTED_EDGE('',*,*,#888,.T.);
#1325=ORIENTED_EDGE('',*,*,#948,.T.);
#1326=ORIENTED_EDGE('',*,*,#945,.T.);
#1327=ORIENTED_EDGE('',*,*,#942,.T.);
#1328=ORIENTED_EDGE('',*,*,#939,.T.);
#1329=ORIENTED_EDGE('',*,*,#947,.F.);
#1330=ORIENTED_EDGE('',*,*,#937,.T.);
#1331=ORIENTED_EDGE('',*,*,#941,.T.);
#1332=ORIENTED_EDGE('',*,*,#944,.F.);
#1333=ORIENTED_EDGE('',*,*,#949,.F.);
#1334=ORIENTED_EDGE('',*,*,#950,.T.);
#1335=ORIENTED_EDGE('',*,*,#951,.T.);
#1336=ORIENTED_EDGE('',*,*,#950,.F.);
#1337=ORIENTED_EDGE('',*,*,#952,.F.);
#1338=ORIENTED_EDGE('',*,*,#953,.T.);
#1339=ORIENTED_EDGE('',*,*,#954,.T.);
#1340=ORIENTED_EDGE('',*,*,#953,.F.);
#1341=ORIENTED_EDGE('',*,*,#952,.T.);
#1342=ORIENTED_EDGE('',*,*,#949,.T.);
#1343=ORIENTED_EDGE('',*,*,#954,.F.);
#1344=ORIENTED_EDGE('',*,*,#951,.F.);
#1345=ORIENTED_EDGE('',*,*,#955,.F.);
#1346=ORIENTED_EDGE('',*,*,#956,.T.);
#1347=ORIENTED_EDGE('',*,*,#957,.T.);
#1348=ORIENTED_EDGE('',*,*,#956,.F.);
#1349=ORIENTED_EDGE('',*,*,#958,.F.);
#1350=ORIENTED_EDGE('',*,*,#959,.T.);
#1351=ORIENTED_EDGE('',*,*,#960,.T.);
#1352=ORIENTED_EDGE('',*,*,#959,.F.);
#1353=ORIENTED_EDGE('',*,*,#958,.T.);
#1354=ORIENTED_EDGE('',*,*,#955,.T.);
#1355=ORIENTED_EDGE('',*,*,#960,.F.);
#1356=ORIENTED_EDGE('',*,*,#957,.F.);
#1357=ORIENTED_EDGE('',*,*,#961,.F.);
#1358=ORIENTED_EDGE('',*,*,#962,.T.);
#1359=ORIENTED_EDGE('',*,*,#963,.T.);
#1360=ORIENTED_EDGE('',*,*,#962,.F.);
#1361=ORIENTED_EDGE('',*,*,#964,.F.);
#1362=ORIENTED_EDGE('',*,*,#965,.T.);
#1363=ORIENTED_EDGE('',*,*,#966,.T.);
#1364=ORIENTED_EDGE('',*,*,#965,.F.);
#1365=ORIENTED_EDGE('',*,*,#964,.T.);
#1366=ORIENTED_EDGE('',*,*,#961,.T.);
#1367=ORIENTED_EDGE('',*,*,#966,.F.);
#1368=ORIENTED_EDGE('',*,*,#963,.F.);
#1369=ORIENTED_EDGE('',*,*,#967,.F.);
#1370=ORIENTED_EDGE('',*,*,#968,.T.);
#1371=ORIENTED_EDGE('',*,*,#969,.T.);
#1372=ORIENTED_EDGE('',*,*,#968,.F.);
#1373=ORIENTED_EDGE('',*,*,#970,.F.);
#1374=ORIENTED_EDGE('',*,*,#971,.T.);
#1375=ORIENTED_EDGE('',*,*,#972,.T.);
#1376=ORIENTED_EDGE('',*,*,#971,.F.);
#1377=ORIENTED_EDGE('',*,*,#970,.T.);
#1378=ORIENTED_EDGE('',*,*,#967,.T.);
#1379=ORIENTED_EDGE('',*,*,#972,.F.);
#1380=ORIENTED_EDGE('',*,*,#969,.F.);
#1381=PLANE('',#1544);
#1382=PLANE('',#1545);
#1383=PLANE('',#1546);
#1384=PLANE('',#1547);
#1385=PLANE('',#1548);
#1386=PLANE('',#1549);
#1387=PLANE('',#1550);
#1388=PLANE('',#1551);
#1389=PLANE('',#1552);
#1390=PLANE('',#1553);
#1391=PLANE('',#1554);
#1392=PLANE('',#1555);
#1393=PLANE('',#1556);
#1394=PLANE('',#1557);
#1395=PLANE('',#1558);
#1396=PLANE('',#1559);
#1397=PLANE('',#1560);
#1398=PLANE('',#1561);
#1399=PLANE('',#1562);
#1400=PLANE('',#1563);
#1401=PLANE('',#1564);
#1402=PLANE('',#1565);
#1403=PLANE('',#1566);
#1404=PLANE('',#1567);
#1405=PLANE('',#1568);
#1406=PLANE('',#1569);
#1407=PLANE('',#1570);
#1408=PLANE('',#1571);
#1409=PLANE('',#1572);
#1410=PLANE('',#1573);
#1411=PLANE('',#1574);
#1412=PLANE('',#1575);
#1413=PLANE('',#1576);
#1414=PLANE('',#1577);
#1415=PLANE('',#1578);
#1416=PLANE('',#1579);
#1417=PLANE('',#1580);
#1418=PLANE('',#1581);
#1419=PLANE('',#1582);
#1420=PLANE('',#1583);
#1421=PLANE('',#1584);
#1422=PLANE('',#1585);
#1423=PLANE('',#1586);
#1424=PLANE('',#1587);
#1425=PLANE('',#1588);
#1426=PLANE('',#1589);
#1427=PLANE('',#1590);
#1428=PLANE('',#1591);
#1429=PLANE('',#1592);
#1430=PLANE('',#1593);
#1431=PLANE('',#1594);
#1432=PLANE('',#1595);
#1433=PLANE('',#1596);
#1434=PLANE('',#1597);
#1435=PLANE('',#1598);
#1436=PLANE('',#1600);
#1437=PLANE('',#1602);
#1438=PLANE('',#1604);
#1439=PLANE('',#1614);
#1440=PLANE('',#1615);
#1441=PLANE('',#1616);
#1442=PLANE('',#1617);
#1443=PLANE('',#1618);
#1444=PLANE('',#1619);
#1445=PLANE('',#1626);
#1446=PLANE('',#1627);
#1447=PLANE('',#1634);
#1448=PLANE('',#1635);
#1449=PLANE('',#1642);
#1450=PLANE('',#1643);
#1451=PLANE('',#1650);
#1452=PLANE('',#1651);
#1453=ADVANCED_FACE('',(#83),#1381,.T.);
#1454=ADVANCED_FACE('',(#84),#1382,.T.);
#1455=ADVANCED_FACE('',(#85),#1383,.T.);
#1456=ADVANCED_FACE('',(#86),#1384,.T.);
#1457=ADVANCED_FACE('',(#87),#1385,.T.);
#1458=ADVANCED_FACE('',(#88),#1386,.T.);
#1459=ADVANCED_FACE('',(#89),#1387,.T.);
#1460=ADVANCED_FACE('',(#90),#1388,.T.);
#1461=ADVANCED_FACE('',(#91),#1389,.T.);
#1462=ADVANCED_FACE('',(#92),#1390,.T.);
#1463=ADVANCED_FACE('',(#93),#1391,.T.);
#1464=ADVANCED_FACE('',(#94),#1392,.T.);
#1465=ADVANCED_FACE('',(#95),#1393,.T.);
#1466=ADVANCED_FACE('',(#96),#1394,.T.);
#1467=ADVANCED_FACE('',(#97),#1395,.T.);
#1468=ADVANCED_FACE('',(#98),#1396,.T.);
#1469=ADVANCED_FACE('',(#99),#1397,.T.);
#1470=ADVANCED_FACE('',(#100),#1398,.T.);
#1471=ADVANCED_FACE('',(#101),#1399,.T.);
#1472=ADVANCED_FACE('',(#102),#1400,.T.);
#1473=ADVANCED_FACE('',(#103),#1401,.T.);
#1474=ADVANCED_FACE('',(#104),#1402,.T.);
#1475=ADVANCED_FACE('',(#105),#1403,.T.);
#1476=ADVANCED_FACE('',(#106),#1404,.T.);
#1477=ADVANCED_FACE('',(#107),#1405,.T.);
#1478=ADVANCED_FACE('',(#108),#1406,.T.);
#1479=ADVANCED_FACE('',(#109),#1407,.T.);
#1480=ADVANCED_FACE('',(#110),#1408,.T.);
#1481=ADVANCED_FACE('',(#111),#1409,.T.);
#1482=ADVANCED_FACE('',(#112),#1410,.T.);
#1483=ADVANCED_FACE('',(#113),#1411,.T.);
#1484=ADVANCED_FACE('',(#114),#1412,.T.);
#1485=ADVANCED_FACE('',(#115),#1413,.T.);
#1486=ADVANCED_FACE('',(#116),#1414,.T.);
#1487=ADVANCED_FACE('',(#117),#1415,.T.);
#1488=ADVANCED_FACE('',(#118),#1416,.T.);
#1489=ADVANCED_FACE('',(#119,#61),#1417,.T.);
#1490=ADVANCED_FACE('',(#120,#62),#1418,.F.);
#1491=ADVANCED_FACE('',(#121),#1419,.F.);
#1492=ADVANCED_FACE('',(#122),#1420,.F.);
#1493=ADVANCED_FACE('',(#123),#1421,.F.);
#1494=ADVANCED_FACE('',(#124),#1422,.F.);
#1495=ADVANCED_FACE('',(#125),#1423,.F.);
#1496=ADVANCED_FACE('',(#126),#1424,.F.);
#1497=ADVANCED_FACE('',(#127),#1425,.F.);
#1498=ADVANCED_FACE('',(#128),#1426,.F.);
#1499=ADVANCED_FACE('',(#129),#1427,.F.);
#1500=ADVANCED_FACE('',(#130),#1428,.F.);
#1501=ADVANCED_FACE('',(#131),#1429,.F.);
#1502=ADVANCED_FACE('',(#132),#1430,.F.);
#1503=ADVANCED_FACE('',(#133),#1431,.F.);
#1504=ADVANCED_FACE('',(#134),#1432,.F.);
#1505=ADVANCED_FACE('',(#135),#1433,.F.);
#1506=ADVANCED_FACE('',(#136),#1434,.F.);
#1507=ADVANCED_FACE('',(#137),#1435,.T.);
#1508=ADVANCED_FACE('',(#138),#1436,.T.);
#1509=ADVANCED_FACE('',(#139),#1437,.T.);
#1510=ADVANCED_FACE('',(#140),#1438,.T.);
#1511=ADVANCED_FACE('',(#141),#13,.T.);
#1512=ADVANCED_FACE('',(#142),#14,.T.);
#1513=ADVANCED_FACE('',(#143),#15,.T.);
#1514=ADVANCED_FACE('',(#144),#16,.T.);
#1515=ADVANCED_FACE('',(#145),#1439,.T.);
#1516=ADVANCED_FACE('',(#146,#63,#64,#65,#66),#1440,.T.);
#1517=ADVANCED_FACE('',(#147),#1441,.T.);
#1518=ADVANCED_FACE('',(#148,#67,#68,#69,#70,#71,#72,#73,#74),#1442,.T.);
#1519=ADVANCED_FACE('',(#149),#1443,.T.);
#1520=ADVANCED_FACE('',(#150),#1444,.F.);
#1521=ADVANCED_FACE('',(#151),#17,.F.);
#1522=ADVANCED_FACE('',(#152),#18,.T.);
#1523=ADVANCED_FACE('',(#153,#75),#1445,.T.);
#1524=ADVANCED_FACE('',(#154,#76),#1446,.F.);
#1525=ADVANCED_FACE('',(#155),#19,.F.);
#1526=ADVANCED_FACE('',(#156),#20,.T.);
#1527=ADVANCED_FACE('',(#157,#77),#1447,.T.);
#1528=ADVANCED_FACE('',(#158,#78),#1448,.F.);
#1529=ADVANCED_FACE('',(#159),#21,.F.);
#1530=ADVANCED_FACE('',(#160),#22,.T.);
#1531=ADVANCED_FACE('',(#161,#79),#1449,.T.);
#1532=ADVANCED_FACE('',(#162,#80),#1450,.F.);
#1533=ADVANCED_FACE('',(#163),#23,.F.);
#1534=ADVANCED_FACE('',(#164),#24,.T.);
#1535=ADVANCED_FACE('',(#165,#81),#1451,.T.);
#1536=ADVANCED_FACE('',(#166,#82),#1452,.F.);
#1537=CLOSED_SHELL('',(#1453,#1454,#1455,#1456,#1457,#1458,#1459,#1460,
#1461,#1462,#1463,#1464,#1465,#1466,#1467,#1468,#1469,#1470,#1471,#1472,
#1473,#1474,#1475,#1476,#1477,#1478,#1479,#1480,#1481,#1482,#1483,#1484,
#1485,#1486,#1487,#1488,#1489,#1490));
#1538=CLOSED_SHELL('',(#1491,#1492,#1493,#1494,#1495,#1496,#1497,#1498,
#1499,#1500,#1501,#1502,#1503,#1504,#1505,#1506,#1507,#1508,#1509,#1510,
#1511,#1512,#1513,#1514,#1515,#1516,#1517,#1518,#1519,#1520));
#1539=CLOSED_SHELL('',(#1521,#1522,#1523,#1524));
#1540=CLOSED_SHELL('',(#1525,#1526,#1527,#1528));
#1541=CLOSED_SHELL('',(#1529,#1530,#1531,#1532));
#1542=CLOSED_SHELL('',(#1533,#1534,#1535,#1536));
#1543=AXIS2_PLACEMENT_3D('',#2050,#1652,#1653);
#1544=AXIS2_PLACEMENT_3D('',#2051,#1654,#1655);
#1545=AXIS2_PLACEMENT_3D('',#2060,#1660,#1661);
#1546=AXIS2_PLACEMENT_3D('',#2066,#1665,#1666);
#1547=AXIS2_PLACEMENT_3D('',#2072,#1670,#1671);
#1548=AXIS2_PLACEMENT_3D('',#2075,#1674,#1675);
#1549=AXIS2_PLACEMENT_3D('',#2084,#1680,#1681);
#1550=AXIS2_PLACEMENT_3D('',#2090,#1685,#1686);
#1551=AXIS2_PLACEMENT_3D('',#2096,#1690,#1691);
#1552=AXIS2_PLACEMENT_3D('',#2102,#1695,#1696);
#1553=AXIS2_PLACEMENT_3D('',#2108,#1700,#1701);
#1554=AXIS2_PLACEMENT_3D('',#2114,#1705,#1706);
#1555=AXIS2_PLACEMENT_3D('',#2120,#1710,#1711);
#1556=AXIS2_PLACEMENT_3D('',#2126,#1715,#1716);
#1557=AXIS2_PLACEMENT_3D('',#2132,#1720,#1721);
#1558=AXIS2_PLACEMENT_3D('',#2138,#1725,#1726);
#1559=AXIS2_PLACEMENT_3D('',#2144,#1730,#1731);
#1560=AXIS2_PLACEMENT_3D('',#2150,#1735,#1736);
#1561=AXIS2_PLACEMENT_3D('',#2156,#1740,#1741);
#1562=AXIS2_PLACEMENT_3D('',#2162,#1745,#1746);
#1563=AXIS2_PLACEMENT_3D('',#2168,#1750,#1751);
#1564=AXIS2_PLACEMENT_3D('',#2174,#1755,#1756);
#1565=AXIS2_PLACEMENT_3D('',#2180,#1760,#1761);
#1566=AXIS2_PLACEMENT_3D('',#2186,#1765,#1766);
#1567=AXIS2_PLACEMENT_3D('',#2192,#1770,#1771);
#1568=AXIS2_PLACEMENT_3D('',#2198,#1775,#1776);
#1569=AXIS2_PLACEMENT_3D('',#2204,#1780,#1781);
#1570=AXIS2_PLACEMENT_3D('',#2210,#1785,#1786);
#1571=AXIS2_PLACEMENT_3D('',#2216,#1790,#1791);
#1572=AXIS2_PLACEMENT_3D('',#2222,#1795,#1796);
#1573=AXIS2_PLACEMENT_3D('',#2228,#1800,#1801);
#1574=AXIS2_PLACEMENT_3D('',#2234,#1805,#1806);
#1575=AXIS2_PLACEMENT_3D('',#2240,#1810,#1811);
#1576=AXIS2_PLACEMENT_3D('',#2246,#1815,#1816);
#1577=AXIS2_PLACEMENT_3D('',#2252,#1820,#1821);
#1578=AXIS2_PLACEMENT_3D('',#2258,#1825,#1826);
#1579=AXIS2_PLACEMENT_3D('',#2264,#1830,#1831);
#1580=AXIS2_PLACEMENT_3D('',#2267,#1834,#1835);
#1581=AXIS2_PLACEMENT_3D('',#2268,#1836,#1837);
#1582=AXIS2_PLACEMENT_3D('',#2269,#1838,#1839);
#1583=AXIS2_PLACEMENT_3D('',#2278,#1844,#1845);
#1584=AXIS2_PLACEMENT_3D('',#2284,#1849,#1850);
#1585=AXIS2_PLACEMENT_3D('',#2290,#1854,#1855);
#1586=AXIS2_PLACEMENT_3D('',#2293,#1858,#1859);
#1587=AXIS2_PLACEMENT_3D('',#2302,#1864,#1865);
#1588=AXIS2_PLACEMENT_3D('',#2308,#1869,#1870);
#1589=AXIS2_PLACEMENT_3D('',#2314,#1874,#1875);
#1590=AXIS2_PLACEMENT_3D('',#2317,#1878,#1879);
#1591=AXIS2_PLACEMENT_3D('',#2326,#1884,#1885);
#1592=AXIS2_PLACEMENT_3D('',#2332,#1889,#1890);
#1593=AXIS2_PLACEMENT_3D('',#2338,#1894,#1895);
#1594=AXIS2_PLACEMENT_3D('',#2341,#1898,#1899);
#1595=AXIS2_PLACEMENT_3D('',#2350,#1904,#1905);
#1596=AXIS2_PLACEMENT_3D('',#2356,#1909,#1910);
#1597=AXIS2_PLACEMENT_3D('',#2362,#1914,#1915);
#1598=AXIS2_PLACEMENT_3D('',#2365,#1918,#1919);
#1599=AXIS2_PLACEMENT_3D('',#2367,#1920,#1921);
#1600=AXIS2_PLACEMENT_3D('',#2368,#1922,#1923);
#1601=AXIS2_PLACEMENT_3D('',#2370,#1924,#1925);
#1602=AXIS2_PLACEMENT_3D('',#2371,#1926,#1927);
#1603=AXIS2_PLACEMENT_3D('',#2373,#1928,#1929);
#1604=AXIS2_PLACEMENT_3D('',#2374,#1930,#1931);
#1605=AXIS2_PLACEMENT_3D('',#2376,#1932,#1933);
#1606=AXIS2_PLACEMENT_3D('',#2377,#1934,#1935);
#1607=AXIS2_PLACEMENT_3D('',#2379,#1936,#1937);
#1608=AXIS2_PLACEMENT_3D('',#2381,#1939,#1940);
#1609=AXIS2_PLACEMENT_3D('',#2383,#1941,#1942);
#1610=AXIS2_PLACEMENT_3D('',#2385,#1944,#1945);
#1611=AXIS2_PLACEMENT_3D('',#2387,#1946,#1947);
#1612=AXIS2_PLACEMENT_3D('',#2389,#1949,#1950);
#1613=AXIS2_PLACEMENT_3D('',#2391,#1951,#1952);
#1614=AXIS2_PLACEMENT_3D('',#2393,#1954,#1955);
#1615=AXIS2_PLACEMENT_3D('',#2402,#1960,#1961);
#1616=AXIS2_PLACEMENT_3D('',#2408,#1965,#1966);
#1617=AXIS2_PLACEMENT_3D('',#2414,#1970,#1971);
#1618=AXIS2_PLACEMENT_3D('',#2417,#1974,#1975);
#1619=AXIS2_PLACEMENT_3D('',#2418,#1976,#1977);
#1620=AXIS2_PLACEMENT_3D('',#2419,#1978,#1979);
#1621=AXIS2_PLACEMENT_3D('',#2421,#1980,#1981);
#1622=AXIS2_PLACEMENT_3D('',#2424,#1983,#1984);
#1623=AXIS2_PLACEMENT_3D('',#2425,#1985,#1986);
#1624=AXIS2_PLACEMENT_3D('',#2427,#1987,#1988);
#1625=AXIS2_PLACEMENT_3D('',#2430,#1990,#1991);
#1626=AXIS2_PLACEMENT_3D('',#2431,#1992,#1993);
#1627=AXIS2_PLACEMENT_3D('',#2432,#1994,#1995);
#1628=AXIS2_PLACEMENT_3D('',#2433,#1996,#1997);
#1629=AXIS2_PLACEMENT_3D('',#2435,#1998,#1999);
#1630=AXIS2_PLACEMENT_3D('',#2438,#2001,#2002);
#1631=AXIS2_PLACEMENT_3D('',#2439,#2003,#2004);
#1632=AXIS2_PLACEMENT_3D('',#2441,#2005,#2006);
#1633=AXIS2_PLACEMENT_3D('',#2444,#2008,#2009);
#1634=AXIS2_PLACEMENT_3D('',#2445,#2010,#2011);
#1635=AXIS2_PLACEMENT_3D('',#2446,#2012,#2013);
#1636=AXIS2_PLACEMENT_3D('',#2447,#2014,#2015);
#1637=AXIS2_PLACEMENT_3D('',#2449,#2016,#2017);
#1638=AXIS2_PLACEMENT_3D('',#2452,#2019,#2020);
#1639=AXIS2_PLACEMENT_3D('',#2453,#2021,#2022);
#1640=AXIS2_PLACEMENT_3D('',#2455,#2023,#2024);
#1641=AXIS2_PLACEMENT_3D('',#2458,#2026,#2027);
#1642=AXIS2_PLACEMENT_3D('',#2459,#2028,#2029);
#1643=AXIS2_PLACEMENT_3D('',#2460,#2030,#2031);
#1644=AXIS2_PLACEMENT_3D('',#2461,#2032,#2033);
#1645=AXIS2_PLACEMENT_3D('',#2463,#2034,#2035);
#1646=AXIS2_PLACEMENT_3D('',#2466,#2037,#2038);
#1647=AXIS2_PLACEMENT_3D('',#2467,#2039,#2040);
#1648=AXIS2_PLACEMENT_3D('',#2469,#2041,#2042);
#1649=AXIS2_PLACEMENT_3D('',#2472,#2044,#2045);
#1650=AXIS2_PLACEMENT_3D('',#2473,#2046,#2047);
#1651=AXIS2_PLACEMENT_3D('',#2474,#2048,#2049);
#1652=DIRECTION('axis',(0.,0.,1.));
#1653=DIRECTION('refdir',(1.,0.,0.));
#1654=DIRECTION('center_axis',(1.,0.,0.));
#1655=DIRECTION('ref_axis',(0.,-1.,0.));
#1656=DIRECTION('',(0.,-1.,0.));
#1657=DIRECTION('',(0.,0.,-1.));
#1658=DIRECTION('',(0.,-1.,0.));
#1659=DIRECTION('',(0.,0.,-1.));
#1660=DIRECTION('center_axis',(0.,-1.,0.));
#1661=DIRECTION('ref_axis',(-1.,0.,0.));
#1662=DIRECTION('',(-1.,0.,0.));
#1663=DIRECTION('',(-1.,0.,0.));
#1664=DIRECTION('',(0.,0.,-1.));
#1665=DIRECTION('center_axis',(-1.,0.,0.));
#1666=DIRECTION('ref_axis',(0.,1.,0.));
#1667=DIRECTION('',(0.,1.,0.));
#1668=DIRECTION('',(0.,1.,0.));
#1669=DIRECTION('',(0.,0.,-1.));
#1670=DIRECTION('center_axis',(0.,1.,0.));
#1671=DIRECTION('ref_axis',(1.,0.,0.));
#1672=DIRECTION('',(1.,0.,0.));
#1673=DIRECTION('',(1.,0.,0.));
#1674=DIRECTION('center_axis',(-1.,0.,0.));
#1675=DIRECTION('ref_axis',(0.,1.,0.));
#1676=DIRECTION('',(0.,1.,0.));
#1677=DIRECTION('',(0.,0.,-1.));
#1678=DIRECTION('',(0.,1.,0.));
#1679=DIRECTION('',(0.,0.,-1.));
#1680=DIRECTION('center_axis',(0.,-1.,0.));
#1681=DIRECTION('ref_axis',(-1.,0.,0.));
#1682=DIRECTION('',(-1.,0.,0.));
#1683=DIRECTION('',(-1.,0.,0.));
#1684=DIRECTION('',(0.,0.,-1.));
#1685=DIRECTION('center_axis',(1.,0.,0.));
#1686=DIRECTION('ref_axis',(0.,-1.,0.));
#1687=DIRECTION('',(0.,-1.,0.));
#1688=DIRECTION('',(0.,-1.,0.));
#1689=DIRECTION('',(0.,0.,-1.));
#1690=DIRECTION('center_axis',(0.,-1.,0.));
#1691=DIRECTION('ref_axis',(-1.,0.,0.));
#1692=DIRECTION('',(-1.,0.,0.));
#1693=DIRECTION('',(-1.,0.,0.));
#1694=DIRECTION('',(0.,0.,-1.));
#1695=DIRECTION('center_axis',(1.,0.,0.));
#1696=DIRECTION('ref_axis',(0.,-1.,0.));
#1697=DIRECTION('',(0.,-1.,0.));
#1698=DIRECTION('',(0.,-1.,0.));
#1699=DIRECTION('',(0.,0.,-1.));
#1700=DIRECTION('center_axis',(0.,-1.,0.));
#1701=DIRECTION('ref_axis',(-1.,0.,0.));
#1702=DIRECTION('',(-1.,0.,0.));
#1703=DIRECTION('',(-1.,0.,0.));
#1704=DIRECTION('',(0.,0.,-1.));
#1705=DIRECTION('center_axis',(1.,0.,0.));
#1706=DIRECTION('ref_axis',(0.,-1.,0.));
#1707=DIRECTION('',(0.,-1.,0.));
#1708=DIRECTION('',(0.,-1.,0.));
#1709=DIRECTION('',(0.,0.,-1.));
#1710=DIRECTION('center_axis',(0.,1.,0.));
#1711=DIRECTION('ref_axis',(1.,0.,0.));
#1712=DIRECTION('',(1.,0.,0.));
#1713=DIRECTION('',(1.,0.,0.));
#1714=DIRECTION('',(0.,0.,-1.));
#1715=DIRECTION('center_axis',(1.,0.,0.));
#1716=DIRECTION('ref_axis',(0.,-1.,0.));
#1717=DIRECTION('',(0.,-1.,0.));
#1718=DIRECTION('',(0.,-1.,0.));
#1719=DIRECTION('',(0.,0.,-1.));
#1720=DIRECTION('center_axis',(0.,1.,0.));
#1721=DIRECTION('ref_axis',(1.,0.,0.));
#1722=DIRECTION('',(1.,0.,0.));
#1723=DIRECTION('',(1.,0.,0.));
#1724=DIRECTION('',(0.,0.,-1.));
#1725=DIRECTION('center_axis',(1.,0.,0.));
#1726=DIRECTION('ref_axis',(0.,-1.,0.));
#1727=DIRECTION('',(0.,-1.,0.));
#1728=DIRECTION('',(0.,-1.,0.));
#1729=DIRECTION('',(0.,0.,-1.));
#1730=DIRECTION('center_axis',(0.,1.,0.));
#1731=DIRECTION('ref_axis',(1.,0.,0.));
#1732=DIRECTION('',(1.,0.,0.));
#1733=DIRECTION('',(1.,0.,0.));
#1734=DIRECTION('',(0.,0.,-1.));
#1735=DIRECTION('center_axis',(1.,0.,0.));
#1736=DIRECTION('ref_axis',(0.,-1.,0.));
#1737=DIRECTION('',(0.,-1.,0.));
#1738=DIRECTION('',(0.,-1.,0.));
#1739=DIRECTION('',(0.,0.,-1.));
#1740=DIRECTION('center_axis',(0.,1.,0.));
#1741=DIRECTION('ref_axis',(1.,0.,0.));
#1742=DIRECTION('',(1.,0.,0.));
#1743=DIRECTION('',(1.,0.,0.));
#1744=DIRECTION('',(0.,0.,-1.));
#1745=DIRECTION('center_axis',(1.,0.,0.));
#1746=DIRECTION('ref_axis',(0.,-1.,0.));
#1747=DIRECTION('',(0.,-1.,0.));
#1748=DIRECTION('',(0.,-1.,0.));
#1749=DIRECTION('',(0.,0.,-1.));
#1750=DIRECTION('center_axis',(0.,1.,0.));
#1751=DIRECTION('ref_axis',(1.,0.,0.));
#1752=DIRECTION('',(1.,0.,0.));
#1753=DIRECTION('',(1.,0.,0.));
#1754=DIRECTION('',(0.,0.,-1.));
#1755=DIRECTION('center_axis',(-1.,0.,0.));
#1756=DIRECTION('ref_axis',(0.,1.,0.));
#1757=DIRECTION('',(0.,1.,0.));
#1758=DIRECTION('',(0.,1.,0.));
#1759=DIRECTION('',(0.,0.,-1.));
#1760=DIRECTION('center_axis',(0.,1.,0.));
#1761=DIRECTION('ref_axis',(1.,0.,0.));
#1762=DIRECTION('',(1.,0.,0.));
#1763=DIRECTION('',(1.,0.,0.));
#1764=DIRECTION('',(0.,0.,-1.));
#1765=DIRECTION('center_axis',(-1.,0.,0.));
#1766=DIRECTION('ref_axis',(0.,1.,0.));
#1767=DIRECTION('',(0.,1.,0.));
#1768=DIRECTION('',(0.,1.,0.));
#1769=DIRECTION('',(0.,0.,-1.));
#1770=DIRECTION('center_axis',(0.,1.,0.));
#1771=DIRECTION('ref_axis',(1.,0.,0.));
#1772=DIRECTION('',(1.,0.,0.));
#1773=DIRECTION('',(1.,0.,0.));
#1774=DIRECTION('',(0.,0.,-1.));
#1775=DIRECTION('center_axis',(-1.,0.,0.));
#1776=DIRECTION('ref_axis',(0.,1.,0.));
#1777=DIRECTION('',(0.,1.,0.));
#1778=DIRECTION('',(0.,1.,0.));
#1779=DIRECTION('',(0.,0.,-1.));
#1780=DIRECTION('center_axis',(0.,1.,0.));
#1781=DIRECTION('ref_axis',(1.,0.,0.));
#1782=DIRECTION('',(1.,0.,0.));
#1783=DIRECTION('',(1.,0.,0.));
#1784=DIRECTION('',(0.,0.,-1.));
#1785=DIRECTION('center_axis',(-1.,0.,0.));
#1786=DIRECTION('ref_axis',(0.,1.,0.));
#1787=DIRECTION('',(0.,1.,0.));
#1788=DIRECTION('',(0.,1.,0.));
#1789=DIRECTION('',(0.,0.,-1.));
#1790=DIRECTION('center_axis',(0.,1.,0.));
#1791=DIRECTION('ref_axis',(1.,0.,0.));
#1792=DIRECTION('',(1.,0.,0.));
#1793=DIRECTION('',(1.,0.,0.));
#1794=DIRECTION('',(0.,0.,-1.));
#1795=DIRECTION('center_axis',(-1.,0.,0.));
#1796=DIRECTION('ref_axis',(0.,1.,0.));
#1797=DIRECTION('',(0.,1.,0.));
#1798=DIRECTION('',(0.,1.,0.));
#1799=DIRECTION('',(0.,0.,-1.));
#1800=DIRECTION('center_axis',(0.,-1.,0.));
#1801=DIRECTION('ref_axis',(-1.,0.,0.));
#1802=DIRECTION('',(-1.,0.,0.));
#1803=DIRECTION('',(-1.,0.,0.));
#1804=DIRECTION('',(0.,0.,-1.));
#1805=DIRECTION('center_axis',(-1.,0.,0.));
#1806=DIRECTION('ref_axis',(0.,1.,0.));
#1807=DIRECTION('',(0.,1.,0.));
#1808=DIRECTION('',(0.,1.,0.));
#1809=DIRECTION('',(0.,0.,-1.));
#1810=DIRECTION('center_axis',(0.,-1.,0.));
#1811=DIRECTION('ref_axis',(-1.,0.,0.));
#1812=DIRECTION('',(-1.,0.,0.));
#1813=DIRECTION('',(-1.,0.,0.));
#1814=DIRECTION('',(0.,0.,-1.));
#1815=DIRECTION('center_axis',(-1.,0.,0.));
#1816=DIRECTION('ref_axis',(0.,1.,0.));
#1817=DIRECTION('',(0.,1.,0.));
#1818=DIRECTION('',(0.,1.,0.));
#1819=DIRECTION('',(0.,0.,-1.));
#1820=DIRECTION('center_axis',(0.,-1.,0.));
#1821=DIRECTION('ref_axis',(-1.,0.,0.));
#1822=DIRECTION('',(-1.,0.,0.));
#1823=DIRECTION('',(-1.,0.,0.));
#1824=DIRECTION('',(0.,0.,-1.));
#1825=DIRECTION('center_axis',(1.,0.,0.));
#1826=DIRECTION('ref_axis',(0.,-1.,0.));
#1827=DIRECTION('',(0.,-1.,0.));
#1828=DIRECTION('',(0.,-1.,0.));
#1829=DIRECTION('',(0.,0.,-1.));
#1830=DIRECTION('center_axis',(0.,-1.,0.));
#1831=DIRECTION('ref_axis',(-1.,0.,0.));
#1832=DIRECTION('',(-1.,0.,0.));
#1833=DIRECTION('',(-1.,0.,0.));
#1834=DIRECTION('center_axis',(0.,0.,-1.));
#1835=DIRECTION('ref_axis',(-1.,0.,0.));
#1836=DIRECTION('center_axis',(0.,0.,-1.));
#1837=DIRECTION('ref_axis',(-1.,0.,0.));
#1838=DIRECTION('center_axis',(-1.,0.,0.));
#1839=DIRECTION('ref_axis',(0.,1.,0.));
#1840=DIRECTION('',(0.,-1.,0.));
#1841=DIRECTION('',(0.,0.,-1.));
#1842=DIRECTION('',(0.,1.,0.));
#1843=DIRECTION('',(0.,0.,-1.));
#1844=DIRECTION('center_axis',(0.,-1.,0.));
#1845=DIRECTION('ref_axis',(-1.,0.,0.));
#1846=DIRECTION('',(1.,0.,0.));
#1847=DIRECTION('',(-1.,0.,0.));
#1848=DIRECTION('',(0.,0.,-1.));
#1849=DIRECTION('center_axis',(1.,0.,0.));
#1850=DIRECTION('ref_axis',(0.,-1.,0.));
#1851=DIRECTION('',(0.,1.,0.));
#1852=DIRECTION('',(0.,-1.,0.));
#1853=DIRECTION('',(0.,0.,-1.));
#1854=DIRECTION('center_axis',(0.,1.,0.));
#1855=DIRECTION('ref_axis',(1.,0.,0.));
#1856=DIRECTION('',(-1.,0.,0.));
#1857=DIRECTION('',(1.,0.,0.));
#1858=DIRECTION('center_axis',(-1.,0.,0.));
#1859=DIRECTION('ref_axis',(0.,1.,0.));
#1860=DIRECTION('',(0.,-1.,0.));
#1861=DIRECTION('',(0.,0.,-1.));
#1862=DIRECTION('',(0.,1.,0.));
#1863=DIRECTION('',(0.,0.,-1.));
#1864=DIRECTION('center_axis',(0.,-1.,0.));
#1865=DIRECTION('ref_axis',(-1.,0.,0.));
#1866=DIRECTION('',(1.,0.,0.));
#1867=DIRECTION('',(-1.,0.,0.));
#1868=DIRECTION('',(0.,0.,-1.));
#1869=DIRECTION('center_axis',(1.,0.,0.));
#1870=DIRECTION('ref_axis',(0.,-1.,0.));
#1871=DIRECTION('',(0.,1.,0.));
#1872=DIRECTION('',(0.,-1.,0.));
#1873=DIRECTION('',(0.,0.,-1.));
#1874=DIRECTION('center_axis',(0.,1.,0.));
#1875=DIRECTION('ref_axis',(1.,0.,0.));
#1876=DIRECTION('',(-1.,0.,0.));
#1877=DIRECTION('',(1.,0.,0.));
#1878=DIRECTION('center_axis',(-1.,0.,0.));
#1879=DIRECTION('ref_axis',(0.,1.,0.));
#1880=DIRECTION('',(0.,-1.,0.));
#1881=DIRECTION('',(0.,0.,-1.));
#1882=DIRECTION('',(0.,1.,0.));
#1883=DIRECTION('',(0.,0.,-1.));
#1884=DIRECTION('center_axis',(0.,-1.,0.));
#1885=DIRECTION('ref_axis',(-1.,0.,0.));
#1886=DIRECTION('',(1.,0.,0.));
#1887=DIRECTION('',(-1.,0.,0.));
#1888=DIRECTION('',(0.,0.,-1.));
#1889=DIRECTION('center_axis',(1.,0.,0.));
#1890=DIRECTION('ref_axis',(0.,-1.,0.));
#1891=DIRECTION('',(0.,1.,0.));
#1892=DIRECTION('',(0.,-1.,0.));
#1893=DIRECTION('',(0.,0.,-1.));
#1894=DIRECTION('center_axis',(0.,1.,0.));
#1895=DIRECTION('ref_axis',(1.,0.,0.));
#1896=DIRECTION('',(-1.,0.,0.));
#1897=DIRECTION('',(1.,0.,0.));
#1898=DIRECTION('center_axis',(-1.,0.,0.));
#1899=DIRECTION('ref_axis',(0.,1.,0.));
#1900=DIRECTION('',(0.,-1.,0.));
#1901=DIRECTION('',(0.,0.,-1.));
#1902=DIRECTION('',(0.,1.,0.));
#1903=DIRECTION('',(0.,0.,-1.));
#1904=DIRECTION('center_axis',(0.,-1.,0.));
#1905=DIRECTION('ref_axis',(-1.,0.,0.));
#1906=DIRECTION('',(1.,0.,0.));
#1907=DIRECTION('',(-1.,0.,0.));
#1908=DIRECTION('',(0.,0.,-1.));
#1909=DIRECTION('center_axis',(1.,0.,0.));
#1910=DIRECTION('ref_axis',(0.,-1.,0.));
#1911=DIRECTION('',(0.,1.,0.));
#1912=DIRECTION('',(0.,-1.,0.));
#1913=DIRECTION('',(0.,0.,-1.));
#1914=DIRECTION('center_axis',(0.,1.,0.));
#1915=DIRECTION('ref_axis',(1.,0.,0.));
#1916=DIRECTION('',(-1.,0.,0.));
#1917=DIRECTION('',(1.,0.,0.));
#1918=DIRECTION('center_axis',(0.,0.,1.));
#1919=DIRECTION('ref_axis',(-1.,0.,0.));
#1920=DIRECTION('center_axis',(0.,0.,-1.));
#1921=DIRECTION('ref_axis',(-1.,0.,0.));
#1922=DIRECTION('center_axis',(0.,0.,1.));
#1923=DIRECTION('ref_axis',(-1.,0.,0.));
#1924=DIRECTION('center_axis',(0.,0.,-1.));
#1925=DIRECTION('ref_axis',(-1.,0.,0.));
#1926=DIRECTION('center_axis',(0.,0.,1.));
#1927=DIRECTION('ref_axis',(-1.,0.,0.));
#1928=DIRECTION('center_axis',(0.,0.,-1.));
#1929=DIRECTION('ref_axis',(-1.,0.,0.));
#1930=DIRECTION('center_axis',(0.,0.,1.));
#1931=DIRECTION('ref_axis',(-1.,0.,0.));
#1932=DIRECTION('center_axis',(0.,0.,-1.));
#1933=DIRECTION('ref_axis',(-1.,0.,0.));
#1934=DIRECTION('center_axis',(0.,0.,-1.));
#1935=DIRECTION('ref_axis',(-1.,0.,0.));
#1936=DIRECTION('center_axis',(0.,0.,-1.));
#1937=DIRECTION('ref_axis',(-1.,0.,0.));
#1938=DIRECTION('',(0.,0.,1.));
#1939=DIRECTION('center_axis',(0.,0.,-1.));
#1940=DIRECTION('ref_axis',(-1.,0.,0.));
#1941=DIRECTION('center_axis',(0.,0.,-1.));
#1942=DIRECTION('ref_axis',(-1.,0.,0.));
#1943=DIRECTION('',(0.,0.,1.));
#1944=DIRECTION('center_axis',(0.,0.,-1.));
#1945=DIRECTION('ref_axis',(-1.,0.,0.));
#1946=DIRECTION('center_axis',(0.,0.,-1.));
#1947=DIRECTION('ref_axis',(-1.,0.,0.));
#1948=DIRECTION('',(0.,0.,1.));
#1949=DIRECTION('center_axis',(0.,0.,-1.));
#1950=DIRECTION('ref_axis',(-1.,0.,0.));
#1951=DIRECTION('center_axis',(0.,0.,-1.));
#1952=DIRECTION('ref_axis',(-1.,0.,0.));
#1953=DIRECTION('',(0.,0.,1.));
#1954=DIRECTION('center_axis',(0.,1.,0.));
#1955=DIRECTION('ref_axis',(0.,0.,1.));
#1956=DIRECTION('',(0.,0.,-1.));
#1957=DIRECTION('',(1.,0.,0.));
#1958=DIRECTION('',(0.,0.,1.));
#1959=DIRECTION('',(1.,0.,0.));
#1960=DIRECTION('center_axis',(0.,0.,-1.));
#1961=DIRECTION('ref_axis',(0.,1.,0.));
#1962=DIRECTION('',(0.,-1.,0.));
#1963=DIRECTION('',(0.,1.,0.));
#1964=DIRECTION('',(1.,0.,0.));
#1965=DIRECTION('center_axis',(0.,-1.,0.));
#1966=DIRECTION('ref_axis',(0.,0.,-1.));
#1967=DIRECTION('',(0.,0.,-1.));
#1968=DIRECTION('',(0.,0.,-1.));
#1969=DIRECTION('',(1.,0.,0.));
#1970=DIRECTION('center_axis',(0.,0.,1.));
#1971=DIRECTION('ref_axis',(0.,-1.,0.));
#1972=DIRECTION('',(0.,-1.,0.));
#1973=DIRECTION('',(0.,-1.,0.));
#1974=DIRECTION('center_axis',(1.,0.,0.));
#1975=DIRECTION('ref_axis',(0.,0.,-1.));
#1976=DIRECTION('center_axis',(1.,0.,0.));
#1977=DIRECTION('ref_axis',(0.,-1.,0.));
#1978=DIRECTION('center_axis',(0.,0.,1.));
#1979=DIRECTION('ref_axis',(-1.,0.,0.));
#1980=DIRECTION('center_axis',(0.,0.,-1.));
#1981=DIRECTION('ref_axis',(-1.,0.,0.));
#1982=DIRECTION('',(0.,0.,-1.));
#1983=DIRECTION('center_axis',(0.,0.,-1.));
#1984=DIRECTION('ref_axis',(-1.,0.,0.));
#1985=DIRECTION('center_axis',(0.,0.,1.));
#1986=DIRECTION('ref_axis',(-1.,0.,0.));
#1987=DIRECTION('center_axis',(0.,0.,1.));
#1988=DIRECTION('ref_axis',(-1.,0.,0.));
#1989=DIRECTION('',(0.,0.,-1.));
#1990=DIRECTION('center_axis',(0.,0.,1.));
#1991=DIRECTION('ref_axis',(-1.,0.,0.));
#1992=DIRECTION('center_axis',(0.,0.,1.));
#1993=DIRECTION('ref_axis',(-1.,0.,0.));
#1994=DIRECTION('center_axis',(0.,0.,1.));
#1995=DIRECTION('ref_axis',(-1.,0.,0.));
#1996=DIRECTION('center_axis',(0.,0.,1.));
#1997=DIRECTION('ref_axis',(-1.,0.,0.));
#1998=DIRECTION('center_axis',(0.,0.,-1.));
#1999=DIRECTION('ref_axis',(-1.,0.,0.));
#2000=DIRECTION('',(0.,0.,-1.));
#2001=DIRECTION('center_axis',(0.,0.,-1.));
#2002=DIRECTION('ref_axis',(-1.,0.,0.));
#2003=DIRECTION('center_axis',(0.,0.,1.));
#2004=DIRECTION('ref_axis',(-1.,0.,0.));
#2005=DIRECTION('center_axis',(0.,0.,1.));
#2006=DIRECTION('ref_axis',(-1.,0.,0.));
#2007=DIRECTION('',(0.,0.,-1.));
#2008=DIRECTION('center_axis',(0.,0.,1.));
#2009=DIRECTION('ref_axis',(-1.,0.,0.));
#2010=DIRECTION('center_axis',(0.,0.,1.));
#2011=DIRECTION('ref_axis',(-1.,0.,0.));
#2012=DIRECTION('center_axis',(0.,0.,1.));
#2013=DIRECTION('ref_axis',(-1.,0.,0.));
#2014=DIRECTION('center_axis',(0.,0.,1.));
#2015=DIRECTION('ref_axis',(-1.,0.,0.));
#2016=DIRECTION('center_axis',(0.,0.,-1.));
#2017=DIRECTION('ref_axis',(-1.,0.,0.));
#2018=DIRECTION('',(0.,0.,-1.));
#2019=DIRECTION('center_axis',(0.,0.,-1.));
#2020=DIRECTION('ref_axis',(-1.,0.,0.));
#2021=DIRECTION('center_axis',(0.,0.,1.));
#2022=DIRECTION('ref_axis',(-1.,0.,0.));
#2023=DIRECTION('center_axis',(0.,0.,1.));
#2024=DIRECTION('ref_axis',(-1.,0.,0.));
#2025=DIRECTION('',(0.,0.,-1.));
#2026=DIRECTION('center_axis',(0.,0.,1.));
#2027=DIRECTION('ref_axis',(-1.,0.,0.));
#2028=DIRECTION('center_axis',(0.,0.,1.));
#2029=DIRECTION('ref_axis',(-1.,0.,0.));
#2030=DIRECTION('center_axis',(0.,0.,1.));
#2031=DIRECTION('ref_axis',(-1.,0.,0.));
#2032=DIRECTION('center_axis',(0.,0.,1.));
#2033=DIRECTION('ref_axis',(-1.,0.,0.));
#2034=DIRECTION('center_axis',(0.,0.,-1.));
#2035=DIRECTION('ref_axis',(-1.,0.,0.));
#2036=DIRECTION('',(0.,0.,-1.));
#2037=DIRECTION('center_axis',(0.,0.,-1.));
#2038=DIRECTION('ref_axis',(-1.,0.,0.));
#2039=DIRECTION('center_axis',(0.,0.,1.));
#2040=DIRECTION('ref_axis',(-1.,0.,0.));
#2041=DIRECTION('center_axis',(0.,0.,1.));
#2042=DIRECTION('ref_axis',(-1.,0.,0.));
#2043=DIRECTION('',(0.,0.,-1.));
#2044=DIRECTION('center_axis',(0.,0.,1.));
#2045=DIRECTION('ref_axis',(-1.,0.,0.));
#2046=DIRECTION('center_axis',(0.,0.,1.));
#2047=DIRECTION('ref_axis',(-1.,0.,0.));
#2048=DIRECTION('center_axis',(0.,0.,1.));
#2049=DIRECTION('ref_axis',(-1.,0.,0.));
#2050=CARTESIAN_POINT('',(0.,0.,0.));
#2051=CARTESIAN_POINT('Origin',(85.,-83.75,-11.49));
#2052=CARTESIAN_POINT('',(85.,-83.75,-11.49));
#2053=CARTESIAN_POINT('',(85.,-138.25,-11.49));
#2054=CARTESIAN_POINT('',(85.,-138.25,-11.49));
#2055=CARTESIAN_POINT('',(85.,-138.25,-13.49));
#2056=CARTESIAN_POINT('',(85.,-138.25,-11.49));
#2057=CARTESIAN_POINT('',(85.,-83.75,-13.49));
#2058=CARTESIAN_POINT('',(85.,-138.25,-13.49));
#2059=CARTESIAN_POINT('',(85.,-83.75,-11.49));
#2060=CARTESIAN_POINT('Origin',(225.25,-83.75,-11.49));
#2061=CARTESIAN_POINT('',(225.25,-83.75,-11.49));
#2062=CARTESIAN_POINT('',(85.,-83.75,-11.49));
#2063=CARTESIAN_POINT('',(225.25,-83.75,-13.49));
#2064=CARTESIAN_POINT('',(85.,-83.75,-13.49));
#2065=CARTESIAN_POINT('',(225.25,-83.75,-11.49));
#2066=CARTESIAN_POINT('Origin',(225.25,-138.25,-11.49));
#2067=CARTESIAN_POINT('',(225.25,-138.25,-11.49));
#2068=CARTESIAN_POINT('',(225.25,-83.75,-11.49));
#2069=CARTESIAN_POINT('',(225.25,-138.25,-13.49));
#2070=CARTESIAN_POINT('',(225.25,-83.75,-13.49));
#2071=CARTESIAN_POINT('',(225.25,-138.25,-11.49));
#2072=CARTESIAN_POINT('Origin',(85.,-138.25,-11.49));
#2073=CARTESIAN_POINT('',(225.25,-138.25,-11.49));
#2074=CARTESIAN_POINT('',(225.25,-138.25,-13.49));
#2075=CARTESIAN_POINT('Origin',(204.960523125342,-148.919772777911,-11.49));
#2076=CARTESIAN_POINT('',(204.960523125342,-148.919772777911,-11.49));
#2077=CARTESIAN_POINT('',(204.960523125342,-145.,-11.49));
#2078=CARTESIAN_POINT('',(204.960523125342,-145.,-11.49));
#2079=CARTESIAN_POINT('',(204.960523125342,-145.,-13.49));
#2080=CARTESIAN_POINT('',(204.960523125342,-145.,-11.49));
#2081=CARTESIAN_POINT('',(204.960523125342,-148.919772777911,-13.49));
#2082=CARTESIAN_POINT('',(204.960523125342,-145.,-13.49));
#2083=CARTESIAN_POINT('',(204.960523125342,-148.919772777911,-11.49));
#2084=CARTESIAN_POINT('Origin',(226.480494345699,-148.919772777911,-11.49));
#2085=CARTESIAN_POINT('',(226.480494345699,-148.919772777911,-11.49));
#2086=CARTESIAN_POINT('',(226.480494345699,-148.919772777911,-11.49));
#2087=CARTESIAN_POINT('',(226.480494345699,-148.919772777911,-13.49));
#2088=CARTESIAN_POINT('',(226.480494345699,-148.919772777911,-13.49));
#2089=CARTESIAN_POINT('',(226.480494345699,-148.919772777911,-11.49));
#2090=CARTESIAN_POINT('Origin',(226.480494345699,-144.571110434615,-11.49));
#2091=CARTESIAN_POINT('',(226.480494345699,-144.571110434615,-11.49));
#2092=CARTESIAN_POINT('',(226.480494345699,-144.571110434615,-11.49));
#2093=CARTESIAN_POINT('',(226.480494345699,-144.571110434615,-13.49));
#2094=CARTESIAN_POINT('',(226.480494345699,-144.571110434615,-13.49));
#2095=CARTESIAN_POINT('',(226.480494345699,-144.571110434615,-11.49));
#2096=CARTESIAN_POINT('Origin',(230.25,-144.571110434615,-11.49));
#2097=CARTESIAN_POINT('',(230.25,-144.571110434615,-11.49));
#2098=CARTESIAN_POINT('',(230.25,-144.571110434615,-11.49));
#2099=CARTESIAN_POINT('',(230.25,-144.571110434615,-13.49));
#2100=CARTESIAN_POINT('',(230.25,-144.571110434615,-13.49));
#2101=CARTESIAN_POINT('',(230.25,-144.571110434615,-11.49));
#2102=CARTESIAN_POINT('Origin',(230.25,-140.,-11.49));
#2103=CARTESIAN_POINT('',(230.25,-140.,-11.49));
#2104=CARTESIAN_POINT('',(230.25,-140.,-11.49));
#2105=CARTESIAN_POINT('',(230.25,-140.,-13.49));
#2106=CARTESIAN_POINT('',(230.25,-140.,-13.49));
#2107=CARTESIAN_POINT('',(230.25,-140.,-11.49));
#2108=CARTESIAN_POINT('Origin',(235.,-140.,-11.49));
#2109=CARTESIAN_POINT('',(235.,-140.,-11.49));
#2110=CARTESIAN_POINT('',(235.,-140.,-11.49));
#2111=CARTESIAN_POINT('',(235.,-140.,-13.49));
#2112=CARTESIAN_POINT('',(235.,-140.,-13.49));
#2113=CARTESIAN_POINT('',(235.,-140.,-11.49));
#2114=CARTESIAN_POINT('Origin',(235.,-95.0773325308111,-11.49));
#2115=CARTESIAN_POINT('',(235.,-95.0773325308111,-11.49));
#2116=CARTESIAN_POINT('',(235.,-95.0773325308111,-11.49));
#2117=CARTESIAN_POINT('',(235.,-95.0773325308111,-13.49));
#2118=CARTESIAN_POINT('',(235.,-95.0773325308111,-13.49));
#2119=CARTESIAN_POINT('',(235.,-95.0773325308111,-11.49));
#2120=CARTESIAN_POINT('Origin',(230.25,-95.0773325308111,-11.49));
#2121=CARTESIAN_POINT('',(230.25,-95.0773325308111,-11.49));
#2122=CARTESIAN_POINT('',(230.25,-95.0773325308111,-11.49));
#2123=CARTESIAN_POINT('',(230.25,-95.0773325308111,-13.49));
#2124=CARTESIAN_POINT('',(230.25,-95.0773325308111,-13.49));
#2125=CARTESIAN_POINT('',(230.25,-95.0773325308111,-11.49));
#2126=CARTESIAN_POINT('Origin',(230.25,-89.840500878225,-11.49));
#2127=CARTESIAN_POINT('',(230.25,-89.840500878225,-11.49));
#2128=CARTESIAN_POINT('',(230.25,-89.840500878225,-11.49));
#2129=CARTESIAN_POINT('',(230.25,-89.840500878225,-13.49));
#2130=CARTESIAN_POINT('',(230.25,-89.840500878225,-13.49));
#2131=CARTESIAN_POINT('',(230.25,-89.840500878225,-11.49));
#2132=CARTESIAN_POINT('Origin',(227.75,-89.840500878225,-11.49));
#2133=CARTESIAN_POINT('',(227.75,-89.840500878225,-11.49));
#2134=CARTESIAN_POINT('',(227.75,-89.840500878225,-11.49));
#2135=CARTESIAN_POINT('',(227.75,-89.840500878225,-13.49));
#2136=CARTESIAN_POINT('',(227.75,-89.840500878225,-13.49));
#2137=CARTESIAN_POINT('',(227.75,-89.840500878225,-11.49));
#2138=CARTESIAN_POINT('Origin',(227.75,-81.25,-11.49));
#2139=CARTESIAN_POINT('',(227.75,-81.25,-11.49));
#2140=CARTESIAN_POINT('',(227.75,-81.25,-11.49));
#2141=CARTESIAN_POINT('',(227.75,-81.25,-13.49));
#2142=CARTESIAN_POINT('',(227.75,-81.25,-13.49));
#2143=CARTESIAN_POINT('',(227.75,-81.25,-11.49));
#2144=CARTESIAN_POINT('Origin',(219.992526489471,-81.25,-11.49));
#2145=CARTESIAN_POINT('',(219.992526489471,-81.25,-11.49));
#2146=CARTESIAN_POINT('',(219.992526489471,-81.25,-11.49));
#2147=CARTESIAN_POINT('',(219.992526489471,-81.25,-13.49));
#2148=CARTESIAN_POINT('',(219.992526489471,-81.25,-13.49));
#2149=CARTESIAN_POINT('',(219.992526489471,-81.25,-11.49));
#2150=CARTESIAN_POINT('Origin',(219.992526489471,-74.6025471822427,-11.49));
#2151=CARTESIAN_POINT('',(219.992526489471,-74.6025471822427,-11.49));
#2152=CARTESIAN_POINT('',(219.992526489471,-74.6025471822427,-11.49));
#2153=CARTESIAN_POINT('',(219.992526489471,-74.6025471822427,-13.49));
#2154=CARTESIAN_POINT('',(219.992526489471,-74.6025471822427,-13.49));
#2155=CARTESIAN_POINT('',(219.992526489471,-74.6025471822427,-11.49));
#2156=CARTESIAN_POINT('Origin',(199.800397601406,-74.6025471822427,-11.49));
#2157=CARTESIAN_POINT('',(199.800397601406,-74.6025471822427,-11.49));
#2158=CARTESIAN_POINT('',(210.197158860032,-74.6025471822427,-11.49));
#2159=CARTESIAN_POINT('',(199.800397601406,-74.6025471822427,-13.49));
#2160=CARTESIAN_POINT('',(210.197158860032,-74.6025471822427,-13.49));
#2161=CARTESIAN_POINT('',(199.800397601406,-74.6025471822427,-11.49));
#2162=CARTESIAN_POINT('Origin',(199.800397601406,-70.,-11.49));
#2163=CARTESIAN_POINT('',(199.800397601406,-70.,-11.49));
#2164=CARTESIAN_POINT('',(199.800397601406,-70.,-11.49));
#2165=CARTESIAN_POINT('',(199.800397601406,-70.,-13.49));
#2166=CARTESIAN_POINT('',(199.800397601406,-70.,-13.49));
#2167=CARTESIAN_POINT('',(199.800397601406,-70.,-11.49));
#2168=CARTESIAN_POINT('Origin',(110.,-70.,-11.49));
#2169=CARTESIAN_POINT('',(110.,-70.,-11.49));
#2170=CARTESIAN_POINT('',(110.,-70.,-11.49));
#2171=CARTESIAN_POINT('',(110.,-70.,-13.49));
#2172=CARTESIAN_POINT('',(110.,-70.,-13.49));
#2173=CARTESIAN_POINT('',(110.,-70.,-11.49));
#2174=CARTESIAN_POINT('Origin',(110.,-74.6025471822427,-11.49));
#2175=CARTESIAN_POINT('',(110.,-74.6025471822427,-11.49));
#2176=CARTESIAN_POINT('',(110.,-74.6025471822427,-11.49));
#2177=CARTESIAN_POINT('',(110.,-74.6025471822427,-13.49));
#2178=CARTESIAN_POINT('',(110.,-74.6025471822427,-13.49));
#2179=CARTESIAN_POINT('',(110.,-74.6025471822427,-11.49));
#2180=CARTESIAN_POINT('Origin',(90.2958698311676,-74.6025471822427,-11.49));
#2181=CARTESIAN_POINT('',(90.2958698311676,-74.6025471822427,-11.49));
#2182=CARTESIAN_POINT('',(100.,-74.6025471822427,-11.49));
#2183=CARTESIAN_POINT('',(90.2958698311676,-74.6025471822427,-13.49));
#2184=CARTESIAN_POINT('',(100.,-74.6025471822427,-13.49));
#2185=CARTESIAN_POINT('',(90.2958698311676,-74.6025471822427,-11.49));
#2186=CARTESIAN_POINT('Origin',(90.2958698311676,-81.25,-11.49));
#2187=CARTESIAN_POINT('',(90.2958698311676,-81.25,-11.49));
#2188=CARTESIAN_POINT('',(90.2958698311676,-81.25,-11.49));
#2189=CARTESIAN_POINT('',(90.2958698311676,-81.25,-13.49));
#2190=CARTESIAN_POINT('',(90.2958698311676,-81.25,-13.49));
#2191=CARTESIAN_POINT('',(90.2958698311676,-81.25,-11.49));
#2192=CARTESIAN_POINT('Origin',(82.5,-81.25,-11.49));
#2193=CARTESIAN_POINT('',(82.5,-81.25,-11.49));
#2194=CARTESIAN_POINT('',(82.5,-81.25,-11.49));
#2195=CARTESIAN_POINT('',(82.5,-81.25,-13.49));
#2196=CARTESIAN_POINT('',(82.5,-81.25,-13.49));
#2197=CARTESIAN_POINT('',(82.5,-81.25,-11.49));
#2198=CARTESIAN_POINT('Origin',(82.5,-89.7766245759779,-11.49));
#2199=CARTESIAN_POINT('',(82.5,-89.7766245759779,-11.49));
#2200=CARTESIAN_POINT('',(82.5,-89.7766245759779,-11.49));
#2201=CARTESIAN_POINT('',(82.5,-89.7766245759779,-13.49));
#2202=CARTESIAN_POINT('',(82.5,-89.7766245759779,-13.49));
#2203=CARTESIAN_POINT('',(82.5,-89.7766245759779,-11.49));
#2204=CARTESIAN_POINT('Origin',(80.,-89.7766245759779,-11.49));
#2205=CARTESIAN_POINT('',(80.,-89.7766245759779,-11.49));
#2206=CARTESIAN_POINT('',(82.5,-89.7766245759779,-11.49));
#2207=CARTESIAN_POINT('',(80.,-89.7766245759779,-13.49));
#2208=CARTESIAN_POINT('',(82.5,-89.7766245759779,-13.49));
#2209=CARTESIAN_POINT('',(80.,-89.7766245759779,-11.49));
#2210=CARTESIAN_POINT('Origin',(80.,-95.,-11.49));
#2211=CARTESIAN_POINT('',(80.,-95.,-11.49));
#2212=CARTESIAN_POINT('',(80.,-89.7766245759779,-11.49));
#2213=CARTESIAN_POINT('',(80.,-95.,-13.49));
#2214=CARTESIAN_POINT('',(80.,-89.7766245759779,-13.49));
#2215=CARTESIAN_POINT('',(80.,-95.,-11.49));
#2216=CARTESIAN_POINT('Origin',(75.,-95.,-11.49));
#2217=CARTESIAN_POINT('',(75.,-95.,-11.49));
#2218=CARTESIAN_POINT('',(75.,-95.,-11.49));
#2219=CARTESIAN_POINT('',(75.,-95.,-13.49));
#2220=CARTESIAN_POINT('',(75.,-95.,-13.49));
#2221=CARTESIAN_POINT('',(75.,-95.,-11.49));
#2222=CARTESIAN_POINT('Origin',(75.,-140.,-11.49));
#2223=CARTESIAN_POINT('',(75.,-140.,-11.49));
#2224=CARTESIAN_POINT('',(75.,-140.,-11.49));
#2225=CARTESIAN_POINT('',(75.,-140.,-13.49));
#2226=CARTESIAN_POINT('',(75.,-140.,-13.49));
#2227=CARTESIAN_POINT('',(75.,-140.,-11.49));
#2228=CARTESIAN_POINT('Origin',(80.,-140.,-11.49));
#2229=CARTESIAN_POINT('',(80.,-140.,-11.49));
#2230=CARTESIAN_POINT('',(80.,-140.,-11.49));
#2231=CARTESIAN_POINT('',(80.,-140.,-13.49));
#2232=CARTESIAN_POINT('',(80.,-140.,-13.49));
#2233=CARTESIAN_POINT('',(80.,-140.,-11.49));
#2234=CARTESIAN_POINT('Origin',(80.,-144.571110434615,-11.49));
#2235=CARTESIAN_POINT('',(80.,-144.571110434615,-11.49));
#2236=CARTESIAN_POINT('',(80.,-144.571110434615,-11.49));
#2237=CARTESIAN_POINT('',(80.,-144.571110434615,-13.49));
#2238=CARTESIAN_POINT('',(80.,-144.571110434615,-13.49));
#2239=CARTESIAN_POINT('',(80.,-144.571110434615,-11.49));
#2240=CARTESIAN_POINT('Origin',(83.1299463863417,-144.571110434615,-11.49));
#2241=CARTESIAN_POINT('',(83.1299463863417,-144.571110434615,-11.49));
#2242=CARTESIAN_POINT('',(83.1299463863417,-144.571110434615,-11.49));
#2243=CARTESIAN_POINT('',(83.1299463863417,-144.571110434615,-13.49));
#2244=CARTESIAN_POINT('',(83.1299463863417,-144.571110434615,-13.49));
#2245=CARTESIAN_POINT('',(83.1299463863417,-144.571110434615,-11.49));
#2246=CARTESIAN_POINT('Origin',(83.1299463863417,-148.919772777911,-11.49));
#2247=CARTESIAN_POINT('',(83.1299463863417,-148.919772777911,-11.49));
#2248=CARTESIAN_POINT('',(83.1299463863417,-148.919772777911,-11.49));
#2249=CARTESIAN_POINT('',(83.1299463863417,-148.919772777911,-13.49));
#2250=CARTESIAN_POINT('',(83.1299463863417,-148.919772777911,-13.49));
#2251=CARTESIAN_POINT('',(83.1299463863417,-148.919772777911,-11.49));
#2252=CARTESIAN_POINT('Origin',(105.,-148.919772777911,-11.49));
#2253=CARTESIAN_POINT('',(105.,-148.919772777911,-11.49));
#2254=CARTESIAN_POINT('',(105.,-148.919772777911,-11.49));
#2255=CARTESIAN_POINT('',(105.,-148.919772777911,-13.49));
#2256=CARTESIAN_POINT('',(105.,-148.919772777911,-13.49));
#2257=CARTESIAN_POINT('',(105.,-148.919772777911,-11.49));
#2258=CARTESIAN_POINT('Origin',(105.,-145.,-11.49));
#2259=CARTESIAN_POINT('',(105.,-145.,-11.49));
#2260=CARTESIAN_POINT('',(105.,-148.919772777911,-11.49));
#2261=CARTESIAN_POINT('',(105.,-145.,-13.49));
#2262=CARTESIAN_POINT('',(105.,-148.919772777911,-13.49));
#2263=CARTESIAN_POINT('',(105.,-145.,-11.49));
#2264=CARTESIAN_POINT('Origin',(204.960523125342,-145.,-11.49));
#2265=CARTESIAN_POINT('',(105.,-145.,-11.49));
#2266=CARTESIAN_POINT('',(105.,-145.,-13.49));
#2267=CARTESIAN_POINT('Origin',(155.,-109.459886388955,-13.49));
#2268=CARTESIAN_POINT('Origin',(155.,-109.459886388955,-11.49));
#2269=CARTESIAN_POINT('Origin',(137.000002041459,-123.411151479858,-11.49));
#2270=CARTESIAN_POINT('',(137.000002041459,-121.521000515266,-13.49));
#2271=CARTESIAN_POINT('',(137.000002041459,-123.411151479858,-13.49));
#2272=CARTESIAN_POINT('',(137.000002041459,-130.830575739929,-13.49));
#2273=CARTESIAN_POINT('',(137.000002041459,-121.521000515266,-11.49));
#2274=CARTESIAN_POINT('',(137.000002041459,-121.521000515266,-11.49));
#2275=CARTESIAN_POINT('',(137.000002041459,-123.411151479858,-11.49));
#2276=CARTESIAN_POINT('',(137.000002041459,-103.580575739929,-11.49));
#2277=CARTESIAN_POINT('',(137.000002041459,-123.411151479858,-11.49));
#2278=CARTESIAN_POINT('Origin',(151.278819571544,-123.411151479858,-11.49));
#2279=CARTESIAN_POINT('',(151.278819571544,-123.411151479858,-13.49));
#2280=CARTESIAN_POINT('',(118.139409785772,-123.411151479858,-13.49));
#2281=CARTESIAN_POINT('',(151.278819571544,-123.411151479858,-11.49));
#2282=CARTESIAN_POINT('',(118.139409785772,-123.411151479858,-11.49));
#2283=CARTESIAN_POINT('',(151.278819571544,-123.411151479858,-11.49));
#2284=CARTESIAN_POINT('Origin',(151.278819571544,-121.521000515266,-11.49));
#2285=CARTESIAN_POINT('',(151.278819571544,-121.521000515266,-13.49));
#2286=CARTESIAN_POINT('',(151.278819571544,-129.885500257633,-13.49));
#2287=CARTESIAN_POINT('',(151.278819571544,-121.521000515266,-11.49));
#2288=CARTESIAN_POINT('',(151.278819571544,-102.635500257633,-11.49));
#2289=CARTESIAN_POINT('',(151.278819571544,-121.521000515266,-11.49));
#2290=CARTESIAN_POINT('Origin',(137.000002041459,-121.521000515266,-11.49));
#2291=CARTESIAN_POINT('',(111.00000102073,-121.521000515266,-13.49));
#2292=CARTESIAN_POINT('',(111.00000102073,-121.521000515266,-11.49));
#2293=CARTESIAN_POINT('Origin',(142.000002115965,-134.527039295435,-11.49));
#2294=CARTESIAN_POINT('',(142.000002115965,-124.000001847744,-13.49));
#2295=CARTESIAN_POINT('',(142.000002115965,-134.527039295435,-13.49));
#2296=CARTESIAN_POINT('',(142.000002115965,-136.388519647717,-13.49));
#2297=CARTESIAN_POINT('',(142.000002115965,-124.000001847744,-11.49));
#2298=CARTESIAN_POINT('',(142.000002115965,-124.000001847744,-11.49));
#2299=CARTESIAN_POINT('',(142.000002115965,-134.527039295435,-11.49));
#2300=CARTESIAN_POINT('',(142.000002115965,-109.138519647717,-11.49));
#2301=CARTESIAN_POINT('',(142.000002115965,-134.527039295435,-11.49));
#2302=CARTESIAN_POINT('Origin',(145.653370272163,-134.527039295435,-11.49));
#2303=CARTESIAN_POINT('',(145.653370272163,-134.527039295435,-13.49));
#2304=CARTESIAN_POINT('',(115.326685136081,-134.527039295435,-13.49));
#2305=CARTESIAN_POINT('',(145.653370272163,-134.527039295435,-11.49));
#2306=CARTESIAN_POINT('',(115.326685136081,-134.527039295435,-11.49));
#2307=CARTESIAN_POINT('',(145.653370272163,-134.527039295435,-11.49));
#2308=CARTESIAN_POINT('Origin',(145.653370272163,-124.000001847744,-11.49));
#2309=CARTESIAN_POINT('',(145.653370272163,-124.000001847744,-13.49));
#2310=CARTESIAN_POINT('',(145.653370272163,-131.125000923872,-13.49));
#2311=CARTESIAN_POINT('',(145.653370272163,-124.000001847744,-11.49));
#2312=CARTESIAN_POINT('',(145.653370272163,-103.875000923872,-11.49));
#2313=CARTESIAN_POINT('',(145.653370272163,-124.000001847744,-11.49));
#2314=CARTESIAN_POINT('Origin',(142.000002115965,-124.000001847744,-11.49));
#2315=CARTESIAN_POINT('',(113.500001057982,-124.000001847744,-13.49));
#2316=CARTESIAN_POINT('',(113.500001057982,-124.000001847744,-11.49));
#2317=CARTESIAN_POINT('Origin',(137.000002041459,-134.527039295435,-11.49));
#2318=CARTESIAN_POINT('',(137.000002041459,-124.000001847744,-13.49));
#2319=CARTESIAN_POINT('',(137.000002041459,-134.527039295435,-13.49));
#2320=CARTESIAN_POINT('',(137.000002041459,-136.388519647717,-13.49));
#2321=CARTESIAN_POINT('',(137.000002041459,-124.000001847744,-11.49));
#2322=CARTESIAN_POINT('',(137.000002041459,-124.000001847744,-11.49));
#2323=CARTESIAN_POINT('',(137.000002041459,-134.527039295435,-11.49));
#2324=CARTESIAN_POINT('',(137.000002041459,-109.138519647717,-11.49));
#2325=CARTESIAN_POINT('',(137.000002041459,-134.527039295435,-11.49));
#2326=CARTESIAN_POINT('Origin',(140.522960511128,-134.527039295435,-11.49));
#2327=CARTESIAN_POINT('',(140.522960511128,-134.527039295435,-13.49));
#2328=CARTESIAN_POINT('',(112.761480255564,-134.527039295435,-13.49));
#2329=CARTESIAN_POINT('',(140.522960511128,-134.527039295435,-11.49));
#2330=CARTESIAN_POINT('',(112.761480255564,-134.527039295435,-11.49));
#2331=CARTESIAN_POINT('',(140.522960511128,-134.527039295435,-11.49));
#2332=CARTESIAN_POINT('Origin',(140.522960511128,-124.000001847744,-11.49));
#2333=CARTESIAN_POINT('',(140.522960511128,-124.000001847744,-13.49));
#2334=CARTESIAN_POINT('',(140.522960511128,-131.125000923872,-13.49));
#2335=CARTESIAN_POINT('',(140.522960511128,-124.000001847744,-11.49));
#2336=CARTESIAN_POINT('',(140.522960511128,-103.875000923872,-11.49));
#2337=CARTESIAN_POINT('',(140.522960511128,-124.000001847744,-11.49));
#2338=CARTESIAN_POINT('Origin',(137.000002041459,-124.000001847744,-11.49));
#2339=CARTESIAN_POINT('',(111.00000102073,-124.000001847744,-13.49));
#2340=CARTESIAN_POINT('',(111.00000102073,-124.000001847744,-11.49));
#2341=CARTESIAN_POINT('Origin',(147.000002190471,-134.527039295435,-11.49));
#2342=CARTESIAN_POINT('',(147.000002190471,-124.000001847744,-13.49));
#2343=CARTESIAN_POINT('',(147.000002190471,-134.527039295435,-13.49));
#2344=CARTESIAN_POINT('',(147.000002190471,-136.388519647717,-13.49));
#2345=CARTESIAN_POINT('',(147.000002190471,-124.000001847744,-11.49));
#2346=CARTESIAN_POINT('',(147.000002190471,-124.000001847744,-11.49));
#2347=CARTESIAN_POINT('',(147.000002190471,-134.527039295435,-11.49));
#2348=CARTESIAN_POINT('',(147.000002190471,-109.138519647717,-11.49));
#2349=CARTESIAN_POINT('',(147.000002190471,-134.527039295435,-11.49));
#2350=CARTESIAN_POINT('Origin',(151.683851921099,-134.527039295435,-11.49));
#2351=CARTESIAN_POINT('',(151.683851921099,-134.527039295435,-13.49));
#2352=CARTESIAN_POINT('',(118.34192596055,-134.527039295435,-13.49));
#2353=CARTESIAN_POINT('',(151.683851921099,-134.527039295435,-11.49));
#2354=CARTESIAN_POINT('',(118.34192596055,-134.527039295435,-11.49));
#2355=CARTESIAN_POINT('',(151.683851921099,-134.527039295435,-11.49));
#2356=CARTESIAN_POINT('Origin',(151.683851921099,-124.000001847744,-11.49));
#2357=CARTESIAN_POINT('',(151.683851921099,-124.000001847744,-13.49));
#2358=CARTESIAN_POINT('',(151.683851921099,-131.125000923872,-13.49));
#2359=CARTESIAN_POINT('',(151.683851921099,-124.000001847744,-11.49));
#2360=CARTESIAN_POINT('',(151.683851921099,-103.875000923872,-11.49));
#2361=CARTESIAN_POINT('',(151.683851921099,-124.000001847744,-11.49));
#2362=CARTESIAN_POINT('Origin',(147.000002190471,-124.000001847744,-11.49));
#2363=CARTESIAN_POINT('',(116.000001095235,-124.000001847744,-13.49));
#2364=CARTESIAN_POINT('',(116.000001095235,-124.000001847744,-11.49));
#2365=CARTESIAN_POINT('Origin',(91.25,-132.,-3.49));
#2366=CARTESIAN_POINT('',(92.85,-132.,-3.49));
#2367=CARTESIAN_POINT('Origin',(91.25,-132.,-3.49));
#2368=CARTESIAN_POINT('Origin',(219.,-132.25,-3.49));
#2369=CARTESIAN_POINT('',(220.6,-132.25,-3.49));
#2370=CARTESIAN_POINT('Origin',(219.,-132.25,-3.49));
#2371=CARTESIAN_POINT('Origin',(91.25,-89.5,-3.49));
#2372=CARTESIAN_POINT('',(92.85,-89.5,-3.49));
#2373=CARTESIAN_POINT('Origin',(91.25,-89.5,-3.49));
#2374=CARTESIAN_POINT('Origin',(219.,-90.,-3.49));
#2375=CARTESIAN_POINT('',(220.6,-90.,-3.49));
#2376=CARTESIAN_POINT('Origin',(219.,-90.,-3.49));
#2377=CARTESIAN_POINT('Origin',(91.25,-132.,1.51));
#2378=CARTESIAN_POINT('',(92.85,-132.,-11.49));
#2379=CARTESIAN_POINT('Origin',(91.25,-132.,-11.49));
#2380=CARTESIAN_POINT('',(92.85,-132.,1.51));
#2381=CARTESIAN_POINT('Origin',(219.,-132.25,1.51));
#2382=CARTESIAN_POINT('',(220.6,-132.25,-11.49));
#2383=CARTESIAN_POINT('Origin',(219.,-132.25,-11.49));
#2384=CARTESIAN_POINT('',(220.6,-132.25,1.51));
#2385=CARTESIAN_POINT('Origin',(219.,-90.,1.51));
#2386=CARTESIAN_POINT('',(220.6,-90.,-11.49));
#2387=CARTESIAN_POINT('Origin',(219.,-90.,-11.49));
#2388=CARTESIAN_POINT('',(220.6,-90.,1.51));
#2389=CARTESIAN_POINT('Origin',(91.25,-89.5,1.51));
#2390=CARTESIAN_POINT('',(92.85,-89.5,-11.49));
#2391=CARTESIAN_POINT('Origin',(91.25,-89.5,-11.49));
#2392=CARTESIAN_POINT('',(92.85,-89.5,1.51));
#2393=CARTESIAN_POINT('Origin',(85.,-83.75,-13.49));
#2394=CARTESIAN_POINT('',(85.,-83.75,-11.49));
#2395=CARTESIAN_POINT('',(85.,-83.75,-13.49));
#2396=CARTESIAN_POINT('',(85.,-83.75,-11.49));
#2397=CARTESIAN_POINT('',(225.25,-83.75,-11.49));
#2398=CARTESIAN_POINT('',(85.,-83.75,-11.49));
#2399=CARTESIAN_POINT('',(225.25,-83.75,-13.49));
#2400=CARTESIAN_POINT('',(225.25,-83.75,-11.49));
#2401=CARTESIAN_POINT('',(85.,-83.75,-13.49));
#2402=CARTESIAN_POINT('Origin',(85.,-138.25,-13.49));
#2403=CARTESIAN_POINT('',(85.,-138.25,-13.49));
#2404=CARTESIAN_POINT('',(85.,-138.25,-13.49));
#2405=CARTESIAN_POINT('',(225.25,-138.25,-13.49));
#2406=CARTESIAN_POINT('',(225.25,-138.25,-13.49));
#2407=CARTESIAN_POINT('',(85.,-138.25,-13.49));
#2408=CARTESIAN_POINT('Origin',(85.,-138.25,-11.49));
#2409=CARTESIAN_POINT('',(85.,-138.25,-11.49));
#2410=CARTESIAN_POINT('',(85.,-138.25,-11.49));
#2411=CARTESIAN_POINT('',(225.25,-138.25,-11.49));
#2412=CARTESIAN_POINT('',(225.25,-138.25,-11.49));
#2413=CARTESIAN_POINT('',(85.,-138.25,-11.49));
#2414=CARTESIAN_POINT('Origin',(85.,-83.75,-11.49));
#2415=CARTESIAN_POINT('',(85.,-138.25,-11.49));
#2416=CARTESIAN_POINT('',(225.25,-138.25,-11.49));
#2417=CARTESIAN_POINT('Origin',(225.25,-83.75,-11.49));
#2418=CARTESIAN_POINT('Origin',(85.,-83.75,-11.49));
#2419=CARTESIAN_POINT('Origin',(91.25,-132.,-11.49));
#2420=CARTESIAN_POINT('',(92.85,-132.,1.51));
#2421=CARTESIAN_POINT('Origin',(91.25,-132.,1.51));
#2422=CARTESIAN_POINT('',(92.85,-132.,-11.49));
#2423=CARTESIAN_POINT('',(92.85,-132.,-11.49));
#2424=CARTESIAN_POINT('Origin',(91.25,-132.,-11.49));
#2425=CARTESIAN_POINT('Origin',(91.25,-132.,-11.49));
#2426=CARTESIAN_POINT('',(94.25,-132.,1.51));
#2427=CARTESIAN_POINT('Origin',(91.25,-132.,1.51));
#2428=CARTESIAN_POINT('',(94.25,-132.,-11.49));
#2429=CARTESIAN_POINT('',(94.25,-132.,-11.49));
#2430=CARTESIAN_POINT('Origin',(91.25,-132.,-11.49));
#2431=CARTESIAN_POINT('Origin',(91.25,-132.,1.51));
#2432=CARTESIAN_POINT('Origin',(91.25,-132.,-11.49));
#2433=CARTESIAN_POINT('Origin',(219.,-132.25,-11.49));
#2434=CARTESIAN_POINT('',(220.6,-132.25,1.51));
#2435=CARTESIAN_POINT('Origin',(219.,-132.25,1.51));
#2436=CARTESIAN_POINT('',(220.6,-132.25,-11.49));
#2437=CARTESIAN_POINT('',(220.6,-132.25,-11.49));
#2438=CARTESIAN_POINT('Origin',(219.,-132.25,-11.49));
#2439=CARTESIAN_POINT('Origin',(219.,-132.25,-11.49));
#2440=CARTESIAN_POINT('',(222.,-132.25,1.51));
#2441=CARTESIAN_POINT('Origin',(219.,-132.25,1.51));
#2442=CARTESIAN_POINT('',(222.,-132.25,-11.49));
#2443=CARTESIAN_POINT('',(222.,-132.25,-11.49));
#2444=CARTESIAN_POINT('Origin',(219.,-132.25,-11.49));
#2445=CARTESIAN_POINT('Origin',(219.,-132.25,1.51));
#2446=CARTESIAN_POINT('Origin',(219.,-132.25,-11.49));
#2447=CARTESIAN_POINT('Origin',(91.25,-89.5,-11.49));
#2448=CARTESIAN_POINT('',(92.85,-89.5,1.51));
#2449=CARTESIAN_POINT('Origin',(91.25,-89.5,1.51));
#2450=CARTESIAN_POINT('',(92.85,-89.5,-11.49));
#2451=CARTESIAN_POINT('',(92.85,-89.5,-11.49));
#2452=CARTESIAN_POINT('Origin',(91.25,-89.5,-11.49));
#2453=CARTESIAN_POINT('Origin',(91.25,-89.5,-11.49));
#2454=CARTESIAN_POINT('',(94.25,-89.5,1.51));
#2455=CARTESIAN_POINT('Origin',(91.25,-89.5,1.51));
#2456=CARTESIAN_POINT('',(94.25,-89.5,-11.49));
#2457=CARTESIAN_POINT('',(94.25,-89.5,-11.49));
#2458=CARTESIAN_POINT('Origin',(91.25,-89.5,-11.49));
#2459=CARTESIAN_POINT('Origin',(91.25,-89.5,1.51));
#2460=CARTESIAN_POINT('Origin',(91.25,-89.5,-11.49));
#2461=CARTESIAN_POINT('Origin',(219.,-90.,-11.49));
#2462=CARTESIAN_POINT('',(220.6,-90.,1.51));
#2463=CARTESIAN_POINT('Origin',(219.,-90.,1.51));
#2464=CARTESIAN_POINT('',(220.6,-90.,-11.49));
#2465=CARTESIAN_POINT('',(220.6,-90.,-11.49));
#2466=CARTESIAN_POINT('Origin',(219.,-90.,-11.49));
#2467=CARTESIAN_POINT('Origin',(219.,-90.,-11.49));
#2468=CARTESIAN_POINT('',(222.,-90.,1.51));
#2469=CARTESIAN_POINT('Origin',(219.,-90.,1.51));
#2470=CARTESIAN_POINT('',(222.,-90.,-11.49));
#2471=CARTESIAN_POINT('',(222.,-90.,-11.49));
#2472=CARTESIAN_POINT('Origin',(219.,-90.,-11.49));
#2473=CARTESIAN_POINT('Origin',(219.,-90.,1.51));
#2474=CARTESIAN_POINT('Origin',(219.,-90.,-11.49));
#2475=UNCERTAINTY_MEASURE_WITH_UNIT(LENGTH_MEASURE(0.01),#2479,
'DISTANCE_ACCURACY_VALUE',
'Maximum model space distance between geometric entities at asserted c
onnectivities');
#2476=UNCERTAINTY_MEASURE_WITH_UNIT(LENGTH_MEASURE(0.01),#2479,
'DISTANCE_ACCURACY_VALUE',
'Maximum model space distance between geometric entities at asserted c
onnectivities');
#2477=(
GEOMETRIC_REPRESENTATION_CONTEXT(3)
GLOBAL_UNCERTAINTY_ASSIGNED_CONTEXT((#2475))
GLOBAL_UNIT_ASSIGNED_CONTEXT((#2479,#2480,#2481))
REPRESENTATION_CONTEXT('','3D')
);
#2478=(
GEOMETRIC_REPRESENTATION_CONTEXT(3)
GLOBAL_UNCERTAINTY_ASSIGNED_CONTEXT((#2476))
GLOBAL_UNIT_ASSIGNED_CONTEXT((#2479,#2480,#2481))
REPRESENTATION_CONTEXT('','3D')
);
#2479=(
LENGTH_UNIT()
NAMED_UNIT(*)
SI_UNIT(.MILLI.,.METRE.)
);
#2480=(
NAMED_UNIT(*)
PLANE_ANGLE_UNIT()
SI_UNIT($,.RADIAN.)
);
#2481=(
NAMED_UNIT(*)
SI_UNIT($,.STERADIAN.)
SOLID_ANGLE_UNIT()
);
#2482=SHAPE_DEFINITION_REPRESENTATION(#2483,#2484);
#2483=PRODUCT_DEFINITION_SHAPE('',$,#2486);
#2484=SHAPE_REPRESENTATION('',(#1543),#2477);
#2485=PRODUCT_DEFINITION_CONTEXT('part definition',#2490,'design');
#2486=PRODUCT_DEFINITION('F1 Blare PCB 1','F1 Blare PCB_Handel',#2487,#2485);
#2487=PRODUCT_DEFINITION_FORMATION('',$,#2492);
#2488=PRODUCT_RELATED_PRODUCT_CATEGORY('F1 Blare PCB_Handel',
'F1 Blare PCB_Handel',(#2492));
#2489=APPLICATION_PROTOCOL_DEFINITION('international standard',
'automotive_design',2009,#2490);
#2490=APPLICATION_CONTEXT(
'Core Data for Automotive Mechanical Design Process');
#2491=PRODUCT_CONTEXT('part definition',#2490,'mechanical');
#2492=PRODUCT('F1 Blare PCB 1','F1 Blare PCB_Handel',
'KiCad electronic assembly',(#2491));
#2493=PRESENTATION_STYLE_ASSIGNMENT((#2494));
#2494=SURFACE_STYLE_USAGE(.BOTH.,#2495);
#2495=SURFACE_SIDE_STYLE('',(#2496));
#2496=SURFACE_STYLE_FILL_AREA(#2497);
#2497=FILL_AREA_STYLE('Steel - Satin',(#2498));
#2498=FILL_AREA_STYLE_COLOUR('Steel - Satin',#2499);
#2499=COLOUR_RGB('Steel - Satin',0.627450980392157,0.627450980392157,0.627450980392157);
ENDSEC;
END-ISO-10303-21;
