ISO-10303-21;
HEADER;
/* Generated by software containing ST-Developer
 * from STEP Tools, Inc. (www.steptools.com) 
 */

FILE_DESCRIPTION(
/* description */ ('KiCad electronic assembly'),
/* implementation_level */ '2;1');

FILE_NAME(
/* name */ 'F1 Blare PCB_Assembly.step',
/* time_stamp */ '2026-09-10T09:34:59+05:30',
/* author */ (''),
/* organization */ (''),
/* preprocessor_version */ 'ST-DEVELOPER v20.2',
/* originating_system */ 'Autodesk Translation Framework v15.15.0.0',
/* authorisation */ '');

FILE_SCHEMA (('AUTOMOTIVE_DESIGN { 1 0 10303 214 3 1 1 }'));
ENDSEC;

DATA;
#10=MECHANICAL_DESIGN_GEOMETRIC_PRESENTATION_REPRESENTATION('',(#52,#53,
#54,#55,#56),#6848);
#11=SHAPE_REPRESENTATION_RELATIONSHIP('SRR','None',#6854,#12);
#12=ADVANCED_BREP_SHAPE_REPRESENTATION('',(#57,#58,#59,#60,#61),#6847);
#13=(
BOUNDED_CURVE()
B_SPLINE_CURVE(5,(#5878,#5879,#5880,#5881,#5882,#5883,#5884,#5885,#5886,
#5887,#5888,#5889,#5890,#5891,#5892,#5893,#5894,#5895,#5896,#5897,#5898,
#5899,#5900,#5901,#5902,#5903,#5904,#5905,#5906,#5907,#5908,#5909,#5910,
#5911,#5912,#5913,#5914,#5915,#5916,#5917),.UNSPECIFIED.,.F.,.F.)
B_SPLINE_CURVE_WITH_KNOTS((6,1,1,1,1,1,1,1,1,1,1,1,1,1,1,1,1,1,1,1,1,1,
1,1,1,1,1,1,1,1,1,1,1,1,1,6),(-1.,-0.971428571428572,-0.942857142857143,
-0.914285714285714,-0.885714285714286,-0.857142857142857,-0.828571428571429,
-0.8,-0.771428571428572,-0.742857142857143,-0.714285714285714,-0.685714285714286,
-0.657142857142857,-0.628571428571429,-0.6,-0.571428571428572,-0.542857142857143,
-0.514285714285714,-0.485714285714286,-0.457142857142857,-0.428571428571429,
-0.4,-0.371428571428571,-0.342857142857143,-0.314285714285714,-0.285714285714286,
-0.257142857142857,-0.228571428571429,-0.2,-0.171428571428571,-0.142857142857143,
-0.114285714285714,-0.0857142857142857,-0.0571428571428571,-0.0285714285714286,
0.),.UNSPECIFIED.)
CURVE()
GEOMETRIC_REPRESENTATION_ITEM()
RATIONAL_B_SPLINE_CURVE((1.,1.,1.,1.,1.,1.,1.,1.,1.,1.,1.,1.,1.,1.,1.,1.,
1.,1.,1.,1.,1.,1.,1.,1.,1.,1.,1.,1.,1.,1.,1.,1.,1.,1.,1.,1.,1.,1.,1.,1.))
REPRESENTATION_ITEM('')
);
#14=(
BOUNDED_CURVE()
B_SPLINE_CURVE(5,(#6793,#6794,#6795,#6796,#6797,#6798,#6799,#6800,#6801,
#6802,#6803,#6804,#6805,#6806,#6807,#6808,#6809,#6810,#6811,#6812,#6813,
#6814,#6815,#6816,#6817,#6818,#6819,#6820,#6821,#6822,#6823,#6824,#6825,
#6826,#6827,#6828,#6829,#6830,#6831,#6832),.UNSPECIFIED.,.F.,.F.)
B_SPLINE_CURVE_WITH_KNOTS((6,1,1,1,1,1,1,1,1,1,1,1,1,1,1,1,1,1,1,1,1,1,
1,1,1,1,1,1,1,1,1,1,1,1,1,6),(-1.,-0.971428571428572,-0.942857142857143,
-0.914285714285714,-0.885714285714286,-0.857142857142857,-0.828571428571429,
-0.8,-0.771428571428572,-0.742857142857143,-0.714285714285714,-0.685714285714286,
-0.657142857142857,-0.628571428571429,-0.6,-0.571428571428572,-0.542857142857143,
-0.514285714285714,-0.485714285714286,-0.457142857142857,-0.428571428571429,
-0.4,-0.371428571428571,-0.342857142857143,-0.314285714285714,-0.285714285714286,
-0.257142857142857,-0.228571428571429,-0.2,-0.171428571428571,-0.142857142857143,
-0.114285714285714,-0.0857142857142857,-0.0571428571428571,-0.0285714285714286,
0.),.UNSPECIFIED.)
CURVE()
GEOMETRIC_REPRESENTATION_ITEM()
RATIONAL_B_SPLINE_CURVE((1.,1.,1.,1.,1.,1.,1.,1.,1.,1.,1.,1.,1.,1.,1.,1.,
1.,1.,1.,1.,1.,1.,1.,1.,1.,1.,1.,1.,1.,1.,1.,1.,1.,1.,1.,1.,1.,1.,1.,1.))
REPRESENTATION_ITEM('')
);
#15=B_SPLINE_CURVE_WITH_KNOTS('',3,(#5164,#5165,#5166,#5167,#5168,#5169,
#5170,#5171,#5172,#5173,#5174,#5175,#5176,#5177,#5178,#5179,#5180,#5181,
#5182,#5183,#5184,#5185,#5186,#5187,#5188,#5189,#5190,#5191,#5192,#5193,
#5194,#5195,#5196,#5197,#5198,#5199,#5200,#5201,#5202,#5203,#5204,#5205,
#5206,#5207,#5208,#5209,#5210,#5211,#5212,#5213,#5214,#5215,#5216,#5217,
#5218,#5219,#5220,#5221,#5222,#5223,#5224,#5225,#5226,#5227,#5228,#5229,
#5230,#5231,#5232,#5233,#5234,#5235,#5236,#5237,#5238,#5239,#5240,#5241,
#5242,#5243,#5244,#5245,#5246,#5247,#5248,#5249,#5250,#5251,#5252,#5253,
#5254,#5255,#5256,#5257,#5258,#5259,#5260,#5261,#5262,#5263,#5264,#5265,
#5266,#5267,#5268,#5269,#5270,#5271,#5272,#5273,#5274,#5275,#5276,#5277,
#5278,#5279,#5280,#5281,#5282,#5283,#5284,#5285,#5286,#5287,#5288,#5289,
#5290,#5291,#5292,#5293,#5294,#5295,#5296,#5297,#5298,#5299,#5300,#5301,
#5302,#5303,#5304,#5305,#5306,#5307,#5308,#5309,#5310,#5311,#5312,#5313,
#5314,#5315,#5316,#5317,#5318,#5319,#5320,#5321,#5322,#5323,#5324,#5325,
#5326,#5327,#5328,#5329,#5330,#5331,#5332,#5333,#5334,#5335,#5336,#5337,
#5338,#5339,#5340,#5341,#5342,#5343,#5344,#5345,#5346,#5347,#5348,#5349,
#5350,#5351,#5352,#5353,#5354,#5355,#5356,#5357,#5358,#5359,#5360,#5361,
#5362,#5363,#5364,#5365,#5366,#5367,#5368,#5369,#5370,#5371,#5372,#5373,
#5374,#5375,#5376,#5377,#5378,#5379,#5380,#5381,#5382,#5383,#5384,#5385,
#5386,#5387,#5388,#5389,#5390,#5391,#5392,#5393,#5394,#5395,#5396,#5397,
#5398,#5399,#5400,#5401,#5402,#5403,#5404,#5405,#5406,#5407,#5408,#5409,
#5410,#5411,#5412,#5413,#5414,#5415,#5416,#5417,#5418,#5419,#5420,#5421,
#5422,#5423,#5424,#5425,#5426,#5427,#5428,#5429,#5430,#5431,#5432,#5433,
#5434,#5435,#5436,#5437,#5438,#5439,#5440,#5441,#5442,#5443,#5444,#5445,
#5446,#5447,#5448,#5449,#5450,#5451,#5452,#5453,#5454,#5455,#5456,#5457,
#5458,#5459,#5460,#5461,#5462,#5463,#5464,#5465,#5466,#5467,#5468,#5469,
#5470,#5471,#5472,#5473,#5474,#5475,#5476,#5477,#5478,#5479,#5480,#5481,
#5482,#5483,#5484,#5485,#5486,#5487,#5488,#5489,#5490,#5491,#5492,#5493,
#5494,#5495,#5496,#5497,#5498,#5499,#5500,#5501,#5502,#5503,#5504,#5505,
#5506,#5507,#5508,#5509,#5510,#5511,#5512,#5513,#5514,#5515,#5516,#5517,
#5518,#5519,#5520,#5521,#5522,#5523,#5524,#5525,#5526,#5527,#5528,#5529,
#5530,#5531,#5532,#5533,#5534,#5535,#5536,#5537,#5538,#5539,#5540,#5541,
#5542,#5543,#5544,#5545,#5546,#5547,#5548,#5549,#5550,#5551,#5552,#5553,
#5554,#5555,#5556,#5557,#5558,#5559,#5560,#5561,#5562,#5563,#5564,#5565,
#5566,#5567,#5568,#5569,#5570,#5571,#5572,#5573,#5574,#5575,#5576,#5577,
#5578,#5579,#5580,#5581,#5582,#5583,#5584,#5585,#5586,#5587,#5588,#5589,
#5590,#5591,#5592,#5593,#5594,#5595,#5596,#5597,#5598,#5599,#5600,#5601,
#5602,#5603,#5604,#5605,#5606,#5607,#5608,#5609,#5610,#5611,#5612,#5613,
#5614,#5615,#5616,#5617,#5618,#5619,#5620,#5621,#5622,#5623,#5624,#5625,
#5626,#5627,#5628,#5629,#5630,#5631,#5632,#5633,#5634,#5635,#5636,#5637,
#5638,#5639,#5640,#5641,#5642,#5643,#5644,#5645,#5646,#5647,#5648,#5649,
#5650,#5651,#5652,#5653,#5654,#5655,#5656,#5657,#5658,#5659,#5660,#5661,
#5662,#5663,#5664,#5665,#5666,#5667,#5668,#5669,#5670,#5671,#5672,#5673,
#5674,#5675,#5676,#5677,#5678,#5679,#5680,#5681,#5682,#5683,#5684,#5685,
#5686,#5687,#5688,#5689,#5690,#5691,#5692,#5693,#5694,#5695,#5696,#5697,
#5698,#5699,#5700,#5701,#5702,#5703,#5704,#5705,#5706,#5707,#5708,#5709,
#5710,#5711,#5712,#5713,#5714,#5715,#5716,#5717,#5718,#5719,#5720,#5721,
#5722,#5723,#5724,#5725,#5726,#5727,#5728,#5729,#5730,#5731,#5732,#5733,
#5734,#5735,#5736,#5737,#5738,#5739,#5740,#5741,#5742,#5743,#5744,#5745,
#5746,#5747,#5748,#5749,#5750,#5751,#5752,#5753,#5754,#5755,#5756,#5757,
#5758,#5759,#5760,#5761,#5762,#5763,#5764,#5765,#5766,#5767,#5768,#5769,
#5770,#5771,#5772,#5773,#5774,#5775,#5776,#5777,#5778,#5779,#5780,#5781,
#5782,#5783,#5784,#5785,#5786,#5787,#5788,#5789,#5790,#5791,#5792,#5793,
#5794,#5795,#5796,#5797,#5798,#5799,#5800,#5801,#5802,#5803,#5804,#5805,
#5806,#5807,#5808,#5809,#5810,#5811,#5812,#5813,#5814,#5815,#5816,#5817,
#5818,#5819,#5820,#5821,#5822,#5823,#5824,#5825,#5826,#5827,#5828,#5829,
#5830,#5831,#5832,#5833,#5834,#5835,#5836,#5837,#5838,#5839,#5840,#5841,
#5842,#5843,#5844,#5845,#5846,#5847,#5848,#5849,#5850,#5851,#5852,#5853,
#5854,#5855,#5856,#5857,#5858,#5859,#5860,#5861,#5862,#5863,#5864,#5865,
#5866,#5867,#5868,#5869,#5870,#5871,#5872,#5873,#5874,#5875),
 .UNSPECIFIED.,.F.,.F.,(4,3,3,3,3,3,3,3,3,3,3,3,3,3,3,3,3,3,3,3,3,3,3,3,
3,3,3,3,3,3,3,3,3,3,3,3,3,3,3,3,3,3,3,3,3,3,3,3,3,3,3,3,3,3,3,3,3,3,3,3,
3,3,3,3,3,3,3,3,3,3,3,3,3,3,3,3,3,3,3,3,3,3,3,3,3,3,3,3,3,3,3,3,3,3,3,3,
3,3,3,3,3,3,3,3,3,3,3,3,3,3,3,3,3,3,3,3,3,3,3,3,3,3,3,3,3,3,3,3,3,3,3,3,
3,3,3,3,3,3,3,3,3,3,3,3,3,3,3,3,3,3,3,3,3,3,3,3,3,3,3,3,3,3,3,3,3,3,3,3,
3,3,3,3,3,3,3,3,3,3,3,3,3,3,3,3,3,3,3,3,3,3,3,3,3,3,3,3,3,3,3,3,3,3,3,3,
3,3,3,3,3,3,3,3,3,3,3,3,3,3,3,3,3,3,3,3,3,3,3,3,3,3,3,3,3,3,3,3,3,4),(-48.8041448568576,
-48.6748372796832,-48.5435938109036,-48.4102280297625,-48.2745179252227,
-48.136195121789,-47.9949293965458,-47.8503056552708,-47.7017882489003,
-47.5486627726428,-47.3899452160896,-47.2247026773055,-47.0512885132542,
-46.8589217988576,-46.643589363993,-46.3937841526131,-46.1498724164646,
-45.9496371087189,-45.7699389679182,-45.5911501438248,-45.428353773895,
-45.2727676041172,-45.1228041260783,-44.9774200996668,-44.8358810318342,
-44.6976437167589,-44.5616848936109,-44.4250333516857,-44.2873271526529,
-44.1485161877222,-44.0085458545807,-43.86735645291,-43.7248824697093,-43.581051728741,
-43.4357843710208,-43.288991623373,-43.1400576690086,-42.9865270107675,
-42.8272400050314,-42.6560754326101,-42.4732380797937,-42.2722154604722,
-42.0374241147573,-41.7846154463931,-41.5571250056875,-41.3424387744306,
-41.1375717359304,-40.9404844028137,-40.7497583264944,-40.5643702200484,
-40.3884661780665,-40.2276659325893,-40.0705266125401,-39.9239618357876,
-39.783657907856,-39.6482776075001,-39.5169303649841,-39.3889833456644,
-39.2639653308107,-39.1415128052063,-39.0210481047804,-38.8979103465415,
-38.7698436041211,-38.6354028261456,-38.4921343136041,-38.3340459034546,
-38.1406404654509,-37.9425754959768,-37.7849855854479,-37.6373879855048,
-37.4903669386864,-37.3439201928321,-37.1980455045789,-37.0527406393266,
-36.9080033712042,-36.7638314830355,-36.6202227663049,-36.477175021124,
-36.3346860561977,-36.1927536887907,-36.0505637289166,-35.9047386448795,
-35.7546480795477,-35.5994296879766,-35.4378413015301,-35.2679601379553,
-35.086472274164,-34.8866962299029,-34.6701444870122,-34.4471271176653,
-34.2176222160975,-33.9824687814124,-33.7439720164415,-33.5057647725888,
-33.2745542883776,-33.0799352808457,-32.9050662032671,-32.7420866800595,
-32.5873883390197,-32.4389572451116,-32.2955242896235,-32.1562063694667,
-32.0181407379008,-31.8772081108232,-31.7325577903223,-31.583593854151,
-31.4295537351486,-31.2694636530404,-31.1021381532439,-30.926434523873,
-30.7424812588829,-30.5524653597496,-30.3613321241169,-30.1790030629462,
-30.007462892092,-29.8449811012889,-29.6897102440356,-29.5402527034374,
-29.3955909002912,-29.2537294397749,-29.1087401963033,-28.9586139151146,
-28.8020485335841,-28.6369851301931,-28.4597493922797,-28.2622474512654,
-27.9975740604896,-27.778843013142,-27.5813654786949,-27.4019565840244,
-27.2336040230522,-27.0731139028946,-26.9186692826719,-26.769103980579,
-26.6236095806966,-26.4813183841229,-26.3389408749976,-26.1953650079364,
-26.0505286797933,-25.9043637100508,-25.7567949483399,-25.6077392043787,
-25.4571039551764,-25.3047857702532,-25.1506683762758,-24.991868534081,
-24.8193916009907,-24.6168044705517,-24.3554614904708,-24.1651844475765,
-23.9957910228091,-23.8399199874561,-23.6925753854147,-23.5451323988905,
-23.3940944279786,-23.2388693125887,-23.0786590455843,-22.9123368128187,
-22.733119873861,-22.54102928527,-22.329678939057,-22.1111824798951,-21.8971178608251,
-21.6870034081755,-21.4804382458791,-21.2770902227813,-21.0766800294248,
-20.8772585684662,-20.6710426838189,-20.4540657745741,-20.2219856547978,
-19.9659169478975,-19.6579952436378,-19.3373245901963,-19.0345532357656,
-18.7371383414568,-18.4443705548715,-18.1722546381351,-17.9206350207953,
-17.6943286814881,-17.4829605534069,-17.2820002103596,-17.0889438835986,
-16.9022136967147,-16.7202869335348,-16.5372341085232,-16.3506847666718,
-16.160202010261,-15.965238399592,-15.7650904466668,-15.5588252016,-15.3451463305855,
-15.115379417897,-14.8372245347659,-14.5265420684659,-14.2918645709653,
-14.068554187044,-13.8636168134516,-13.6469978007414,-13.4276285064636,
-13.1986629154967,-12.9569527734523,-12.6967883800474,-12.4171998349954,
-12.1422302165495,-11.8736527086563,-11.6106799959895,-11.352683982642,
-11.0981402487782,-10.8389229887294,-10.5721061614752,-10.2961451066128,
-10.008808183508,-9.69603292777338,-9.38129061869188,-9.06025972278214,
-8.73211481153013,-8.39527651449671,-8.04011104043854,-7.65125192244275,
-7.18080353839531,-6.63429525541378,-6.21386364689032,-5.82549716895968,
-5.45913353548587,-5.0889187807828,-4.71233343199356,-4.32866495666504,
-3.93703129747633,-3.53631949442855,-3.12511688922608,-2.69461528691699,
-2.24907182780515,-1.7848092352429,-1.27926286507803,-0.736880395860954,
-0.0920537460157127,0.),.UNSPECIFIED.);
#16=B_SPLINE_CURVE_WITH_KNOTS('',3,(#5959,#5960,#5961,#5962,#5963,#5964,
#5965,#5966,#5967,#5968,#5969,#5970,#5971,#5972,#5973,#5974,#5975,#5976,
#5977,#5978,#5979,#5980,#5981,#5982,#5983,#5984,#5985,#5986,#5987,#5988,
#5989,#5990,#5991,#5992,#5993,#5994,#5995,#5996,#5997,#5998,#5999,#6000,
#6001,#6002,#6003,#6004,#6005,#6006,#6007,#6008,#6009,#6010,#6011,#6012,
#6013,#6014,#6015,#6016,#6017,#6018,#6019,#6020,#6021,#6022,#6023,#6024,
#6025,#6026,#6027,#6028,#6029,#6030,#6031,#6032,#6033,#6034,#6035,#6036,
#6037,#6038,#6039,#6040,#6041,#6042,#6043,#6044,#6045,#6046,#6047,#6048,
#6049,#6050,#6051,#6052,#6053,#6054,#6055,#6056,#6057,#6058,#6059,#6060,
#6061,#6062,#6063,#6064,#6065,#6066,#6067,#6068,#6069,#6070,#6071,#6072,
#6073,#6074,#6075,#6076,#6077,#6078,#6079,#6080,#6081,#6082,#6083,#6084,
#6085,#6086,#6087,#6088,#6089,#6090,#6091,#6092,#6093,#6094,#6095,#6096,
#6097,#6098,#6099,#6100,#6101,#6102,#6103,#6104,#6105,#6106,#6107,#6108,
#6109,#6110,#6111,#6112,#6113,#6114,#6115,#6116,#6117,#6118,#6119,#6120,
#6121,#6122,#6123,#6124,#6125,#6126,#6127,#6128,#6129,#6130,#6131,#6132,
#6133,#6134,#6135,#6136,#6137,#6138,#6139,#6140,#6141,#6142,#6143,#6144,
#6145,#6146,#6147,#6148,#6149,#6150,#6151,#6152,#6153,#6154,#6155,#6156,
#6157,#6158,#6159,#6160,#6161,#6162,#6163,#6164,#6165,#6166,#6167,#6168,
#6169,#6170,#6171,#6172,#6173,#6174,#6175,#6176,#6177,#6178,#6179,#6180,
#6181,#6182,#6183,#6184,#6185,#6186,#6187,#6188,#6189,#6190,#6191,#6192,
#6193,#6194,#6195,#6196,#6197,#6198,#6199,#6200,#6201,#6202,#6203,#6204,
#6205,#6206,#6207,#6208,#6209,#6210,#6211,#6212,#6213,#6214,#6215,#6216,
#6217,#6218,#6219,#6220,#6221,#6222,#6223,#6224,#6225,#6226,#6227,#6228,
#6229,#6230,#6231,#6232,#6233,#6234,#6235,#6236,#6237,#6238,#6239,#6240,
#6241,#6242,#6243,#6244,#6245,#6246,#6247,#6248,#6249,#6250,#6251,#6252,
#6253,#6254,#6255,#6256,#6257,#6258,#6259,#6260,#6261,#6262,#6263,#6264,
#6265,#6266,#6267,#6268,#6269,#6270,#6271,#6272,#6273,#6274,#6275,#6276,
#6277,#6278,#6279,#6280,#6281,#6282,#6283,#6284,#6285,#6286,#6287,#6288,
#6289,#6290,#6291,#6292,#6293,#6294,#6295,#6296,#6297,#6298,#6299,#6300,
#6301,#6302,#6303,#6304,#6305,#6306,#6307,#6308,#6309,#6310,#6311,#6312,
#6313,#6314,#6315,#6316,#6317,#6318,#6319,#6320,#6321,#6322,#6323,#6324,
#6325,#6326,#6327,#6328,#6329,#6330,#6331,#6332,#6333,#6334,#6335,#6336,
#6337,#6338,#6339,#6340,#6341,#6342,#6343,#6344,#6345,#6346,#6347,#6348,
#6349,#6350,#6351,#6352,#6353,#6354,#6355,#6356,#6357,#6358,#6359,#6360,
#6361,#6362,#6363,#6364,#6365,#6366,#6367,#6368,#6369,#6370,#6371,#6372,
#6373,#6374,#6375,#6376,#6377,#6378,#6379,#6380,#6381,#6382,#6383,#6384,
#6385,#6386,#6387,#6388,#6389,#6390,#6391,#6392,#6393,#6394,#6395,#6396,
#6397,#6398,#6399,#6400,#6401,#6402,#6403,#6404,#6405,#6406,#6407,#6408,
#6409,#6410,#6411,#6412,#6413,#6414,#6415,#6416,#6417,#6418,#6419,#6420,
#6421,#6422,#6423,#6424,#6425,#6426,#6427,#6428,#6429,#6430,#6431,#6432,
#6433,#6434,#6435,#6436,#6437,#6438,#6439,#6440,#6441,#6442,#6443,#6444,
#6445,#6446,#6447,#6448,#6449,#6450,#6451,#6452,#6453,#6454,#6455,#6456,
#6457,#6458,#6459,#6460,#6461,#6462,#6463,#6464,#6465,#6466,#6467,#6468,
#6469,#6470,#6471,#6472,#6473,#6474,#6475,#6476,#6477,#6478,#6479,#6480,
#6481,#6482,#6483,#6484,#6485,#6486,#6487,#6488,#6489,#6490,#6491,#6492,
#6493,#6494,#6495,#6496,#6497,#6498,#6499,#6500,#6501,#6502,#6503,#6504,
#6505,#6506,#6507,#6508,#6509,#6510,#6511,#6512,#6513,#6514,#6515,#6516,
#6517,#6518,#6519,#6520,#6521,#6522,#6523,#6524,#6525,#6526,#6527,#6528,
#6529,#6530,#6531,#6532,#6533,#6534,#6535,#6536,#6537,#6538,#6539,#6540,
#6541,#6542,#6543,#6544,#6545,#6546,#6547,#6548,#6549,#6550,#6551,#6552,
#6553,#6554,#6555,#6556,#6557,#6558,#6559,#6560,#6561,#6562,#6563,#6564,
#6565,#6566,#6567,#6568,#6569,#6570,#6571,#6572,#6573,#6574,#6575,#6576,
#6577,#6578,#6579,#6580,#6581,#6582,#6583,#6584,#6585,#6586,#6587,#6588,
#6589,#6590,#6591,#6592,#6593,#6594,#6595,#6596,#6597,#6598,#6599,#6600,
#6601,#6602,#6603,#6604,#6605,#6606,#6607,#6608,#6609,#6610,#6611,#6612,
#6613,#6614,#6615,#6616,#6617,#6618,#6619,#6620,#6621,#6622,#6623,#6624,
#6625,#6626,#6627,#6628,#6629,#6630,#6631,#6632,#6633,#6634,#6635,#6636,
#6637,#6638,#6639,#6640,#6641,#6642,#6643,#6644,#6645,#6646,#6647,#6648,
#6649,#6650,#6651,#6652,#6653,#6654,#6655,#6656,#6657,#6658,#6659,#6660,
#6661,#6662,#6663,#6664,#6665,#6666,#6667,#6668,#6669,#6670),
 .UNSPECIFIED.,.F.,.F.,(4,3,3,3,3,3,3,3,3,3,3,3,3,3,3,3,3,3,3,3,3,3,3,3,
3,3,3,3,3,3,3,3,3,3,3,3,3,3,3,3,3,3,3,3,3,3,3,3,3,3,3,3,3,3,3,3,3,3,3,3,
3,3,3,3,3,3,3,3,3,3,3,3,3,3,3,3,3,3,3,3,3,3,3,3,3,3,3,3,3,3,3,3,3,3,3,3,
3,3,3,3,3,3,3,3,3,3,3,3,3,3,3,3,3,3,3,3,3,3,3,3,3,3,3,3,3,3,3,3,3,3,3,3,
3,3,3,3,3,3,3,3,3,3,3,3,3,3,3,3,3,3,3,3,3,3,3,3,3,3,3,3,3,3,3,3,3,3,3,3,
3,3,3,3,3,3,3,3,3,3,3,3,3,3,3,3,3,3,3,3,3,3,3,3,3,3,3,3,3,3,3,3,3,3,3,3,
3,3,3,3,3,3,3,3,3,3,3,3,3,3,3,3,3,3,3,3,3,3,3,3,3,3,3,3,3,3,3,3,3,4),(-48.8041448568576,
-48.6748372796832,-48.5435938109037,-48.4102280297618,-48.2745179252231,
-48.1361951217904,-47.9949293965472,-47.850305655273,-47.7017882489021,
-47.5486627726443,-47.3899452161015,-47.2247026773175,-47.0512885132683,
-46.8589217988728,-46.6435893640106,-46.393784152635,-46.1498724164809,
-45.9496371087304,-45.769938967929,-45.5911501438355,-45.4283537739063,
-45.272767604128,-45.122804126088,-44.9774200996766,-44.835881031844,-44.697643716768,
-44.5616848936156,-44.4250333516899,-44.2873271526563,-44.148516187726,
-44.0085458545851,-43.8673564529145,-43.7248824697142,-43.5810517287462,
-43.4357843710261,-43.2889916233786,-43.1400576690117,-42.9865270107714,
-42.8272400050362,-42.6560754326154,-42.4732380797995,-42.272215460479,
-42.0374241147655,-41.7846154463797,-41.5571250056749,-41.3424387744184,
-41.1375717359185,-40.9404844028023,-40.7497583264834,-40.5643702200385,
-40.3884661780585,-40.2276659325817,-40.0705266125325,-39.9239618357806,
-39.7836579078479,-39.6482776074916,-39.5169303649754,-39.3889833456562,
-39.2639653308035,-39.1415128051993,-39.021048104774,-38.8979103465352,
-38.769843604115,-38.6354028261386,-38.4921343135965,-38.3340459034453,
-38.1406404654385,-37.9425754959687,-37.7849855854399,-37.6373879854968,
-37.4903669386784,-37.3439201928242,-37.198045504571,-37.0527406393187,
-36.9080033711964,-36.7638314830277,-36.6202227662971,-36.4771750211162,
-36.33468605619,-36.192753688783,-36.0505637289088,-35.9047386448713,-35.7546480795395,
-35.5994296879681,-35.4378413015211,-35.2679601379451,-35.0864722741529,
-34.8866962298882,-34.6701444869903,-34.4471271176429,-34.2176222160753,
-33.9824687813898,-33.7439720164185,-33.5057647725674,-33.2745542883579,
-33.0799352808293,-32.9050662032525,-32.7420866800454,-32.5873883390062,
-32.4389572450985,-32.2955242896108,-32.1562063694543,-32.0181407378898,
-31.877208110812,-31.732557790311,-31.5835938541394,-31.4295537351357,-31.2694636530279,
-31.1021381532311,-30.92643452386,-30.7424812588685,-30.5524653597382,-30.3613321241057,
-30.1790030629355,-30.007462892082,-29.8449811012794,-29.6897102440265,
-29.5402527034283,-29.3955909002825,-29.2537294397648,-29.1087401962926,
-28.9586139151038,-28.8020485335729,-28.6369851301808,-28.4597493922666,
-28.2622474512519,-27.9975740604655,-27.7788430131181,-27.5813654786755,
-27.4019565840056,-27.2336040230343,-27.073113902878,-26.9186692826564,
-26.7691039805642,-26.6236095806826,-26.4813183841093,-26.3389408749829,
-26.1953650079209,-26.0505286797771,-25.9043637100341,-25.7567949483223,
-25.6077392043614,-25.4571039551598,-25.3047857702367,-25.150668376258,
-24.9918685340627,-24.8193916009695,-24.6168044705264,-24.3554614904664,
-24.1651844475721,-23.9957910228048,-23.8399199874517,-23.6925753854106,
-23.5451323988866,-23.3940944279749,-23.2388693125849,-23.0786590455803,
-22.9123368128145,-22.7331198738566,-22.5410292852653,-22.3296789390493,
-22.1111824798826,-21.8971178608126,-21.6870034081628,-21.4804382458666,
-21.277090222769,-21.0766800294126,-20.8772585684506,-20.6710426838026,
-20.4540657745566,-20.221985654779,-19.9659169478771,-19.6579952436134,
-19.3373245901725,-19.0345532357422,-18.7371383414338,-18.4443705548488,
-18.1722546381127,-17.9206350207645,-17.6943286814592,-17.4829605533793,
-17.2820002103328,-17.0889438835727,-16.9022136966895,-16.7202869335097,
-16.5372341084981,-16.3506847666457,-16.1602020102344,-15.9652383995645,
-15.7650904466393,-15.5588252015712,-15.3451463305558,-15.1153794178668,
-14.8372245347228,-14.5265420684425,-14.2918645709449,-14.0685541870238,
-13.8636168134325,-13.6469978007226,-13.4276285064441,-13.1986629154763,
-12.9569527734304,-12.6967883800231,-12.4171998349687,-12.1422302165231,
-11.8736527086302,-11.6106799959649,-11.3526839826181,-11.0981402487542,
-10.8389229887051,-10.5721061614506,-10.2961451065882,-10.0088081834822,
-9.69603292774836,-9.38129061866522,-9.0602597227543,-8.73211481150107,
-8.39527651446784,-8.04011104040629,-7.65125192240618,-7.18080353834692,
-6.63429525541856,-6.21386364689212,-5.82549716896136,-5.45913353548852,
-5.0889187807867,-4.71233343199834,-4.32866495667643,-3.93703129749533,
-3.5363194944468,-3.12511688924334,-2.69461528693241,-2.24907182782054,
-1.78480923525969,-1.27926286509265,-0.736880395873946,-0.092053746018795,
0.),.UNSPECIFIED.);
#17=(
BOUNDED_SURFACE()
B_SPLINE_SURFACE(5,1,((#5083,#5084),(#5085,#5086),(#5087,#5088),(#5089,
#5090),(#5091,#5092),(#5093,#5094),(#5095,#5096),(#5097,#5098),(#5099,#5100),
(#5101,#5102),(#5103,#5104),(#5105,#5106),(#5107,#5108),(#5109,#5110),(#5111,
#5112),(#5113,#5114),(#5115,#5116),(#5117,#5118),(#5119,#5120),(#5121,#5122),
(#5123,#5124),(#5125,#5126),(#5127,#5128),(#5129,#5130),(#5131,#5132),(#5133,
#5134),(#5135,#5136),(#5137,#5138),(#5139,#5140),(#5141,#5142),(#5143,#5144),
(#5145,#5146),(#5147,#5148),(#5149,#5150),(#5151,#5152),(#5153,#5154),(#5155,
#5156),(#5157,#5158),(#5159,#5160),(#5161,#5162)),.UNSPECIFIED.,.F.,.F.,
 .F.)
B_SPLINE_SURFACE_WITH_KNOTS((6,1,1,1,1,1,1,1,1,1,1,1,1,1,1,1,1,1,1,1,1,
1,1,1,1,1,1,1,1,1,1,1,1,1,1,6),(2,2),(-1.,-0.971428571428572,-0.942857142857143,
-0.914285714285714,-0.885714285714286,-0.857142857142857,-0.828571428571429,
-0.8,-0.771428571428572,-0.742857142857143,-0.714285714285714,-0.685714285714286,
-0.657142857142857,-0.628571428571429,-0.6,-0.571428571428572,-0.542857142857143,
-0.514285714285714,-0.485714285714286,-0.457142857142857,-0.428571428571429,
-0.4,-0.371428571428571,-0.342857142857143,-0.314285714285714,-0.285714285714286,
-0.257142857142857,-0.228571428571429,-0.2,-0.171428571428571,-0.142857142857143,
-0.114285714285714,-0.0857142857142857,-0.0571428571428571,-0.0285714285714286,
0.),(0.,2.),.UNSPECIFIED.)
GEOMETRIC_REPRESENTATION_ITEM()
RATIONAL_B_SPLINE_SURFACE(((1.,1.),(1.,1.),(1.,1.),(1.,1.),(1.,1.),(1.,
1.),(1.,1.),(1.,1.),(1.,1.),(1.,1.),(1.,1.),(1.,1.),(1.,1.),(1.,1.),(1.,
1.),(1.,1.),(1.,1.),(1.,1.),(1.,1.),(1.,1.),(1.,1.),(1.,1.),(1.,1.),(1.,
1.),(1.,1.),(1.,1.),(1.,1.),(1.,1.),(1.,1.),(1.,1.),(1.,1.),(1.,1.),(1.,
1.),(1.,1.),(1.,1.),(1.,1.),(1.,1.),(1.,1.),(1.,1.),(1.,1.)))
REPRESENTATION_ITEM('')
SURFACE()
);
#18=(
BOUNDED_SURFACE()
B_SPLINE_SURFACE(5,1,((#6712,#6713),(#6714,#6715),(#6716,#6717),(#6718,
#6719),(#6720,#6721),(#6722,#6723),(#6724,#6725),(#6726,#6727),(#6728,#6729),
(#6730,#6731),(#6732,#6733),(#6734,#6735),(#6736,#6737),(#6738,#6739),(#6740,
#6741),(#6742,#6743),(#6744,#6745),(#6746,#6747),(#6748,#6749),(#6750,#6751),
(#6752,#6753),(#6754,#6755),(#6756,#6757),(#6758,#6759),(#6760,#6761),(#6762,
#6763),(#6764,#6765),(#6766,#6767),(#6768,#6769),(#6770,#6771),(#6772,#6773),
(#6774,#6775),(#6776,#6777),(#6778,#6779),(#6780,#6781),(#6782,#6783),(#6784,
#6785),(#6786,#6787),(#6788,#6789),(#6790,#6791)),.UNSPECIFIED.,.F.,.F.,
 .F.)
B_SPLINE_SURFACE_WITH_KNOTS((6,1,1,1,1,1,1,1,1,1,1,1,1,1,1,1,1,1,1,1,1,
1,1,1,1,1,1,1,1,1,1,1,1,1,1,6),(2,2),(-1.,-0.971428571428572,-0.942857142857143,
-0.914285714285714,-0.885714285714286,-0.857142857142857,-0.828571428571429,
-0.8,-0.771428571428572,-0.742857142857143,-0.714285714285714,-0.685714285714286,
-0.657142857142857,-0.628571428571429,-0.6,-0.571428571428572,-0.542857142857143,
-0.514285714285714,-0.485714285714286,-0.457142857142857,-0.428571428571429,
-0.4,-0.371428571428571,-0.342857142857143,-0.314285714285714,-0.285714285714286,
-0.257142857142857,-0.228571428571429,-0.2,-0.171428571428571,-0.142857142857143,
-0.114285714285714,-0.0857142857142857,-0.0571428571428571,-0.0285714285714286,
0.),(0.,2.),.UNSPECIFIED.)
GEOMETRIC_REPRESENTATION_ITEM()
RATIONAL_B_SPLINE_SURFACE(((1.,1.),(1.,1.),(1.,1.),(1.,1.),(1.,1.),(1.,
1.),(1.,1.),(1.,1.),(1.,1.),(1.,1.),(1.,1.),(1.,1.),(1.,1.),(1.,1.),(1.,
1.),(1.,1.),(1.,1.),(1.,1.),(1.,1.),(1.,1.),(1.,1.),(1.,1.),(1.,1.),(1.,
1.),(1.,1.),(1.,1.),(1.,1.),(1.,1.),(1.,1.),(1.,1.),(1.,1.),(1.,1.),(1.,
1.),(1.,1.),(1.,1.),(1.,1.),(1.,1.),(1.,1.),(1.,1.),(1.,1.)))
REPRESENTATION_ITEM('')
SURFACE()
);
#19=CIRCLE('',#3392,0.999999999999996);
#20=CIRCLE('',#3393,0.999999999999996);
#21=CIRCLE('',#3396,1.00000000000001);
#22=CIRCLE('',#3397,1.00000000000001);
#23=CIRCLE('',#3400,0.999999999999996);
#24=CIRCLE('',#3401,0.999999999999996);
#25=CIRCLE('',#3404,0.999999999999979);
#26=CIRCLE('',#3405,0.999999999999979);
#27=CIRCLE('',#3408,1.6);
#28=CIRCLE('',#3409,1.6);
#29=CIRCLE('',#3412,1.6);
#30=CIRCLE('',#3413,1.6);
#31=CIRCLE('',#3416,1.6);
#32=CIRCLE('',#3417,1.6);
#33=CIRCLE('',#3420,1.59999999999998);
#34=CIRCLE('',#3421,1.59999999999998);
#35=CIRCLE('',#3430,2.85422084646585);
#36=CIRCLE('',#3431,2.85422084646585);
#37=CIRCLE('',#3434,7.27642107721472);
#38=CIRCLE('',#3435,7.27642107721472);
#39=CIRCLE('',#3438,10.9933100107321);
#40=CIRCLE('',#3439,10.9933100107321);
#41=CYLINDRICAL_SURFACE('',#3391,0.999999999999996);
#42=CYLINDRICAL_SURFACE('',#3395,1.00000000000001);
#43=CYLINDRICAL_SURFACE('',#3399,0.999999999999996);
#44=CYLINDRICAL_SURFACE('',#3403,0.999999999999979);
#45=CYLINDRICAL_SURFACE('',#3407,1.6);
#46=CYLINDRICAL_SURFACE('',#3411,1.6);
#47=CYLINDRICAL_SURFACE('',#3415,1.6);
#48=CYLINDRICAL_SURFACE('',#3419,1.59999999999998);
#49=CYLINDRICAL_SURFACE('',#3429,2.85422084646585);
#50=CYLINDRICAL_SURFACE('',#3433,7.27642107721472);
#51=CYLINDRICAL_SURFACE('',#3437,10.9933100107321);
#52=STYLED_ITEM('',(#6863),#57);
#53=STYLED_ITEM('',(#6863),#58);
#54=STYLED_ITEM('',(#6863),#59);
#55=STYLED_ITEM('',(#6863),#60);
#56=STYLED_ITEM('',(#6863),#61);
#57=MANIFOLD_SOLID_BREP('Body1',#3272);
#58=MANIFOLD_SOLID_BREP('Body2',#3273);
#59=MANIFOLD_SOLID_BREP('Body3',#3274);
#60=MANIFOLD_SOLID_BREP('Body5',#3275);
#61=MANIFOLD_SOLID_BREP('Body8',#3276);
#62=FACE_BOUND('',#284,.T.);
#63=FACE_BOUND('',#285,.T.);
#64=FACE_BOUND('',#286,.T.);
#65=FACE_BOUND('',#287,.T.);
#66=FACE_BOUND('',#288,.T.);
#67=FACE_BOUND('',#292,.T.);
#68=FACE_BOUND('',#293,.T.);
#69=FACE_BOUND('',#294,.T.);
#70=FACE_BOUND('',#295,.T.);
#71=FACE_BOUND('',#296,.T.);
#72=FACE_BOUND('',#332,.T.);
#73=FACE_BOUND('',#370,.T.);
#74=FACE_BOUND('',#372,.T.);
#75=FACE_BOUND('',#399,.T.);
#76=FACE_BOUND('',#402,.T.);
#77=FACE_BOUND('',#405,.T.);
#78=FACE_BOUND('',#408,.T.);
#79=FACE_BOUND('',#411,.T.);
#80=FACE_BOUND('',#412,.T.);
#81=FACE_BOUND('',#413,.T.);
#82=FACE_BOUND('',#414,.T.);
#83=FACE_BOUND('',#417,.T.);
#84=FACE_BOUND('',#418,.T.);
#85=FACE_BOUND('',#419,.T.);
#86=FACE_BOUND('',#420,.T.);
#87=FACE_BOUND('',#421,.T.);
#88=FACE_BOUND('',#422,.T.);
#89=FACE_BOUND('',#423,.T.);
#90=FACE_BOUND('',#424,.T.);
#91=FACE_BOUND('',#431,.T.);
#92=FACE_BOUND('',#434,.T.);
#93=FACE_OUTER_BOUND('',#263,.T.);
#94=FACE_OUTER_BOUND('',#264,.T.);
#95=FACE_OUTER_BOUND('',#265,.T.);
#96=FACE_OUTER_BOUND('',#266,.T.);
#97=FACE_OUTER_BOUND('',#267,.T.);
#98=FACE_OUTER_BOUND('',#268,.T.);
#99=FACE_OUTER_BOUND('',#269,.T.);
#100=FACE_OUTER_BOUND('',#270,.T.);
#101=FACE_OUTER_BOUND('',#271,.T.);
#102=FACE_OUTER_BOUND('',#272,.T.);
#103=FACE_OUTER_BOUND('',#273,.T.);
#104=FACE_OUTER_BOUND('',#274,.T.);
#105=FACE_OUTER_BOUND('',#275,.T.);
#106=FACE_OUTER_BOUND('',#276,.T.);
#107=FACE_OUTER_BOUND('',#277,.T.);
#108=FACE_OUTER_BOUND('',#278,.T.);
#109=FACE_OUTER_BOUND('',#279,.T.);
#110=FACE_OUTER_BOUND('',#280,.T.);
#111=FACE_OUTER_BOUND('',#281,.T.);
#112=FACE_OUTER_BOUND('',#282,.T.);
#113=FACE_OUTER_BOUND('',#283,.T.);
#114=FACE_OUTER_BOUND('',#289,.T.);
#115=FACE_OUTER_BOUND('',#290,.T.);
#116=FACE_OUTER_BOUND('',#291,.T.);
#117=FACE_OUTER_BOUND('',#297,.T.);
#118=FACE_OUTER_BOUND('',#298,.T.);
#119=FACE_OUTER_BOUND('',#299,.T.);
#120=FACE_OUTER_BOUND('',#300,.T.);
#121=FACE_OUTER_BOUND('',#301,.T.);
#122=FACE_OUTER_BOUND('',#302,.T.);
#123=FACE_OUTER_BOUND('',#303,.T.);
#124=FACE_OUTER_BOUND('',#304,.T.);
#125=FACE_OUTER_BOUND('',#305,.T.);
#126=FACE_OUTER_BOUND('',#306,.T.);
#127=FACE_OUTER_BOUND('',#307,.T.);
#128=FACE_OUTER_BOUND('',#308,.T.);
#129=FACE_OUTER_BOUND('',#309,.T.);
#130=FACE_OUTER_BOUND('',#310,.T.);
#131=FACE_OUTER_BOUND('',#311,.T.);
#132=FACE_OUTER_BOUND('',#312,.T.);
#133=FACE_OUTER_BOUND('',#313,.T.);
#134=FACE_OUTER_BOUND('',#314,.T.);
#135=FACE_OUTER_BOUND('',#315,.T.);
#136=FACE_OUTER_BOUND('',#316,.T.);
#137=FACE_OUTER_BOUND('',#317,.T.);
#138=FACE_OUTER_BOUND('',#318,.T.);
#139=FACE_OUTER_BOUND('',#319,.T.);
#140=FACE_OUTER_BOUND('',#320,.T.);
#141=FACE_OUTER_BOUND('',#321,.T.);
#142=FACE_OUTER_BOUND('',#322,.T.);
#143=FACE_OUTER_BOUND('',#323,.T.);
#144=FACE_OUTER_BOUND('',#324,.T.);
#145=FACE_OUTER_BOUND('',#325,.T.);
#146=FACE_OUTER_BOUND('',#326,.T.);
#147=FACE_OUTER_BOUND('',#327,.T.);
#148=FACE_OUTER_BOUND('',#328,.T.);
#149=FACE_OUTER_BOUND('',#329,.T.);
#150=FACE_OUTER_BOUND('',#330,.T.);
#151=FACE_OUTER_BOUND('',#331,.T.);
#152=FACE_OUTER_BOUND('',#333,.T.);
#153=FACE_OUTER_BOUND('',#334,.T.);
#154=FACE_OUTER_BOUND('',#335,.T.);
#155=FACE_OUTER_BOUND('',#336,.T.);
#156=FACE_OUTER_BOUND('',#337,.T.);
#157=FACE_OUTER_BOUND('',#338,.T.);
#158=FACE_OUTER_BOUND('',#339,.T.);
#159=FACE_OUTER_BOUND('',#340,.T.);
#160=FACE_OUTER_BOUND('',#341,.T.);
#161=FACE_OUTER_BOUND('',#342,.T.);
#162=FACE_OUTER_BOUND('',#343,.T.);
#163=FACE_OUTER_BOUND('',#344,.T.);
#164=FACE_OUTER_BOUND('',#345,.T.);
#165=FACE_OUTER_BOUND('',#346,.T.);
#166=FACE_OUTER_BOUND('',#347,.T.);
#167=FACE_OUTER_BOUND('',#348,.T.);
#168=FACE_OUTER_BOUND('',#349,.T.);
#169=FACE_OUTER_BOUND('',#350,.T.);
#170=FACE_OUTER_BOUND('',#351,.T.);
#171=FACE_OUTER_BOUND('',#352,.T.);
#172=FACE_OUTER_BOUND('',#353,.T.);
#173=FACE_OUTER_BOUND('',#354,.T.);
#174=FACE_OUTER_BOUND('',#355,.T.);
#175=FACE_OUTER_BOUND('',#356,.T.);
#176=FACE_OUTER_BOUND('',#357,.T.);
#177=FACE_OUTER_BOUND('',#358,.T.);
#178=FACE_OUTER_BOUND('',#359,.T.);
#179=FACE_OUTER_BOUND('',#360,.T.);
#180=FACE_OUTER_BOUND('',#361,.T.);
#181=FACE_OUTER_BOUND('',#362,.T.);
#182=FACE_OUTER_BOUND('',#363,.T.);
#183=FACE_OUTER_BOUND('',#364,.T.);
#184=FACE_OUTER_BOUND('',#365,.T.);
#185=FACE_OUTER_BOUND('',#366,.T.);
#186=FACE_OUTER_BOUND('',#367,.T.);
#187=FACE_OUTER_BOUND('',#368,.T.);
#188=FACE_OUTER_BOUND('',#369,.T.);
#189=FACE_OUTER_BOUND('',#371,.T.);
#190=FACE_OUTER_BOUND('',#373,.T.);
#191=FACE_OUTER_BOUND('',#374,.T.);
#192=FACE_OUTER_BOUND('',#375,.T.);
#193=FACE_OUTER_BOUND('',#376,.T.);
#194=FACE_OUTER_BOUND('',#377,.T.);
#195=FACE_OUTER_BOUND('',#378,.T.);
#196=FACE_OUTER_BOUND('',#379,.T.);
#197=FACE_OUTER_BOUND('',#380,.T.);
#198=FACE_OUTER_BOUND('',#381,.T.);
#199=FACE_OUTER_BOUND('',#382,.T.);
#200=FACE_OUTER_BOUND('',#383,.T.);
#201=FACE_OUTER_BOUND('',#384,.T.);
#202=FACE_OUTER_BOUND('',#385,.T.);
#203=FACE_OUTER_BOUND('',#386,.T.);
#204=FACE_OUTER_BOUND('',#387,.T.);
#205=FACE_OUTER_BOUND('',#388,.T.);
#206=FACE_OUTER_BOUND('',#389,.T.);
#207=FACE_OUTER_BOUND('',#390,.T.);
#208=FACE_OUTER_BOUND('',#391,.T.);
#209=FACE_OUTER_BOUND('',#392,.T.);
#210=FACE_OUTER_BOUND('',#393,.T.);
#211=FACE_OUTER_BOUND('',#394,.T.);
#212=FACE_OUTER_BOUND('',#395,.T.);
#213=FACE_OUTER_BOUND('',#396,.T.);
#214=FACE_OUTER_BOUND('',#397,.T.);
#215=FACE_OUTER_BOUND('',#398,.T.);
#216=FACE_OUTER_BOUND('',#400,.T.);
#217=FACE_OUTER_BOUND('',#401,.T.);
#218=FACE_OUTER_BOUND('',#403,.T.);
#219=FACE_OUTER_BOUND('',#404,.T.);
#220=FACE_OUTER_BOUND('',#406,.T.);
#221=FACE_OUTER_BOUND('',#407,.T.);
#222=FACE_OUTER_BOUND('',#409,.T.);
#223=FACE_OUTER_BOUND('',#410,.T.);
#224=FACE_OUTER_BOUND('',#415,.T.);
#225=FACE_OUTER_BOUND('',#416,.T.);
#226=FACE_OUTER_BOUND('',#425,.T.);
#227=FACE_OUTER_BOUND('',#426,.T.);
#228=FACE_OUTER_BOUND('',#427,.T.);
#229=FACE_OUTER_BOUND('',#428,.T.);
#230=FACE_OUTER_BOUND('',#429,.T.);
#231=FACE_OUTER_BOUND('',#430,.T.);
#232=FACE_OUTER_BOUND('',#432,.T.);
#233=FACE_OUTER_BOUND('',#433,.T.);
#234=FACE_OUTER_BOUND('',#435,.T.);
#235=FACE_OUTER_BOUND('',#436,.T.);
#236=FACE_OUTER_BOUND('',#437,.T.);
#237=FACE_OUTER_BOUND('',#438,.T.);
#238=FACE_OUTER_BOUND('',#439,.T.);
#239=FACE_OUTER_BOUND('',#440,.T.);
#240=FACE_OUTER_BOUND('',#441,.T.);
#241=FACE_OUTER_BOUND('',#442,.T.);
#242=FACE_OUTER_BOUND('',#443,.T.);
#243=FACE_OUTER_BOUND('',#444,.T.);
#244=FACE_OUTER_BOUND('',#445,.T.);
#245=FACE_OUTER_BOUND('',#446,.T.);
#246=FACE_OUTER_BOUND('',#447,.T.);
#247=FACE_OUTER_BOUND('',#448,.T.);
#248=FACE_OUTER_BOUND('',#449,.T.);
#249=FACE_OUTER_BOUND('',#450,.T.);
#250=FACE_OUTER_BOUND('',#451,.T.);
#251=FACE_OUTER_BOUND('',#452,.T.);
#252=FACE_OUTER_BOUND('',#453,.T.);
#253=FACE_OUTER_BOUND('',#454,.T.);
#254=FACE_OUTER_BOUND('',#455,.T.);
#255=FACE_OUTER_BOUND('',#456,.T.);
#256=FACE_OUTER_BOUND('',#457,.T.);
#257=FACE_OUTER_BOUND('',#458,.T.);
#258=FACE_OUTER_BOUND('',#459,.T.);
#259=FACE_OUTER_BOUND('',#460,.T.);
#260=FACE_OUTER_BOUND('',#461,.T.);
#261=FACE_OUTER_BOUND('',#462,.T.);
#262=FACE_OUTER_BOUND('',#463,.T.);
#263=EDGE_LOOP('',(#2051,#2052,#2053,#2054));
#264=EDGE_LOOP('',(#2055,#2056,#2057,#2058));
#265=EDGE_LOOP('',(#2059,#2060,#2061,#2062));
#266=EDGE_LOOP('',(#2063,#2064,#2065,#2066));
#267=EDGE_LOOP('',(#2067,#2068,#2069,#2070));
#268=EDGE_LOOP('',(#2071,#2072,#2073,#2074));
#269=EDGE_LOOP('',(#2075,#2076,#2077,#2078));
#270=EDGE_LOOP('',(#2079,#2080,#2081,#2082));
#271=EDGE_LOOP('',(#2083,#2084,#2085,#2086));
#272=EDGE_LOOP('',(#2087,#2088,#2089,#2090));
#273=EDGE_LOOP('',(#2091,#2092,#2093,#2094));
#274=EDGE_LOOP('',(#2095,#2096,#2097,#2098));
#275=EDGE_LOOP('',(#2099,#2100,#2101,#2102));
#276=EDGE_LOOP('',(#2103,#2104,#2105,#2106));
#277=EDGE_LOOP('',(#2107,#2108,#2109,#2110));
#278=EDGE_LOOP('',(#2111,#2112,#2113,#2114));
#279=EDGE_LOOP('',(#2115,#2116,#2117,#2118));
#280=EDGE_LOOP('',(#2119,#2120,#2121,#2122));
#281=EDGE_LOOP('',(#2123,#2124,#2125,#2126));
#282=EDGE_LOOP('',(#2127,#2128,#2129,#2130));
#283=EDGE_LOOP('',(#2131,#2132,#2133,#2134));
#284=EDGE_LOOP('',(#2135,#2136,#2137,#2138));
#285=EDGE_LOOP('',(#2139,#2140,#2141,#2142));
#286=EDGE_LOOP('',(#2143,#2144,#2145,#2146));
#287=EDGE_LOOP('',(#2147,#2148,#2149,#2150));
#288=EDGE_LOOP('',(#2151,#2152,#2153,#2154));
#289=EDGE_LOOP('',(#2155,#2156,#2157,#2158));
#290=EDGE_LOOP('',(#2159,#2160,#2161,#2162));
#291=EDGE_LOOP('',(#2163,#2164,#2165,#2166,#2167,#2168,#2169,#2170,#2171,
#2172,#2173,#2174,#2175,#2176,#2177,#2178,#2179,#2180,#2181,#2182,#2183,
#2184,#2185,#2186,#2187,#2188,#2189,#2190,#2191,#2192,#2193,#2194));
#292=EDGE_LOOP('',(#2195,#2196,#2197,#2198));
#293=EDGE_LOOP('',(#2199,#2200,#2201,#2202));
#294=EDGE_LOOP('',(#2203,#2204,#2205,#2206));
#295=EDGE_LOOP('',(#2207,#2208,#2209,#2210));
#296=EDGE_LOOP('',(#2211,#2212,#2213,#2214));
#297=EDGE_LOOP('',(#2215,#2216,#2217,#2218));
#298=EDGE_LOOP('',(#2219,#2220,#2221,#2222));
#299=EDGE_LOOP('',(#2223,#2224,#2225,#2226));
#300=EDGE_LOOP('',(#2227,#2228,#2229,#2230));
#301=EDGE_LOOP('',(#2231,#2232,#2233,#2234));
#302=EDGE_LOOP('',(#2235,#2236,#2237,#2238));
#303=EDGE_LOOP('',(#2239,#2240,#2241,#2242));
#304=EDGE_LOOP('',(#2243,#2244,#2245,#2246));
#305=EDGE_LOOP('',(#2247,#2248,#2249,#2250));
#306=EDGE_LOOP('',(#2251,#2252,#2253,#2254));
#307=EDGE_LOOP('',(#2255,#2256,#2257,#2258));
#308=EDGE_LOOP('',(#2259,#2260,#2261,#2262));
#309=EDGE_LOOP('',(#2263,#2264,#2265,#2266));
#310=EDGE_LOOP('',(#2267,#2268,#2269,#2270));
#311=EDGE_LOOP('',(#2271,#2272,#2273,#2274));
#312=EDGE_LOOP('',(#2275,#2276,#2277,#2278));
#313=EDGE_LOOP('',(#2279,#2280,#2281,#2282));
#314=EDGE_LOOP('',(#2283,#2284,#2285,#2286));
#315=EDGE_LOOP('',(#2287,#2288,#2289,#2290));
#316=EDGE_LOOP('',(#2291,#2292,#2293,#2294));
#317=EDGE_LOOP('',(#2295,#2296,#2297,#2298));
#318=EDGE_LOOP('',(#2299,#2300,#2301,#2302));
#319=EDGE_LOOP('',(#2303,#2304,#2305,#2306));
#320=EDGE_LOOP('',(#2307,#2308,#2309,#2310));
#321=EDGE_LOOP('',(#2311,#2312,#2313,#2314));
#322=EDGE_LOOP('',(#2315,#2316,#2317,#2318));
#323=EDGE_LOOP('',(#2319,#2320,#2321,#2322));
#324=EDGE_LOOP('',(#2323,#2324,#2325,#2326));
#325=EDGE_LOOP('',(#2327,#2328,#2329,#2330));
#326=EDGE_LOOP('',(#2331,#2332,#2333,#2334));
#327=EDGE_LOOP('',(#2335,#2336,#2337,#2338));
#328=EDGE_LOOP('',(#2339,#2340,#2341,#2342));
#329=EDGE_LOOP('',(#2343,#2344,#2345,#2346));
#330=EDGE_LOOP('',(#2347,#2348,#2349,#2350));
#331=EDGE_LOOP('',(#2351,#2352,#2353,#2354,#2355,#2356,#2357,#2358,#2359,
#2360,#2361,#2362,#2363,#2364,#2365,#2366,#2367,#2368,#2369,#2370,#2371,
#2372,#2373,#2374,#2375,#2376,#2377,#2378,#2379,#2380,#2381,#2382));
#332=EDGE_LOOP('',(#2383,#2384,#2385,#2386));
#333=EDGE_LOOP('',(#2387,#2388,#2389,#2390));
#334=EDGE_LOOP('',(#2391,#2392,#2393,#2394));
#335=EDGE_LOOP('',(#2395,#2396,#2397,#2398));
#336=EDGE_LOOP('',(#2399,#2400,#2401,#2402));
#337=EDGE_LOOP('',(#2403,#2404,#2405,#2406));
#338=EDGE_LOOP('',(#2407,#2408,#2409,#2410));
#339=EDGE_LOOP('',(#2411,#2412,#2413,#2414));
#340=EDGE_LOOP('',(#2415,#2416,#2417,#2418));
#341=EDGE_LOOP('',(#2419,#2420,#2421,#2422));
#342=EDGE_LOOP('',(#2423,#2424,#2425,#2426));
#343=EDGE_LOOP('',(#2427,#2428,#2429,#2430));
#344=EDGE_LOOP('',(#2431,#2432,#2433,#2434));
#345=EDGE_LOOP('',(#2435,#2436,#2437,#2438));
#346=EDGE_LOOP('',(#2439,#2440,#2441,#2442));
#347=EDGE_LOOP('',(#2443,#2444,#2445,#2446));
#348=EDGE_LOOP('',(#2447,#2448,#2449,#2450));
#349=EDGE_LOOP('',(#2451,#2452,#2453,#2454));
#350=EDGE_LOOP('',(#2455,#2456,#2457,#2458));
#351=EDGE_LOOP('',(#2459,#2460,#2461,#2462));
#352=EDGE_LOOP('',(#2463,#2464,#2465,#2466));
#353=EDGE_LOOP('',(#2467,#2468,#2469,#2470));
#354=EDGE_LOOP('',(#2471,#2472,#2473,#2474));
#355=EDGE_LOOP('',(#2475,#2476,#2477,#2478));
#356=EDGE_LOOP('',(#2479,#2480,#2481,#2482));
#357=EDGE_LOOP('',(#2483,#2484,#2485,#2486));
#358=EDGE_LOOP('',(#2487,#2488,#2489,#2490));
#359=EDGE_LOOP('',(#2491,#2492,#2493,#2494));
#360=EDGE_LOOP('',(#2495,#2496,#2497,#2498));
#361=EDGE_LOOP('',(#2499,#2500,#2501,#2502));
#362=EDGE_LOOP('',(#2503,#2504,#2505,#2506));
#363=EDGE_LOOP('',(#2507,#2508,#2509,#2510));
#364=EDGE_LOOP('',(#2511,#2512,#2513,#2514));
#365=EDGE_LOOP('',(#2515,#2516,#2517,#2518));
#366=EDGE_LOOP('',(#2519,#2520,#2521,#2522));
#367=EDGE_LOOP('',(#2523,#2524,#2525,#2526));
#368=EDGE_LOOP('',(#2527,#2528,#2529,#2530));
#369=EDGE_LOOP('',(#2531,#2532,#2533,#2534,#2535,#2536,#2537,#2538,#2539,
#2540,#2541,#2542,#2543,#2544,#2545,#2546,#2547,#2548,#2549,#2550,#2551,
#2552,#2553,#2554,#2555,#2556,#2557,#2558,#2559,#2560,#2561,#2562));
#370=EDGE_LOOP('',(#2563,#2564,#2565,#2566));
#371=EDGE_LOOP('',(#2567,#2568,#2569,#2570,#2571,#2572,#2573,#2574,#2575,
#2576,#2577,#2578,#2579,#2580,#2581,#2582,#2583,#2584,#2585,#2586,#2587,
#2588,#2589,#2590,#2591,#2592,#2593,#2594,#2595,#2596,#2597,#2598));
#372=EDGE_LOOP('',(#2599,#2600,#2601,#2602));
#373=EDGE_LOOP('',(#2603,#2604,#2605,#2606));
#374=EDGE_LOOP('',(#2607,#2608,#2609,#2610));
#375=EDGE_LOOP('',(#2611,#2612,#2613,#2614));
#376=EDGE_LOOP('',(#2615,#2616,#2617,#2618));
#377=EDGE_LOOP('',(#2619,#2620,#2621,#2622));
#378=EDGE_LOOP('',(#2623,#2624,#2625,#2626));
#379=EDGE_LOOP('',(#2627,#2628,#2629,#2630));
#380=EDGE_LOOP('',(#2631,#2632,#2633,#2634));
#381=EDGE_LOOP('',(#2635,#2636,#2637,#2638));
#382=EDGE_LOOP('',(#2639,#2640,#2641,#2642));
#383=EDGE_LOOP('',(#2643,#2644,#2645,#2646));
#384=EDGE_LOOP('',(#2647,#2648,#2649,#2650));
#385=EDGE_LOOP('',(#2651,#2652,#2653,#2654));
#386=EDGE_LOOP('',(#2655,#2656,#2657,#2658));
#387=EDGE_LOOP('',(#2659,#2660,#2661,#2662));
#388=EDGE_LOOP('',(#2663,#2664,#2665,#2666));
#389=EDGE_LOOP('',(#2667,#2668,#2669,#2670));
#390=EDGE_LOOP('',(#2671));
#391=EDGE_LOOP('',(#2672,#2673,#2674,#2675));
#392=EDGE_LOOP('',(#2676));
#393=EDGE_LOOP('',(#2677,#2678,#2679,#2680));
#394=EDGE_LOOP('',(#2681));
#395=EDGE_LOOP('',(#2682,#2683,#2684,#2685));
#396=EDGE_LOOP('',(#2686));
#397=EDGE_LOOP('',(#2687,#2688,#2689,#2690));
#398=EDGE_LOOP('',(#2691));
#399=EDGE_LOOP('',(#2692));
#400=EDGE_LOOP('',(#2693,#2694,#2695,#2696));
#401=EDGE_LOOP('',(#2697));
#402=EDGE_LOOP('',(#2698));
#403=EDGE_LOOP('',(#2699,#2700,#2701,#2702));
#404=EDGE_LOOP('',(#2703));
#405=EDGE_LOOP('',(#2704));
#406=EDGE_LOOP('',(#2705,#2706,#2707,#2708));
#407=EDGE_LOOP('',(#2709));
#408=EDGE_LOOP('',(#2710));
#409=EDGE_LOOP('',(#2711,#2712,#2713,#2714));
#410=EDGE_LOOP('',(#2715,#2716,#2717,#2718));
#411=EDGE_LOOP('',(#2719,#2720,#2721,#2722));
#412=EDGE_LOOP('',(#2723,#2724,#2725,#2726));
#413=EDGE_LOOP('',(#2727,#2728,#2729,#2730));
#414=EDGE_LOOP('',(#2731,#2732,#2733,#2734));
#415=EDGE_LOOP('',(#2735,#2736,#2737,#2738));
#416=EDGE_LOOP('',(#2739,#2740,#2741,#2742));
#417=EDGE_LOOP('',(#2743));
#418=EDGE_LOOP('',(#2744));
#419=EDGE_LOOP('',(#2745));
#420=EDGE_LOOP('',(#2746));
#421=EDGE_LOOP('',(#2747,#2748,#2749,#2750));
#422=EDGE_LOOP('',(#2751,#2752,#2753,#2754));
#423=EDGE_LOOP('',(#2755,#2756,#2757,#2758));
#424=EDGE_LOOP('',(#2759,#2760,#2761,#2762));
#425=EDGE_LOOP('',(#2763,#2764,#2765,#2766));
#426=EDGE_LOOP('',(#2767,#2768,#2769,#2770));
#427=EDGE_LOOP('',(#2771,#2772,#2773,#2774));
#428=EDGE_LOOP('',(#2775));
#429=EDGE_LOOP('',(#2776,#2777,#2778,#2779));
#430=EDGE_LOOP('',(#2780));
#431=EDGE_LOOP('',(#2781));
#432=EDGE_LOOP('',(#2782,#2783,#2784,#2785));
#433=EDGE_LOOP('',(#2786));
#434=EDGE_LOOP('',(#2787));
#435=EDGE_LOOP('',(#2788));
#436=EDGE_LOOP('',(#2789,#2790,#2791,#2792));
#437=EDGE_LOOP('',(#2793,#2794,#2795,#2796));
#438=EDGE_LOOP('',(#2797,#2798,#2799,#2800));
#439=EDGE_LOOP('',(#2801,#2802,#2803,#2804));
#440=EDGE_LOOP('',(#2805,#2806,#2807,#2808));
#441=EDGE_LOOP('',(#2809,#2810,#2811,#2812));
#442=EDGE_LOOP('',(#2813,#2814,#2815,#2816));
#443=EDGE_LOOP('',(#2817,#2818,#2819,#2820));
#444=EDGE_LOOP('',(#2821,#2822,#2823,#2824));
#445=EDGE_LOOP('',(#2825,#2826,#2827,#2828));
#446=EDGE_LOOP('',(#2829,#2830,#2831,#2832));
#447=EDGE_LOOP('',(#2833,#2834,#2835,#2836));
#448=EDGE_LOOP('',(#2837,#2838,#2839,#2840));
#449=EDGE_LOOP('',(#2841,#2842,#2843,#2844,#2845,#2846,#2847,#2848,#2849,
#2850,#2851,#2852,#2853,#2854,#2855,#2856,#2857,#2858,#2859,#2860,#2861,
#2862,#2863,#2864,#2865,#2866));
#450=EDGE_LOOP('',(#2867,#2868,#2869,#2870));
#451=EDGE_LOOP('',(#2871,#2872,#2873,#2874));
#452=EDGE_LOOP('',(#2875,#2876,#2877,#2878));
#453=EDGE_LOOP('',(#2879,#2880,#2881,#2882));
#454=EDGE_LOOP('',(#2883,#2884,#2885,#2886));
#455=EDGE_LOOP('',(#2887,#2888,#2889,#2890));
#456=EDGE_LOOP('',(#2891,#2892,#2893,#2894));
#457=EDGE_LOOP('',(#2895,#2896,#2897,#2898));
#458=EDGE_LOOP('',(#2899,#2900,#2901,#2902));
#459=EDGE_LOOP('',(#2903,#2904,#2905,#2906));
#460=EDGE_LOOP('',(#2907,#2908,#2909,#2910));
#461=EDGE_LOOP('',(#2911,#2912,#2913,#2914));
#462=EDGE_LOOP('',(#2915,#2916,#2917,#2918));
#463=EDGE_LOOP('',(#2919,#2920,#2921,#2922,#2923,#2924,#2925,#2926,#2927,
#2928,#2929,#2930,#2931,#2932,#2933,#2934,#2935,#2936,#2937,#2938,#2939,
#2940,#2941,#2942,#2943,#2944));
#464=LINE('',#4275,#885);
#465=LINE('',#4277,#886);
#466=LINE('',#4279,#887);
#467=LINE('',#4280,#888);
#468=LINE('',#4283,#889);
#469=LINE('',#4285,#890);
#470=LINE('',#4286,#891);
#471=LINE('',#4289,#892);
#472=LINE('',#4291,#893);
#473=LINE('',#4292,#894);
#474=LINE('',#4294,#895);
#475=LINE('',#4295,#896);
#476=LINE('',#4299,#897);
#477=LINE('',#4301,#898);
#478=LINE('',#4303,#899);
#479=LINE('',#4304,#900);
#480=LINE('',#4307,#901);
#481=LINE('',#4309,#902);
#482=LINE('',#4310,#903);
#483=LINE('',#4313,#904);
#484=LINE('',#4315,#905);
#485=LINE('',#4316,#906);
#486=LINE('',#4318,#907);
#487=LINE('',#4319,#908);
#488=LINE('',#4323,#909);
#489=LINE('',#4325,#910);
#490=LINE('',#4327,#911);
#491=LINE('',#4328,#912);
#492=LINE('',#4331,#913);
#493=LINE('',#4333,#914);
#494=LINE('',#4334,#915);
#495=LINE('',#4337,#916);
#496=LINE('',#4339,#917);
#497=LINE('',#4340,#918);
#498=LINE('',#4342,#919);
#499=LINE('',#4343,#920);
#500=LINE('',#4347,#921);
#501=LINE('',#4349,#922);
#502=LINE('',#4351,#923);
#503=LINE('',#4352,#924);
#504=LINE('',#4355,#925);
#505=LINE('',#4357,#926);
#506=LINE('',#4358,#927);
#507=LINE('',#4361,#928);
#508=LINE('',#4363,#929);
#509=LINE('',#4364,#930);
#510=LINE('',#4366,#931);
#511=LINE('',#4367,#932);
#512=LINE('',#4371,#933);
#513=LINE('',#4373,#934);
#514=LINE('',#4375,#935);
#515=LINE('',#4376,#936);
#516=LINE('',#4379,#937);
#517=LINE('',#4381,#938);
#518=LINE('',#4382,#939);
#519=LINE('',#4385,#940);
#520=LINE('',#4387,#941);
#521=LINE('',#4388,#942);
#522=LINE('',#4390,#943);
#523=LINE('',#4391,#944);
#524=LINE('',#4395,#945);
#525=LINE('',#4397,#946);
#526=LINE('',#4399,#947);
#527=LINE('',#4400,#948);
#528=LINE('',#4403,#949);
#529=LINE('',#4405,#950);
#530=LINE('',#4406,#951);
#531=LINE('',#4409,#952);
#532=LINE('',#4410,#953);
#533=LINE('',#4414,#954);
#534=LINE('',#4416,#955);
#535=LINE('',#4418,#956);
#536=LINE('',#4420,#957);
#537=LINE('',#4422,#958);
#538=LINE('',#4424,#959);
#539=LINE('',#4426,#960);
#540=LINE('',#4428,#961);
#541=LINE('',#4430,#962);
#542=LINE('',#4432,#963);
#543=LINE('',#4434,#964);
#544=LINE('',#4436,#965);
#545=LINE('',#4438,#966);
#546=LINE('',#4440,#967);
#547=LINE('',#4442,#968);
#548=LINE('',#4444,#969);
#549=LINE('',#4446,#970);
#550=LINE('',#4448,#971);
#551=LINE('',#4450,#972);
#552=LINE('',#4452,#973);
#553=LINE('',#4454,#974);
#554=LINE('',#4456,#975);
#555=LINE('',#4458,#976);
#556=LINE('',#4460,#977);
#557=LINE('',#4462,#978);
#558=LINE('',#4464,#979);
#559=LINE('',#4466,#980);
#560=LINE('',#4468,#981);
#561=LINE('',#4470,#982);
#562=LINE('',#4472,#983);
#563=LINE('',#4474,#984);
#564=LINE('',#4475,#985);
#565=LINE('',#4478,#986);
#566=LINE('',#4479,#987);
#567=LINE('',#4481,#988);
#568=LINE('',#4484,#989);
#569=LINE('',#4486,#990);
#570=LINE('',#4487,#991);
#571=LINE('',#4490,#992);
#572=LINE('',#4491,#993);
#573=LINE('',#4494,#994);
#574=LINE('',#4495,#995);
#575=LINE('',#4498,#996);
#576=LINE('',#4499,#997);
#577=LINE('',#4502,#998);
#578=LINE('',#4503,#999);
#579=LINE('',#4506,#1000);
#580=LINE('',#4507,#1001);
#581=LINE('',#4510,#1002);
#582=LINE('',#4511,#1003);
#583=LINE('',#4514,#1004);
#584=LINE('',#4515,#1005);
#585=LINE('',#4518,#1006);
#586=LINE('',#4519,#1007);
#587=LINE('',#4522,#1008);
#588=LINE('',#4523,#1009);
#589=LINE('',#4526,#1010);
#590=LINE('',#4527,#1011);
#591=LINE('',#4530,#1012);
#592=LINE('',#4531,#1013);
#593=LINE('',#4534,#1014);
#594=LINE('',#4535,#1015);
#595=LINE('',#4538,#1016);
#596=LINE('',#4539,#1017);
#597=LINE('',#4542,#1018);
#598=LINE('',#4543,#1019);
#599=LINE('',#4546,#1020);
#600=LINE('',#4547,#1021);
#601=LINE('',#4550,#1022);
#602=LINE('',#4551,#1023);
#603=LINE('',#4554,#1024);
#604=LINE('',#4555,#1025);
#605=LINE('',#4558,#1026);
#606=LINE('',#4559,#1027);
#607=LINE('',#4562,#1028);
#608=LINE('',#4563,#1029);
#609=LINE('',#4566,#1030);
#610=LINE('',#4567,#1031);
#611=LINE('',#4570,#1032);
#612=LINE('',#4571,#1033);
#613=LINE('',#4574,#1034);
#614=LINE('',#4575,#1035);
#615=LINE('',#4578,#1036);
#616=LINE('',#4579,#1037);
#617=LINE('',#4582,#1038);
#618=LINE('',#4583,#1039);
#619=LINE('',#4586,#1040);
#620=LINE('',#4587,#1041);
#621=LINE('',#4590,#1042);
#622=LINE('',#4591,#1043);
#623=LINE('',#4594,#1044);
#624=LINE('',#4595,#1045);
#625=LINE('',#4598,#1046);
#626=LINE('',#4599,#1047);
#627=LINE('',#4602,#1048);
#628=LINE('',#4603,#1049);
#629=LINE('',#4606,#1050);
#630=LINE('',#4607,#1051);
#631=LINE('',#4609,#1052);
#632=LINE('',#4614,#1053);
#633=LINE('',#4616,#1054);
#634=LINE('',#4618,#1055);
#635=LINE('',#4619,#1056);
#636=LINE('',#4622,#1057);
#637=LINE('',#4624,#1058);
#638=LINE('',#4625,#1059);
#639=LINE('',#4628,#1060);
#640=LINE('',#4630,#1061);
#641=LINE('',#4631,#1062);
#642=LINE('',#4633,#1063);
#643=LINE('',#4634,#1064);
#644=LINE('',#4638,#1065);
#645=LINE('',#4640,#1066);
#646=LINE('',#4642,#1067);
#647=LINE('',#4643,#1068);
#648=LINE('',#4646,#1069);
#649=LINE('',#4648,#1070);
#650=LINE('',#4649,#1071);
#651=LINE('',#4652,#1072);
#652=LINE('',#4654,#1073);
#653=LINE('',#4655,#1074);
#654=LINE('',#4658,#1075);
#655=LINE('',#4660,#1076);
#656=LINE('',#4661,#1077);
#657=LINE('',#4664,#1078);
#658=LINE('',#4666,#1079);
#659=LINE('',#4667,#1080);
#660=LINE('',#4670,#1081);
#661=LINE('',#4672,#1082);
#662=LINE('',#4673,#1083);
#663=LINE('',#4676,#1084);
#664=LINE('',#4678,#1085);
#665=LINE('',#4679,#1086);
#666=LINE('',#4682,#1087);
#667=LINE('',#4684,#1088);
#668=LINE('',#4685,#1089);
#669=LINE('',#4688,#1090);
#670=LINE('',#4690,#1091);
#671=LINE('',#4691,#1092);
#672=LINE('',#4694,#1093);
#673=LINE('',#4696,#1094);
#674=LINE('',#4697,#1095);
#675=LINE('',#4700,#1096);
#676=LINE('',#4702,#1097);
#677=LINE('',#4703,#1098);
#678=LINE('',#4706,#1099);
#679=LINE('',#4708,#1100);
#680=LINE('',#4709,#1101);
#681=LINE('',#4712,#1102);
#682=LINE('',#4714,#1103);
#683=LINE('',#4715,#1104);
#684=LINE('',#4718,#1105);
#685=LINE('',#4720,#1106);
#686=LINE('',#4721,#1107);
#687=LINE('',#4724,#1108);
#688=LINE('',#4726,#1109);
#689=LINE('',#4727,#1110);
#690=LINE('',#4730,#1111);
#691=LINE('',#4732,#1112);
#692=LINE('',#4733,#1113);
#693=LINE('',#4736,#1114);
#694=LINE('',#4738,#1115);
#695=LINE('',#4739,#1116);
#696=LINE('',#4742,#1117);
#697=LINE('',#4744,#1118);
#698=LINE('',#4745,#1119);
#699=LINE('',#4748,#1120);
#700=LINE('',#4750,#1121);
#701=LINE('',#4751,#1122);
#702=LINE('',#4754,#1123);
#703=LINE('',#4756,#1124);
#704=LINE('',#4757,#1125);
#705=LINE('',#4760,#1126);
#706=LINE('',#4762,#1127);
#707=LINE('',#4763,#1128);
#708=LINE('',#4766,#1129);
#709=LINE('',#4768,#1130);
#710=LINE('',#4769,#1131);
#711=LINE('',#4772,#1132);
#712=LINE('',#4774,#1133);
#713=LINE('',#4775,#1134);
#714=LINE('',#4778,#1135);
#715=LINE('',#4780,#1136);
#716=LINE('',#4781,#1137);
#717=LINE('',#4784,#1138);
#718=LINE('',#4786,#1139);
#719=LINE('',#4787,#1140);
#720=LINE('',#4790,#1141);
#721=LINE('',#4792,#1142);
#722=LINE('',#4793,#1143);
#723=LINE('',#4796,#1144);
#724=LINE('',#4798,#1145);
#725=LINE('',#4799,#1146);
#726=LINE('',#4802,#1147);
#727=LINE('',#4804,#1148);
#728=LINE('',#4805,#1149);
#729=LINE('',#4808,#1150);
#730=LINE('',#4810,#1151);
#731=LINE('',#4811,#1152);
#732=LINE('',#4814,#1153);
#733=LINE('',#4816,#1154);
#734=LINE('',#4817,#1155);
#735=LINE('',#4820,#1156);
#736=LINE('',#4822,#1157);
#737=LINE('',#4823,#1158);
#738=LINE('',#4825,#1159);
#739=LINE('',#4826,#1160);
#740=LINE('',#4832,#1161);
#741=LINE('',#4834,#1162);
#742=LINE('',#4836,#1163);
#743=LINE('',#4837,#1164);
#744=LINE('',#4840,#1165);
#745=LINE('',#4842,#1166);
#746=LINE('',#4843,#1167);
#747=LINE('',#4846,#1168);
#748=LINE('',#4848,#1169);
#749=LINE('',#4849,#1170);
#750=LINE('',#4851,#1171);
#751=LINE('',#4852,#1172);
#752=LINE('',#4856,#1173);
#753=LINE('',#4858,#1174);
#754=LINE('',#4860,#1175);
#755=LINE('',#4861,#1176);
#756=LINE('',#4864,#1177);
#757=LINE('',#4866,#1178);
#758=LINE('',#4867,#1179);
#759=LINE('',#4870,#1180);
#760=LINE('',#4872,#1181);
#761=LINE('',#4873,#1182);
#762=LINE('',#4875,#1183);
#763=LINE('',#4876,#1184);
#764=LINE('',#4880,#1185);
#765=LINE('',#4882,#1186);
#766=LINE('',#4884,#1187);
#767=LINE('',#4885,#1188);
#768=LINE('',#4888,#1189);
#769=LINE('',#4890,#1190);
#770=LINE('',#4891,#1191);
#771=LINE('',#4894,#1192);
#772=LINE('',#4896,#1193);
#773=LINE('',#4897,#1194);
#774=LINE('',#4899,#1195);
#775=LINE('',#4900,#1196);
#776=LINE('',#4904,#1197);
#777=LINE('',#4906,#1198);
#778=LINE('',#4908,#1199);
#779=LINE('',#4909,#1200);
#780=LINE('',#4912,#1201);
#781=LINE('',#4914,#1202);
#782=LINE('',#4915,#1203);
#783=LINE('',#4918,#1204);
#784=LINE('',#4920,#1205);
#785=LINE('',#4921,#1206);
#786=LINE('',#4923,#1207);
#787=LINE('',#4924,#1208);
#788=LINE('',#4929,#1209);
#789=LINE('',#4936,#1210);
#790=LINE('',#4943,#1211);
#791=LINE('',#4950,#1212);
#792=LINE('',#4957,#1213);
#793=LINE('',#4964,#1214);
#794=LINE('',#4971,#1215);
#795=LINE('',#4978,#1216);
#796=LINE('',#4984,#1217);
#797=LINE('',#4986,#1218);
#798=LINE('',#4988,#1219);
#799=LINE('',#4989,#1220);
#800=LINE('',#4992,#1221);
#801=LINE('',#4994,#1222);
#802=LINE('',#4995,#1223);
#803=LINE('',#4998,#1224);
#804=LINE('',#5000,#1225);
#805=LINE('',#5001,#1226);
#806=LINE('',#5003,#1227);
#807=LINE('',#5004,#1228);
#808=LINE('',#5011,#1229);
#809=LINE('',#5018,#1230);
#810=LINE('',#5025,#1231);
#811=LINE('',#5032,#1232);
#812=LINE('',#5034,#1233);
#813=LINE('',#5036,#1234);
#814=LINE('',#5037,#1235);
#815=LINE('',#5040,#1236);
#816=LINE('',#5042,#1237);
#817=LINE('',#5043,#1238);
#818=LINE('',#5046,#1239);
#819=LINE('',#5048,#1240);
#820=LINE('',#5049,#1241);
#821=LINE('',#5052,#1242);
#822=LINE('',#5054,#1243);
#823=LINE('',#5055,#1244);
#824=LINE('',#5058,#1245);
#825=LINE('',#5060,#1246);
#826=LINE('',#5061,#1247);
#827=LINE('',#5064,#1248);
#828=LINE('',#5066,#1249);
#829=LINE('',#5067,#1250);
#830=LINE('',#5071,#1251);
#831=LINE('',#5073,#1252);
#832=LINE('',#5075,#1253);
#833=LINE('',#5076,#1254);
#834=LINE('',#5079,#1255);
#835=LINE('',#5081,#1256);
#836=LINE('',#5082,#1257);
#837=LINE('',#5877,#1258);
#838=LINE('',#5920,#1259);
#839=LINE('',#5922,#1260);
#840=LINE('',#5923,#1261);
#841=LINE('',#5926,#1262);
#842=LINE('',#5928,#1263);
#843=LINE('',#5929,#1264);
#844=LINE('',#5931,#1265);
#845=LINE('',#5932,#1266);
#846=LINE('',#5935,#1267);
#847=LINE('',#5937,#1268);
#848=LINE('',#5938,#1269);
#849=LINE('',#5942,#1270);
#850=LINE('',#5944,#1271);
#851=LINE('',#5946,#1272);
#852=LINE('',#5948,#1273);
#853=LINE('',#5950,#1274);
#854=LINE('',#5951,#1275);
#855=LINE('',#5953,#1276);
#856=LINE('',#5955,#1277);
#857=LINE('',#5957,#1278);
#858=LINE('',#6672,#1279);
#859=LINE('',#6674,#1280);
#860=LINE('',#6675,#1281);
#861=LINE('',#6678,#1282);
#862=LINE('',#6679,#1283);
#863=LINE('',#6682,#1284);
#864=LINE('',#6683,#1285);
#865=LINE('',#6686,#1286);
#866=LINE('',#6687,#1287);
#867=LINE('',#6690,#1288);
#868=LINE('',#6691,#1289);
#869=LINE('',#6694,#1290);
#870=LINE('',#6695,#1291);
#871=LINE('',#6698,#1292);
#872=LINE('',#6699,#1293);
#873=LINE('',#6702,#1294);
#874=LINE('',#6703,#1295);
#875=LINE('',#6706,#1296);
#876=LINE('',#6707,#1297);
#877=LINE('',#6710,#1298);
#878=LINE('',#6711,#1299);
#879=LINE('',#6833,#1300);
#880=LINE('',#6836,#1301);
#881=LINE('',#6837,#1302);
#882=LINE('',#6840,#1303);
#883=LINE('',#6841,#1304);
#884=LINE('',#6843,#1305);
#885=VECTOR('',#3472,10.);
#886=VECTOR('',#3473,10.);
#887=VECTOR('',#3474,10.);
#888=VECTOR('',#3475,10.);
#889=VECTOR('',#3478,10.);
#890=VECTOR('',#3479,10.);
#891=VECTOR('',#3480,10.);
#892=VECTOR('',#3483,10.);
#893=VECTOR('',#3484,10.);
#894=VECTOR('',#3485,10.);
#895=VECTOR('',#3488,10.);
#896=VECTOR('',#3489,10.);
#897=VECTOR('',#3492,10.);
#898=VECTOR('',#3493,10.);
#899=VECTOR('',#3494,10.);
#900=VECTOR('',#3495,10.);
#901=VECTOR('',#3498,10.);
#902=VECTOR('',#3499,10.);
#903=VECTOR('',#3500,10.);
#904=VECTOR('',#3503,10.);
#905=VECTOR('',#3504,10.);
#906=VECTOR('',#3505,10.);
#907=VECTOR('',#3508,10.);
#908=VECTOR('',#3509,10.);
#909=VECTOR('',#3512,10.);
#910=VECTOR('',#3513,10.);
#911=VECTOR('',#3514,10.);
#912=VECTOR('',#3515,10.);
#913=VECTOR('',#3518,10.);
#914=VECTOR('',#3519,10.);
#915=VECTOR('',#3520,10.);
#916=VECTOR('',#3523,10.);
#917=VECTOR('',#3524,10.);
#918=VECTOR('',#3525,10.);
#919=VECTOR('',#3528,10.);
#920=VECTOR('',#3529,10.);
#921=VECTOR('',#3532,10.);
#922=VECTOR('',#3533,10.);
#923=VECTOR('',#3534,10.);
#924=VECTOR('',#3535,10.);
#925=VECTOR('',#3538,10.);
#926=VECTOR('',#3539,10.);
#927=VECTOR('',#3540,10.);
#928=VECTOR('',#3543,10.);
#929=VECTOR('',#3544,10.);
#930=VECTOR('',#3545,10.);
#931=VECTOR('',#3548,10.);
#932=VECTOR('',#3549,10.);
#933=VECTOR('',#3552,10.);
#934=VECTOR('',#3553,10.);
#935=VECTOR('',#3554,10.);
#936=VECTOR('',#3555,10.);
#937=VECTOR('',#3558,10.);
#938=VECTOR('',#3559,10.);
#939=VECTOR('',#3560,10.);
#940=VECTOR('',#3563,10.);
#941=VECTOR('',#3564,10.);
#942=VECTOR('',#3565,10.);
#943=VECTOR('',#3568,10.);
#944=VECTOR('',#3569,10.);
#945=VECTOR('',#3572,10.);
#946=VECTOR('',#3573,10.);
#947=VECTOR('',#3574,10.);
#948=VECTOR('',#3575,10.);
#949=VECTOR('',#3578,10.);
#950=VECTOR('',#3579,10.);
#951=VECTOR('',#3580,10.);
#952=VECTOR('',#3583,10.);
#953=VECTOR('',#3584,10.);
#954=VECTOR('',#3587,10.);
#955=VECTOR('',#3588,10.);
#956=VECTOR('',#3589,10.);
#957=VECTOR('',#3590,10.);
#958=VECTOR('',#3591,10.);
#959=VECTOR('',#3592,10.);
#960=VECTOR('',#3593,10.);
#961=VECTOR('',#3594,10.);
#962=VECTOR('',#3595,10.);
#963=VECTOR('',#3596,10.);
#964=VECTOR('',#3597,10.);
#965=VECTOR('',#3598,10.);
#966=VECTOR('',#3599,10.);
#967=VECTOR('',#3600,10.);
#968=VECTOR('',#3601,10.);
#969=VECTOR('',#3602,10.);
#970=VECTOR('',#3603,10.);
#971=VECTOR('',#3604,10.);
#972=VECTOR('',#3605,10.);
#973=VECTOR('',#3606,10.);
#974=VECTOR('',#3607,10.);
#975=VECTOR('',#3608,10.);
#976=VECTOR('',#3609,10.);
#977=VECTOR('',#3610,10.);
#978=VECTOR('',#3611,10.);
#979=VECTOR('',#3612,10.);
#980=VECTOR('',#3613,10.);
#981=VECTOR('',#3614,10.);
#982=VECTOR('',#3615,10.);
#983=VECTOR('',#3616,10.);
#984=VECTOR('',#3617,10.);
#985=VECTOR('',#3618,10.);
#986=VECTOR('',#3621,10.);
#987=VECTOR('',#3622,10.);
#988=VECTOR('',#3625,10.);
#989=VECTOR('',#3628,10.);
#990=VECTOR('',#3629,10.);
#991=VECTOR('',#3630,10.);
#992=VECTOR('',#3633,10.);
#993=VECTOR('',#3634,10.);
#994=VECTOR('',#3637,10.);
#995=VECTOR('',#3638,10.);
#996=VECTOR('',#3641,10.);
#997=VECTOR('',#3642,10.);
#998=VECTOR('',#3645,10.);
#999=VECTOR('',#3646,10.);
#1000=VECTOR('',#3649,10.);
#1001=VECTOR('',#3650,10.);
#1002=VECTOR('',#3653,10.);
#1003=VECTOR('',#3654,10.);
#1004=VECTOR('',#3657,10.);
#1005=VECTOR('',#3658,10.);
#1006=VECTOR('',#3661,10.);
#1007=VECTOR('',#3662,10.);
#1008=VECTOR('',#3665,10.);
#1009=VECTOR('',#3666,10.);
#1010=VECTOR('',#3669,10.);
#1011=VECTOR('',#3670,10.);
#1012=VECTOR('',#3673,10.);
#1013=VECTOR('',#3674,10.);
#1014=VECTOR('',#3677,10.);
#1015=VECTOR('',#3678,10.);
#1016=VECTOR('',#3681,10.);
#1017=VECTOR('',#3682,10.);
#1018=VECTOR('',#3685,10.);
#1019=VECTOR('',#3686,10.);
#1020=VECTOR('',#3689,10.);
#1021=VECTOR('',#3690,10.);
#1022=VECTOR('',#3693,10.);
#1023=VECTOR('',#3694,10.);
#1024=VECTOR('',#3697,10.);
#1025=VECTOR('',#3698,10.);
#1026=VECTOR('',#3701,10.);
#1027=VECTOR('',#3702,10.);
#1028=VECTOR('',#3705,10.);
#1029=VECTOR('',#3706,10.);
#1030=VECTOR('',#3709,10.);
#1031=VECTOR('',#3710,10.);
#1032=VECTOR('',#3713,10.);
#1033=VECTOR('',#3714,10.);
#1034=VECTOR('',#3717,10.);
#1035=VECTOR('',#3718,10.);
#1036=VECTOR('',#3721,10.);
#1037=VECTOR('',#3722,10.);
#1038=VECTOR('',#3725,10.);
#1039=VECTOR('',#3726,10.);
#1040=VECTOR('',#3729,10.);
#1041=VECTOR('',#3730,10.);
#1042=VECTOR('',#3733,10.);
#1043=VECTOR('',#3734,10.);
#1044=VECTOR('',#3737,10.);
#1045=VECTOR('',#3738,10.);
#1046=VECTOR('',#3741,10.);
#1047=VECTOR('',#3742,10.);
#1048=VECTOR('',#3745,10.);
#1049=VECTOR('',#3746,10.);
#1050=VECTOR('',#3749,10.);
#1051=VECTOR('',#3750,10.);
#1052=VECTOR('',#3753,10.);
#1053=VECTOR('',#3758,10.);
#1054=VECTOR('',#3759,10.);
#1055=VECTOR('',#3760,10.);
#1056=VECTOR('',#3761,10.);
#1057=VECTOR('',#3764,10.);
#1058=VECTOR('',#3765,10.);
#1059=VECTOR('',#3766,10.);
#1060=VECTOR('',#3769,10.);
#1061=VECTOR('',#3770,10.);
#1062=VECTOR('',#3771,10.);
#1063=VECTOR('',#3774,10.);
#1064=VECTOR('',#3775,10.);
#1065=VECTOR('',#3778,10.);
#1066=VECTOR('',#3779,10.);
#1067=VECTOR('',#3780,10.);
#1068=VECTOR('',#3781,10.);
#1069=VECTOR('',#3784,10.);
#1070=VECTOR('',#3785,10.);
#1071=VECTOR('',#3786,10.);
#1072=VECTOR('',#3789,10.);
#1073=VECTOR('',#3790,10.);
#1074=VECTOR('',#3791,10.);
#1075=VECTOR('',#3794,10.);
#1076=VECTOR('',#3795,10.);
#1077=VECTOR('',#3796,10.);
#1078=VECTOR('',#3799,10.);
#1079=VECTOR('',#3800,10.);
#1080=VECTOR('',#3801,10.);
#1081=VECTOR('',#3804,10.);
#1082=VECTOR('',#3805,10.);
#1083=VECTOR('',#3806,10.);
#1084=VECTOR('',#3809,10.);
#1085=VECTOR('',#3810,10.);
#1086=VECTOR('',#3811,10.);
#1087=VECTOR('',#3814,10.);
#1088=VECTOR('',#3815,10.);
#1089=VECTOR('',#3816,10.);
#1090=VECTOR('',#3819,10.);
#1091=VECTOR('',#3820,10.);
#1092=VECTOR('',#3821,10.);
#1093=VECTOR('',#3824,10.);
#1094=VECTOR('',#3825,10.);
#1095=VECTOR('',#3826,10.);
#1096=VECTOR('',#3829,10.);
#1097=VECTOR('',#3830,10.);
#1098=VECTOR('',#3831,10.);
#1099=VECTOR('',#3834,10.);
#1100=VECTOR('',#3835,10.);
#1101=VECTOR('',#3836,10.);
#1102=VECTOR('',#3839,10.);
#1103=VECTOR('',#3840,10.);
#1104=VECTOR('',#3841,10.);
#1105=VECTOR('',#3844,10.);
#1106=VECTOR('',#3845,10.);
#1107=VECTOR('',#3846,10.);
#1108=VECTOR('',#3849,10.);
#1109=VECTOR('',#3850,10.);
#1110=VECTOR('',#3851,10.);
#1111=VECTOR('',#3854,10.);
#1112=VECTOR('',#3855,10.);
#1113=VECTOR('',#3856,10.);
#1114=VECTOR('',#3859,10.);
#1115=VECTOR('',#3860,10.);
#1116=VECTOR('',#3861,10.);
#1117=VECTOR('',#3864,10.);
#1118=VECTOR('',#3865,10.);
#1119=VECTOR('',#3866,10.);
#1120=VECTOR('',#3869,10.);
#1121=VECTOR('',#3870,10.);
#1122=VECTOR('',#3871,10.);
#1123=VECTOR('',#3874,10.);
#1124=VECTOR('',#3875,10.);
#1125=VECTOR('',#3876,10.);
#1126=VECTOR('',#3879,10.);
#1127=VECTOR('',#3880,10.);
#1128=VECTOR('',#3881,10.);
#1129=VECTOR('',#3884,10.);
#1130=VECTOR('',#3885,10.);
#1131=VECTOR('',#3886,10.);
#1132=VECTOR('',#3889,10.);
#1133=VECTOR('',#3890,10.);
#1134=VECTOR('',#3891,10.);
#1135=VECTOR('',#3894,10.);
#1136=VECTOR('',#3895,10.);
#1137=VECTOR('',#3896,10.);
#1138=VECTOR('',#3899,10.);
#1139=VECTOR('',#3900,10.);
#1140=VECTOR('',#3901,10.);
#1141=VECTOR('',#3904,10.);
#1142=VECTOR('',#3905,10.);
#1143=VECTOR('',#3906,10.);
#1144=VECTOR('',#3909,10.);
#1145=VECTOR('',#3910,10.);
#1146=VECTOR('',#3911,10.);
#1147=VECTOR('',#3914,10.);
#1148=VECTOR('',#3915,10.);
#1149=VECTOR('',#3916,10.);
#1150=VECTOR('',#3919,10.);
#1151=VECTOR('',#3920,10.);
#1152=VECTOR('',#3921,10.);
#1153=VECTOR('',#3924,10.);
#1154=VECTOR('',#3925,10.);
#1155=VECTOR('',#3926,10.);
#1156=VECTOR('',#3929,10.);
#1157=VECTOR('',#3930,10.);
#1158=VECTOR('',#3931,10.);
#1159=VECTOR('',#3934,10.);
#1160=VECTOR('',#3935,10.);
#1161=VECTOR('',#3942,10.);
#1162=VECTOR('',#3943,10.);
#1163=VECTOR('',#3944,10.);
#1164=VECTOR('',#3945,10.);
#1165=VECTOR('',#3948,10.);
#1166=VECTOR('',#3949,10.);
#1167=VECTOR('',#3950,10.);
#1168=VECTOR('',#3953,10.);
#1169=VECTOR('',#3954,10.);
#1170=VECTOR('',#3955,10.);
#1171=VECTOR('',#3958,10.);
#1172=VECTOR('',#3959,10.);
#1173=VECTOR('',#3962,10.);
#1174=VECTOR('',#3963,10.);
#1175=VECTOR('',#3964,10.);
#1176=VECTOR('',#3965,10.);
#1177=VECTOR('',#3968,10.);
#1178=VECTOR('',#3969,10.);
#1179=VECTOR('',#3970,10.);
#1180=VECTOR('',#3973,10.);
#1181=VECTOR('',#3974,10.);
#1182=VECTOR('',#3975,10.);
#1183=VECTOR('',#3978,10.);
#1184=VECTOR('',#3979,10.);
#1185=VECTOR('',#3982,10.);
#1186=VECTOR('',#3983,10.);
#1187=VECTOR('',#3984,10.);
#1188=VECTOR('',#3985,10.);
#1189=VECTOR('',#3988,10.);
#1190=VECTOR('',#3989,10.);
#1191=VECTOR('',#3990,10.);
#1192=VECTOR('',#3993,10.);
#1193=VECTOR('',#3994,10.);
#1194=VECTOR('',#3995,10.);
#1195=VECTOR('',#3998,10.);
#1196=VECTOR('',#3999,10.);
#1197=VECTOR('',#4002,10.);
#1198=VECTOR('',#4003,10.);
#1199=VECTOR('',#4004,10.);
#1200=VECTOR('',#4005,10.);
#1201=VECTOR('',#4008,10.);
#1202=VECTOR('',#4009,10.);
#1203=VECTOR('',#4010,10.);
#1204=VECTOR('',#4013,10.);
#1205=VECTOR('',#4014,10.);
#1206=VECTOR('',#4015,10.);
#1207=VECTOR('',#4018,10.);
#1208=VECTOR('',#4019,10.);
#1209=VECTOR('',#4024,0.999999999999996);
#1210=VECTOR('',#4033,1.00000000000001);
#1211=VECTOR('',#4042,0.999999999999996);
#1212=VECTOR('',#4051,0.999999999999979);
#1213=VECTOR('',#4060,1.6);
#1214=VECTOR('',#4069,1.6);
#1215=VECTOR('',#4078,1.6);
#1216=VECTOR('',#4087,1.59999999999998);
#1217=VECTOR('',#4094,10.);
#1218=VECTOR('',#4095,10.);
#1219=VECTOR('',#4096,10.);
#1220=VECTOR('',#4097,10.);
#1221=VECTOR('',#4100,10.);
#1222=VECTOR('',#4101,10.);
#1223=VECTOR('',#4102,10.);
#1224=VECTOR('',#4105,10.);
#1225=VECTOR('',#4106,10.);
#1226=VECTOR('',#4107,10.);
#1227=VECTOR('',#4110,10.);
#1228=VECTOR('',#4111,10.);
#1229=VECTOR('',#4120,2.85422084646585);
#1230=VECTOR('',#4129,7.27642107721472);
#1231=VECTOR('',#4138,10.9933100107321);
#1232=VECTOR('',#4147,10.);
#1233=VECTOR('',#4148,10.);
#1234=VECTOR('',#4149,10.);
#1235=VECTOR('',#4150,10.);
#1236=VECTOR('',#4153,10.);
#1237=VECTOR('',#4154,10.);
#1238=VECTOR('',#4155,10.);
#1239=VECTOR('',#4158,10.);
#1240=VECTOR('',#4159,10.);
#1241=VECTOR('',#4160,10.);
#1242=VECTOR('',#4163,10.);
#1243=VECTOR('',#4164,10.);
#1244=VECTOR('',#4165,10.);
#1245=VECTOR('',#4168,10.);
#1246=VECTOR('',#4169,10.);
#1247=VECTOR('',#4170,10.);
#1248=VECTOR('',#4173,10.);
#1249=VECTOR('',#4174,10.);
#1250=VECTOR('',#4175,10.);
#1251=VECTOR('',#4178,10.);
#1252=VECTOR('',#4179,10.);
#1253=VECTOR('',#4180,10.);
#1254=VECTOR('',#4181,10.);
#1255=VECTOR('',#4184,10.);
#1256=VECTOR('',#4185,10.);
#1257=VECTOR('',#4186,10.);
#1258=VECTOR('',#4187,10.);
#1259=VECTOR('',#4190,10.);
#1260=VECTOR('',#4191,10.);
#1261=VECTOR('',#4192,10.);
#1262=VECTOR('',#4195,10.);
#1263=VECTOR('',#4196,10.);
#1264=VECTOR('',#4197,10.);
#1265=VECTOR('',#4200,10.);
#1266=VECTOR('',#4201,10.);
#1267=VECTOR('',#4204,10.);
#1268=VECTOR('',#4205,10.);
#1269=VECTOR('',#4206,10.);
#1270=VECTOR('',#4209,10.);
#1271=VECTOR('',#4210,10.);
#1272=VECTOR('',#4211,10.);
#1273=VECTOR('',#4212,10.);
#1274=VECTOR('',#4213,10.);
#1275=VECTOR('',#4214,10.);
#1276=VECTOR('',#4215,10.);
#1277=VECTOR('',#4216,10.);
#1278=VECTOR('',#4217,10.);
#1279=VECTOR('',#4218,10.);
#1280=VECTOR('',#4219,10.);
#1281=VECTOR('',#4220,10.);
#1282=VECTOR('',#4223,10.);
#1283=VECTOR('',#4224,10.);
#1284=VECTOR('',#4227,10.);
#1285=VECTOR('',#4228,10.);
#1286=VECTOR('',#4231,10.);
#1287=VECTOR('',#4232,10.);
#1288=VECTOR('',#4235,10.);
#1289=VECTOR('',#4236,10.);
#1290=VECTOR('',#4239,10.);
#1291=VECTOR('',#4240,10.);
#1292=VECTOR('',#4243,10.);
#1293=VECTOR('',#4244,10.);
#1294=VECTOR('',#4247,10.);
#1295=VECTOR('',#4248,10.);
#1296=VECTOR('',#4251,10.);
#1297=VECTOR('',#4252,10.);
#1298=VECTOR('',#4255,10.);
#1299=VECTOR('',#4256,10.);
#1300=VECTOR('',#4257,10.);
#1301=VECTOR('',#4260,10.);
#1302=VECTOR('',#4261,10.);
#1303=VECTOR('',#4264,10.);
#1304=VECTOR('',#4265,10.);
#1305=VECTOR('',#4268,10.);
#1306=VERTEX_POINT('',#4273);
#1307=VERTEX_POINT('',#4274);
#1308=VERTEX_POINT('',#4276);
#1309=VERTEX_POINT('',#4278);
#1310=VERTEX_POINT('',#4282);
#1311=VERTEX_POINT('',#4284);
#1312=VERTEX_POINT('',#4288);
#1313=VERTEX_POINT('',#4290);
#1314=VERTEX_POINT('',#4297);
#1315=VERTEX_POINT('',#4298);
#1316=VERTEX_POINT('',#4300);
#1317=VERTEX_POINT('',#4302);
#1318=VERTEX_POINT('',#4306);
#1319=VERTEX_POINT('',#4308);
#1320=VERTEX_POINT('',#4312);
#1321=VERTEX_POINT('',#4314);
#1322=VERTEX_POINT('',#4321);
#1323=VERTEX_POINT('',#4322);
#1324=VERTEX_POINT('',#4324);
#1325=VERTEX_POINT('',#4326);
#1326=VERTEX_POINT('',#4330);
#1327=VERTEX_POINT('',#4332);
#1328=VERTEX_POINT('',#4336);
#1329=VERTEX_POINT('',#4338);
#1330=VERTEX_POINT('',#4345);
#1331=VERTEX_POINT('',#4346);
#1332=VERTEX_POINT('',#4348);
#1333=VERTEX_POINT('',#4350);
#1334=VERTEX_POINT('',#4354);
#1335=VERTEX_POINT('',#4356);
#1336=VERTEX_POINT('',#4360);
#1337=VERTEX_POINT('',#4362);
#1338=VERTEX_POINT('',#4369);
#1339=VERTEX_POINT('',#4370);
#1340=VERTEX_POINT('',#4372);
#1341=VERTEX_POINT('',#4374);
#1342=VERTEX_POINT('',#4378);
#1343=VERTEX_POINT('',#4380);
#1344=VERTEX_POINT('',#4384);
#1345=VERTEX_POINT('',#4386);
#1346=VERTEX_POINT('',#4393);
#1347=VERTEX_POINT('',#4394);
#1348=VERTEX_POINT('',#4396);
#1349=VERTEX_POINT('',#4398);
#1350=VERTEX_POINT('',#4402);
#1351=VERTEX_POINT('',#4404);
#1352=VERTEX_POINT('',#4408);
#1353=VERTEX_POINT('',#4412);
#1354=VERTEX_POINT('',#4413);
#1355=VERTEX_POINT('',#4415);
#1356=VERTEX_POINT('',#4417);
#1357=VERTEX_POINT('',#4419);
#1358=VERTEX_POINT('',#4421);
#1359=VERTEX_POINT('',#4423);
#1360=VERTEX_POINT('',#4425);
#1361=VERTEX_POINT('',#4427);
#1362=VERTEX_POINT('',#4429);
#1363=VERTEX_POINT('',#4431);
#1364=VERTEX_POINT('',#4433);
#1365=VERTEX_POINT('',#4435);
#1366=VERTEX_POINT('',#4437);
#1367=VERTEX_POINT('',#4439);
#1368=VERTEX_POINT('',#4441);
#1369=VERTEX_POINT('',#4443);
#1370=VERTEX_POINT('',#4445);
#1371=VERTEX_POINT('',#4447);
#1372=VERTEX_POINT('',#4449);
#1373=VERTEX_POINT('',#4451);
#1374=VERTEX_POINT('',#4453);
#1375=VERTEX_POINT('',#4455);
#1376=VERTEX_POINT('',#4457);
#1377=VERTEX_POINT('',#4459);
#1378=VERTEX_POINT('',#4461);
#1379=VERTEX_POINT('',#4463);
#1380=VERTEX_POINT('',#4465);
#1381=VERTEX_POINT('',#4467);
#1382=VERTEX_POINT('',#4469);
#1383=VERTEX_POINT('',#4471);
#1384=VERTEX_POINT('',#4473);
#1385=VERTEX_POINT('',#4477);
#1386=VERTEX_POINT('',#4483);
#1387=VERTEX_POINT('',#4485);
#1388=VERTEX_POINT('',#4489);
#1389=VERTEX_POINT('',#4493);
#1390=VERTEX_POINT('',#4497);
#1391=VERTEX_POINT('',#4501);
#1392=VERTEX_POINT('',#4505);
#1393=VERTEX_POINT('',#4509);
#1394=VERTEX_POINT('',#4513);
#1395=VERTEX_POINT('',#4517);
#1396=VERTEX_POINT('',#4521);
#1397=VERTEX_POINT('',#4525);
#1398=VERTEX_POINT('',#4529);
#1399=VERTEX_POINT('',#4533);
#1400=VERTEX_POINT('',#4537);
#1401=VERTEX_POINT('',#4541);
#1402=VERTEX_POINT('',#4545);
#1403=VERTEX_POINT('',#4549);
#1404=VERTEX_POINT('',#4553);
#1405=VERTEX_POINT('',#4557);
#1406=VERTEX_POINT('',#4561);
#1407=VERTEX_POINT('',#4565);
#1408=VERTEX_POINT('',#4569);
#1409=VERTEX_POINT('',#4573);
#1410=VERTEX_POINT('',#4577);
#1411=VERTEX_POINT('',#4581);
#1412=VERTEX_POINT('',#4585);
#1413=VERTEX_POINT('',#4589);
#1414=VERTEX_POINT('',#4593);
#1415=VERTEX_POINT('',#4597);
#1416=VERTEX_POINT('',#4601);
#1417=VERTEX_POINT('',#4605);
#1418=VERTEX_POINT('',#4612);
#1419=VERTEX_POINT('',#4613);
#1420=VERTEX_POINT('',#4615);
#1421=VERTEX_POINT('',#4617);
#1422=VERTEX_POINT('',#4621);
#1423=VERTEX_POINT('',#4623);
#1424=VERTEX_POINT('',#4627);
#1425=VERTEX_POINT('',#4629);
#1426=VERTEX_POINT('',#4636);
#1427=VERTEX_POINT('',#4637);
#1428=VERTEX_POINT('',#4639);
#1429=VERTEX_POINT('',#4641);
#1430=VERTEX_POINT('',#4645);
#1431=VERTEX_POINT('',#4647);
#1432=VERTEX_POINT('',#4651);
#1433=VERTEX_POINT('',#4653);
#1434=VERTEX_POINT('',#4657);
#1435=VERTEX_POINT('',#4659);
#1436=VERTEX_POINT('',#4663);
#1437=VERTEX_POINT('',#4665);
#1438=VERTEX_POINT('',#4669);
#1439=VERTEX_POINT('',#4671);
#1440=VERTEX_POINT('',#4675);
#1441=VERTEX_POINT('',#4677);
#1442=VERTEX_POINT('',#4681);
#1443=VERTEX_POINT('',#4683);
#1444=VERTEX_POINT('',#4687);
#1445=VERTEX_POINT('',#4689);
#1446=VERTEX_POINT('',#4693);
#1447=VERTEX_POINT('',#4695);
#1448=VERTEX_POINT('',#4699);
#1449=VERTEX_POINT('',#4701);
#1450=VERTEX_POINT('',#4705);
#1451=VERTEX_POINT('',#4707);
#1452=VERTEX_POINT('',#4711);
#1453=VERTEX_POINT('',#4713);
#1454=VERTEX_POINT('',#4717);
#1455=VERTEX_POINT('',#4719);
#1456=VERTEX_POINT('',#4723);
#1457=VERTEX_POINT('',#4725);
#1458=VERTEX_POINT('',#4729);
#1459=VERTEX_POINT('',#4731);
#1460=VERTEX_POINT('',#4735);
#1461=VERTEX_POINT('',#4737);
#1462=VERTEX_POINT('',#4741);
#1463=VERTEX_POINT('',#4743);
#1464=VERTEX_POINT('',#4747);
#1465=VERTEX_POINT('',#4749);
#1466=VERTEX_POINT('',#4753);
#1467=VERTEX_POINT('',#4755);
#1468=VERTEX_POINT('',#4759);
#1469=VERTEX_POINT('',#4761);
#1470=VERTEX_POINT('',#4765);
#1471=VERTEX_POINT('',#4767);
#1472=VERTEX_POINT('',#4771);
#1473=VERTEX_POINT('',#4773);
#1474=VERTEX_POINT('',#4777);
#1475=VERTEX_POINT('',#4779);
#1476=VERTEX_POINT('',#4783);
#1477=VERTEX_POINT('',#4785);
#1478=VERTEX_POINT('',#4789);
#1479=VERTEX_POINT('',#4791);
#1480=VERTEX_POINT('',#4795);
#1481=VERTEX_POINT('',#4797);
#1482=VERTEX_POINT('',#4801);
#1483=VERTEX_POINT('',#4803);
#1484=VERTEX_POINT('',#4807);
#1485=VERTEX_POINT('',#4809);
#1486=VERTEX_POINT('',#4813);
#1487=VERTEX_POINT('',#4815);
#1488=VERTEX_POINT('',#4819);
#1489=VERTEX_POINT('',#4821);
#1490=VERTEX_POINT('',#4830);
#1491=VERTEX_POINT('',#4831);
#1492=VERTEX_POINT('',#4833);
#1493=VERTEX_POINT('',#4835);
#1494=VERTEX_POINT('',#4839);
#1495=VERTEX_POINT('',#4841);
#1496=VERTEX_POINT('',#4845);
#1497=VERTEX_POINT('',#4847);
#1498=VERTEX_POINT('',#4854);
#1499=VERTEX_POINT('',#4855);
#1500=VERTEX_POINT('',#4857);
#1501=VERTEX_POINT('',#4859);
#1502=VERTEX_POINT('',#4863);
#1503=VERTEX_POINT('',#4865);
#1504=VERTEX_POINT('',#4869);
#1505=VERTEX_POINT('',#4871);
#1506=VERTEX_POINT('',#4878);
#1507=VERTEX_POINT('',#4879);
#1508=VERTEX_POINT('',#4881);
#1509=VERTEX_POINT('',#4883);
#1510=VERTEX_POINT('',#4887);
#1511=VERTEX_POINT('',#4889);
#1512=VERTEX_POINT('',#4893);
#1513=VERTEX_POINT('',#4895);
#1514=VERTEX_POINT('',#4902);
#1515=VERTEX_POINT('',#4903);
#1516=VERTEX_POINT('',#4905);
#1517=VERTEX_POINT('',#4907);
#1518=VERTEX_POINT('',#4911);
#1519=VERTEX_POINT('',#4913);
#1520=VERTEX_POINT('',#4917);
#1521=VERTEX_POINT('',#4919);
#1522=VERTEX_POINT('',#4926);
#1523=VERTEX_POINT('',#4928);
#1524=VERTEX_POINT('',#4933);
#1525=VERTEX_POINT('',#4935);
#1526=VERTEX_POINT('',#4940);
#1527=VERTEX_POINT('',#4942);
#1528=VERTEX_POINT('',#4947);
#1529=VERTEX_POINT('',#4949);
#1530=VERTEX_POINT('',#4954);
#1531=VERTEX_POINT('',#4956);
#1532=VERTEX_POINT('',#4961);
#1533=VERTEX_POINT('',#4963);
#1534=VERTEX_POINT('',#4968);
#1535=VERTEX_POINT('',#4970);
#1536=VERTEX_POINT('',#4975);
#1537=VERTEX_POINT('',#4977);
#1538=VERTEX_POINT('',#4982);
#1539=VERTEX_POINT('',#4983);
#1540=VERTEX_POINT('',#4985);
#1541=VERTEX_POINT('',#4987);
#1542=VERTEX_POINT('',#4991);
#1543=VERTEX_POINT('',#4993);
#1544=VERTEX_POINT('',#4997);
#1545=VERTEX_POINT('',#4999);
#1546=VERTEX_POINT('',#5008);
#1547=VERTEX_POINT('',#5010);
#1548=VERTEX_POINT('',#5015);
#1549=VERTEX_POINT('',#5017);
#1550=VERTEX_POINT('',#5022);
#1551=VERTEX_POINT('',#5024);
#1552=VERTEX_POINT('',#5030);
#1553=VERTEX_POINT('',#5031);
#1554=VERTEX_POINT('',#5033);
#1555=VERTEX_POINT('',#5035);
#1556=VERTEX_POINT('',#5039);
#1557=VERTEX_POINT('',#5041);
#1558=VERTEX_POINT('',#5045);
#1559=VERTEX_POINT('',#5047);
#1560=VERTEX_POINT('',#5051);
#1561=VERTEX_POINT('',#5053);
#1562=VERTEX_POINT('',#5057);
#1563=VERTEX_POINT('',#5059);
#1564=VERTEX_POINT('',#5063);
#1565=VERTEX_POINT('',#5065);
#1566=VERTEX_POINT('',#5069);
#1567=VERTEX_POINT('',#5070);
#1568=VERTEX_POINT('',#5072);
#1569=VERTEX_POINT('',#5074);
#1570=VERTEX_POINT('',#5078);
#1571=VERTEX_POINT('',#5080);
#1572=VERTEX_POINT('',#5163);
#1573=VERTEX_POINT('',#5876);
#1574=VERTEX_POINT('',#5919);
#1575=VERTEX_POINT('',#5921);
#1576=VERTEX_POINT('',#5925);
#1577=VERTEX_POINT('',#5927);
#1578=VERTEX_POINT('',#5934);
#1579=VERTEX_POINT('',#5936);
#1580=VERTEX_POINT('',#5940);
#1581=VERTEX_POINT('',#5941);
#1582=VERTEX_POINT('',#5943);
#1583=VERTEX_POINT('',#5945);
#1584=VERTEX_POINT('',#5947);
#1585=VERTEX_POINT('',#5949);
#1586=VERTEX_POINT('',#5952);
#1587=VERTEX_POINT('',#5954);
#1588=VERTEX_POINT('',#5956);
#1589=VERTEX_POINT('',#5958);
#1590=VERTEX_POINT('',#6671);
#1591=VERTEX_POINT('',#6673);
#1592=VERTEX_POINT('',#6677);
#1593=VERTEX_POINT('',#6681);
#1594=VERTEX_POINT('',#6685);
#1595=VERTEX_POINT('',#6689);
#1596=VERTEX_POINT('',#6693);
#1597=VERTEX_POINT('',#6697);
#1598=VERTEX_POINT('',#6701);
#1599=VERTEX_POINT('',#6705);
#1600=VERTEX_POINT('',#6709);
#1601=VERTEX_POINT('',#6792);
#1602=VERTEX_POINT('',#6835);
#1603=VERTEX_POINT('',#6839);
#1604=EDGE_CURVE('',#1306,#1307,#464,.T.);
#1605=EDGE_CURVE('',#1308,#1306,#465,.T.);
#1606=EDGE_CURVE('',#1309,#1308,#466,.T.);
#1607=EDGE_CURVE('',#1309,#1307,#467,.T.);
#1608=EDGE_CURVE('',#1307,#1310,#468,.T.);
#1609=EDGE_CURVE('',#1311,#1309,#469,.T.);
#1610=EDGE_CURVE('',#1311,#1310,#470,.T.);
#1611=EDGE_CURVE('',#1310,#1312,#471,.T.);
#1612=EDGE_CURVE('',#1313,#1311,#472,.T.);
#1613=EDGE_CURVE('',#1313,#1312,#473,.T.);
#1614=EDGE_CURVE('',#1312,#1306,#474,.T.);
#1615=EDGE_CURVE('',#1308,#1313,#475,.T.);
#1616=EDGE_CURVE('',#1314,#1315,#476,.T.);
#1617=EDGE_CURVE('',#1316,#1314,#477,.T.);
#1618=EDGE_CURVE('',#1317,#1316,#478,.T.);
#1619=EDGE_CURVE('',#1317,#1315,#479,.T.);
#1620=EDGE_CURVE('',#1315,#1318,#480,.T.);
#1621=EDGE_CURVE('',#1319,#1317,#481,.T.);
#1622=EDGE_CURVE('',#1319,#1318,#482,.T.);
#1623=EDGE_CURVE('',#1318,#1320,#483,.T.);
#1624=EDGE_CURVE('',#1321,#1319,#484,.T.);
#1625=EDGE_CURVE('',#1321,#1320,#485,.T.);
#1626=EDGE_CURVE('',#1320,#1314,#486,.T.);
#1627=EDGE_CURVE('',#1316,#1321,#487,.T.);
#1628=EDGE_CURVE('',#1322,#1323,#488,.T.);
#1629=EDGE_CURVE('',#1324,#1322,#489,.T.);
#1630=EDGE_CURVE('',#1325,#1324,#490,.T.);
#1631=EDGE_CURVE('',#1325,#1323,#491,.T.);
#1632=EDGE_CURVE('',#1323,#1326,#492,.T.);
#1633=EDGE_CURVE('',#1327,#1325,#493,.T.);
#1634=EDGE_CURVE('',#1327,#1326,#494,.T.);
#1635=EDGE_CURVE('',#1326,#1328,#495,.T.);
#1636=EDGE_CURVE('',#1329,#1327,#496,.T.);
#1637=EDGE_CURVE('',#1329,#1328,#497,.T.);
#1638=EDGE_CURVE('',#1328,#1322,#498,.T.);
#1639=EDGE_CURVE('',#1324,#1329,#499,.T.);
#1640=EDGE_CURVE('',#1330,#1331,#500,.T.);
#1641=EDGE_CURVE('',#1332,#1330,#501,.T.);
#1642=EDGE_CURVE('',#1333,#1332,#502,.T.);
#1643=EDGE_CURVE('',#1333,#1331,#503,.T.);
#1644=EDGE_CURVE('',#1331,#1334,#504,.T.);
#1645=EDGE_CURVE('',#1335,#1333,#505,.T.);
#1646=EDGE_CURVE('',#1335,#1334,#506,.T.);
#1647=EDGE_CURVE('',#1334,#1336,#507,.T.);
#1648=EDGE_CURVE('',#1337,#1335,#508,.T.);
#1649=EDGE_CURVE('',#1337,#1336,#509,.T.);
#1650=EDGE_CURVE('',#1336,#1330,#510,.T.);
#1651=EDGE_CURVE('',#1332,#1337,#511,.T.);
#1652=EDGE_CURVE('',#1338,#1339,#512,.T.);
#1653=EDGE_CURVE('',#1340,#1338,#513,.T.);
#1654=EDGE_CURVE('',#1341,#1340,#514,.T.);
#1655=EDGE_CURVE('',#1341,#1339,#515,.T.);
#1656=EDGE_CURVE('',#1339,#1342,#516,.T.);
#1657=EDGE_CURVE('',#1343,#1341,#517,.T.);
#1658=EDGE_CURVE('',#1343,#1342,#518,.T.);
#1659=EDGE_CURVE('',#1342,#1344,#519,.T.);
#1660=EDGE_CURVE('',#1345,#1343,#520,.T.);
#1661=EDGE_CURVE('',#1345,#1344,#521,.T.);
#1662=EDGE_CURVE('',#1344,#1338,#522,.T.);
#1663=EDGE_CURVE('',#1340,#1345,#523,.T.);
#1664=EDGE_CURVE('',#1346,#1347,#524,.T.);
#1665=EDGE_CURVE('',#1348,#1346,#525,.T.);
#1666=EDGE_CURVE('',#1349,#1348,#526,.T.);
#1667=EDGE_CURVE('',#1347,#1349,#527,.T.);
#1668=EDGE_CURVE('',#1350,#1346,#528,.T.);
#1669=EDGE_CURVE('',#1351,#1350,#529,.T.);
#1670=EDGE_CURVE('',#1351,#1348,#530,.T.);
#1671=EDGE_CURVE('',#1352,#1347,#531,.T.);
#1672=EDGE_CURVE('',#1350,#1352,#532,.T.);
#1673=EDGE_CURVE('',#1353,#1354,#533,.T.);
#1674=EDGE_CURVE('',#1354,#1355,#534,.T.);
#1675=EDGE_CURVE('',#1355,#1356,#535,.T.);
#1676=EDGE_CURVE('',#1356,#1357,#536,.T.);
#1677=EDGE_CURVE('',#1357,#1358,#537,.T.);
#1678=EDGE_CURVE('',#1358,#1359,#538,.T.);
#1679=EDGE_CURVE('',#1359,#1360,#539,.T.);
#1680=EDGE_CURVE('',#1360,#1361,#540,.T.);
#1681=EDGE_CURVE('',#1361,#1362,#541,.T.);
#1682=EDGE_CURVE('',#1362,#1363,#542,.T.);
#1683=EDGE_CURVE('',#1363,#1364,#543,.T.);
#1684=EDGE_CURVE('',#1364,#1365,#544,.T.);
#1685=EDGE_CURVE('',#1365,#1366,#545,.T.);
#1686=EDGE_CURVE('',#1366,#1367,#546,.T.);
#1687=EDGE_CURVE('',#1367,#1368,#547,.T.);
#1688=EDGE_CURVE('',#1368,#1369,#548,.T.);
#1689=EDGE_CURVE('',#1369,#1370,#549,.T.);
#1690=EDGE_CURVE('',#1370,#1371,#550,.T.);
#1691=EDGE_CURVE('',#1371,#1372,#551,.T.);
#1692=EDGE_CURVE('',#1372,#1373,#552,.T.);
#1693=EDGE_CURVE('',#1373,#1374,#553,.T.);
#1694=EDGE_CURVE('',#1374,#1375,#554,.T.);
#1695=EDGE_CURVE('',#1375,#1376,#555,.T.);
#1696=EDGE_CURVE('',#1376,#1377,#556,.T.);
#1697=EDGE_CURVE('',#1377,#1378,#557,.T.);
#1698=EDGE_CURVE('',#1378,#1379,#558,.T.);
#1699=EDGE_CURVE('',#1379,#1380,#559,.T.);
#1700=EDGE_CURVE('',#1380,#1381,#560,.T.);
#1701=EDGE_CURVE('',#1381,#1382,#561,.T.);
#1702=EDGE_CURVE('',#1382,#1383,#562,.T.);
#1703=EDGE_CURVE('',#1383,#1384,#563,.T.);
#1704=EDGE_CURVE('',#1384,#1353,#564,.T.);
#1705=EDGE_CURVE('',#1385,#1351,#565,.T.);
#1706=EDGE_CURVE('',#1349,#1385,#566,.T.);
#1707=EDGE_CURVE('',#1352,#1385,#567,.T.);
#1708=EDGE_CURVE('',#1386,#1354,#568,.T.);
#1709=EDGE_CURVE('',#1387,#1386,#569,.T.);
#1710=EDGE_CURVE('',#1387,#1355,#570,.T.);
#1711=EDGE_CURVE('',#1388,#1387,#571,.T.);
#1712=EDGE_CURVE('',#1388,#1356,#572,.T.);
#1713=EDGE_CURVE('',#1389,#1388,#573,.T.);
#1714=EDGE_CURVE('',#1389,#1357,#574,.T.);
#1715=EDGE_CURVE('',#1390,#1389,#575,.T.);
#1716=EDGE_CURVE('',#1390,#1358,#576,.T.);
#1717=EDGE_CURVE('',#1391,#1390,#577,.T.);
#1718=EDGE_CURVE('',#1391,#1359,#578,.T.);
#1719=EDGE_CURVE('',#1392,#1391,#579,.T.);
#1720=EDGE_CURVE('',#1392,#1360,#580,.T.);
#1721=EDGE_CURVE('',#1393,#1392,#581,.T.);
#1722=EDGE_CURVE('',#1393,#1361,#582,.T.);
#1723=EDGE_CURVE('',#1394,#1393,#583,.T.);
#1724=EDGE_CURVE('',#1394,#1362,#584,.T.);
#1725=EDGE_CURVE('',#1395,#1394,#585,.T.);
#1726=EDGE_CURVE('',#1395,#1363,#586,.T.);
#1727=EDGE_CURVE('',#1396,#1395,#587,.T.);
#1728=EDGE_CURVE('',#1396,#1364,#588,.T.);
#1729=EDGE_CURVE('',#1397,#1396,#589,.T.);
#1730=EDGE_CURVE('',#1397,#1365,#590,.T.);
#1731=EDGE_CURVE('',#1398,#1397,#591,.T.);
#1732=EDGE_CURVE('',#1398,#1366,#592,.T.);
#1733=EDGE_CURVE('',#1399,#1398,#593,.T.);
#1734=EDGE_CURVE('',#1399,#1367,#594,.T.);
#1735=EDGE_CURVE('',#1400,#1399,#595,.T.);
#1736=EDGE_CURVE('',#1400,#1368,#596,.T.);
#1737=EDGE_CURVE('',#1401,#1400,#597,.T.);
#1738=EDGE_CURVE('',#1401,#1369,#598,.T.);
#1739=EDGE_CURVE('',#1402,#1401,#599,.T.);
#1740=EDGE_CURVE('',#1402,#1370,#600,.T.);
#1741=EDGE_CURVE('',#1403,#1402,#601,.T.);
#1742=EDGE_CURVE('',#1403,#1371,#602,.T.);
#1743=EDGE_CURVE('',#1404,#1403,#603,.T.);
#1744=EDGE_CURVE('',#1404,#1372,#604,.T.);
#1745=EDGE_CURVE('',#1405,#1404,#605,.T.);
#1746=EDGE_CURVE('',#1405,#1373,#606,.T.);
#1747=EDGE_CURVE('',#1406,#1405,#607,.T.);
#1748=EDGE_CURVE('',#1406,#1374,#608,.T.);
#1749=EDGE_CURVE('',#1407,#1406,#609,.T.);
#1750=EDGE_CURVE('',#1407,#1375,#610,.T.);
#1751=EDGE_CURVE('',#1408,#1407,#611,.T.);
#1752=EDGE_CURVE('',#1408,#1376,#612,.T.);
#1753=EDGE_CURVE('',#1409,#1408,#613,.T.);
#1754=EDGE_CURVE('',#1409,#1377,#614,.T.);
#1755=EDGE_CURVE('',#1410,#1409,#615,.T.);
#1756=EDGE_CURVE('',#1410,#1378,#616,.T.);
#1757=EDGE_CURVE('',#1411,#1410,#617,.T.);
#1758=EDGE_CURVE('',#1411,#1379,#618,.T.);
#1759=EDGE_CURVE('',#1412,#1411,#619,.T.);
#1760=EDGE_CURVE('',#1412,#1380,#620,.T.);
#1761=EDGE_CURVE('',#1413,#1412,#621,.T.);
#1762=EDGE_CURVE('',#1413,#1381,#622,.T.);
#1763=EDGE_CURVE('',#1414,#1413,#623,.T.);
#1764=EDGE_CURVE('',#1414,#1382,#624,.T.);
#1765=EDGE_CURVE('',#1415,#1414,#625,.T.);
#1766=EDGE_CURVE('',#1415,#1383,#626,.T.);
#1767=EDGE_CURVE('',#1416,#1415,#627,.T.);
#1768=EDGE_CURVE('',#1416,#1384,#628,.T.);
#1769=EDGE_CURVE('',#1417,#1416,#629,.T.);
#1770=EDGE_CURVE('',#1353,#1417,#630,.T.);
#1771=EDGE_CURVE('',#1386,#1417,#631,.T.);
#1772=EDGE_CURVE('',#1418,#1419,#632,.T.);
#1773=EDGE_CURVE('',#1419,#1420,#633,.T.);
#1774=EDGE_CURVE('',#1421,#1420,#634,.T.);
#1775=EDGE_CURVE('',#1418,#1421,#635,.T.);
#1776=EDGE_CURVE('',#1422,#1418,#636,.T.);
#1777=EDGE_CURVE('',#1423,#1421,#637,.T.);
#1778=EDGE_CURVE('',#1422,#1423,#638,.T.);
#1779=EDGE_CURVE('',#1424,#1422,#639,.T.);
#1780=EDGE_CURVE('',#1425,#1423,#640,.T.);
#1781=EDGE_CURVE('',#1424,#1425,#641,.T.);
#1782=EDGE_CURVE('',#1419,#1424,#642,.T.);
#1783=EDGE_CURVE('',#1420,#1425,#643,.T.);
#1784=EDGE_CURVE('',#1426,#1427,#644,.T.);
#1785=EDGE_CURVE('',#1427,#1428,#645,.T.);
#1786=EDGE_CURVE('',#1429,#1428,#646,.T.);
#1787=EDGE_CURVE('',#1426,#1429,#647,.T.);
#1788=EDGE_CURVE('',#1430,#1426,#648,.T.);
#1789=EDGE_CURVE('',#1431,#1429,#649,.T.);
#1790=EDGE_CURVE('',#1430,#1431,#650,.T.);
#1791=EDGE_CURVE('',#1432,#1430,#651,.T.);
#1792=EDGE_CURVE('',#1433,#1431,#652,.T.);
#1793=EDGE_CURVE('',#1432,#1433,#653,.T.);
#1794=EDGE_CURVE('',#1434,#1432,#654,.T.);
#1795=EDGE_CURVE('',#1435,#1433,#655,.T.);
#1796=EDGE_CURVE('',#1434,#1435,#656,.T.);
#1797=EDGE_CURVE('',#1436,#1434,#657,.T.);
#1798=EDGE_CURVE('',#1437,#1435,#658,.T.);
#1799=EDGE_CURVE('',#1436,#1437,#659,.T.);
#1800=EDGE_CURVE('',#1438,#1436,#660,.T.);
#1801=EDGE_CURVE('',#1439,#1437,#661,.T.);
#1802=EDGE_CURVE('',#1438,#1439,#662,.T.);
#1803=EDGE_CURVE('',#1440,#1438,#663,.T.);
#1804=EDGE_CURVE('',#1441,#1439,#664,.T.);
#1805=EDGE_CURVE('',#1440,#1441,#665,.T.);
#1806=EDGE_CURVE('',#1442,#1440,#666,.T.);
#1807=EDGE_CURVE('',#1443,#1441,#667,.T.);
#1808=EDGE_CURVE('',#1442,#1443,#668,.T.);
#1809=EDGE_CURVE('',#1444,#1442,#669,.T.);
#1810=EDGE_CURVE('',#1445,#1443,#670,.T.);
#1811=EDGE_CURVE('',#1444,#1445,#671,.T.);
#1812=EDGE_CURVE('',#1446,#1444,#672,.T.);
#1813=EDGE_CURVE('',#1447,#1445,#673,.T.);
#1814=EDGE_CURVE('',#1446,#1447,#674,.T.);
#1815=EDGE_CURVE('',#1448,#1446,#675,.T.);
#1816=EDGE_CURVE('',#1449,#1447,#676,.T.);
#1817=EDGE_CURVE('',#1448,#1449,#677,.T.);
#1818=EDGE_CURVE('',#1450,#1448,#678,.T.);
#1819=EDGE_CURVE('',#1451,#1449,#679,.T.);
#1820=EDGE_CURVE('',#1450,#1451,#680,.T.);
#1821=EDGE_CURVE('',#1452,#1450,#681,.T.);
#1822=EDGE_CURVE('',#1453,#1451,#682,.T.);
#1823=EDGE_CURVE('',#1452,#1453,#683,.T.);
#1824=EDGE_CURVE('',#1454,#1452,#684,.T.);
#1825=EDGE_CURVE('',#1455,#1453,#685,.T.);
#1826=EDGE_CURVE('',#1454,#1455,#686,.T.);
#1827=EDGE_CURVE('',#1456,#1454,#687,.T.);
#1828=EDGE_CURVE('',#1457,#1455,#688,.T.);
#1829=EDGE_CURVE('',#1456,#1457,#689,.T.);
#1830=EDGE_CURVE('',#1458,#1456,#690,.T.);
#1831=EDGE_CURVE('',#1459,#1457,#691,.T.);
#1832=EDGE_CURVE('',#1458,#1459,#692,.T.);
#1833=EDGE_CURVE('',#1460,#1458,#693,.T.);
#1834=EDGE_CURVE('',#1461,#1459,#694,.T.);
#1835=EDGE_CURVE('',#1460,#1461,#695,.T.);
#1836=EDGE_CURVE('',#1462,#1460,#696,.T.);
#1837=EDGE_CURVE('',#1463,#1461,#697,.T.);
#1838=EDGE_CURVE('',#1462,#1463,#698,.T.);
#1839=EDGE_CURVE('',#1464,#1462,#699,.T.);
#1840=EDGE_CURVE('',#1465,#1463,#700,.T.);
#1841=EDGE_CURVE('',#1464,#1465,#701,.T.);
#1842=EDGE_CURVE('',#1466,#1464,#702,.T.);
#1843=EDGE_CURVE('',#1467,#1465,#703,.T.);
#1844=EDGE_CURVE('',#1466,#1467,#704,.T.);
#1845=EDGE_CURVE('',#1468,#1466,#705,.T.);
#1846=EDGE_CURVE('',#1469,#1467,#706,.T.);
#1847=EDGE_CURVE('',#1468,#1469,#707,.T.);
#1848=EDGE_CURVE('',#1470,#1468,#708,.T.);
#1849=EDGE_CURVE('',#1471,#1469,#709,.T.);
#1850=EDGE_CURVE('',#1470,#1471,#710,.T.);
#1851=EDGE_CURVE('',#1472,#1470,#711,.T.);
#1852=EDGE_CURVE('',#1473,#1471,#712,.T.);
#1853=EDGE_CURVE('',#1472,#1473,#713,.T.);
#1854=EDGE_CURVE('',#1474,#1472,#714,.T.);
#1855=EDGE_CURVE('',#1475,#1473,#715,.T.);
#1856=EDGE_CURVE('',#1474,#1475,#716,.T.);
#1857=EDGE_CURVE('',#1476,#1474,#717,.T.);
#1858=EDGE_CURVE('',#1477,#1475,#718,.T.);
#1859=EDGE_CURVE('',#1476,#1477,#719,.T.);
#1860=EDGE_CURVE('',#1478,#1476,#720,.T.);
#1861=EDGE_CURVE('',#1479,#1477,#721,.T.);
#1862=EDGE_CURVE('',#1478,#1479,#722,.T.);
#1863=EDGE_CURVE('',#1480,#1478,#723,.T.);
#1864=EDGE_CURVE('',#1481,#1479,#724,.T.);
#1865=EDGE_CURVE('',#1480,#1481,#725,.T.);
#1866=EDGE_CURVE('',#1482,#1480,#726,.T.);
#1867=EDGE_CURVE('',#1483,#1481,#727,.T.);
#1868=EDGE_CURVE('',#1482,#1483,#728,.T.);
#1869=EDGE_CURVE('',#1484,#1482,#729,.T.);
#1870=EDGE_CURVE('',#1485,#1483,#730,.T.);
#1871=EDGE_CURVE('',#1484,#1485,#731,.T.);
#1872=EDGE_CURVE('',#1486,#1484,#732,.T.);
#1873=EDGE_CURVE('',#1487,#1485,#733,.T.);
#1874=EDGE_CURVE('',#1486,#1487,#734,.T.);
#1875=EDGE_CURVE('',#1488,#1486,#735,.T.);
#1876=EDGE_CURVE('',#1489,#1487,#736,.T.);
#1877=EDGE_CURVE('',#1488,#1489,#737,.T.);
#1878=EDGE_CURVE('',#1427,#1488,#738,.T.);
#1879=EDGE_CURVE('',#1428,#1489,#739,.T.);
#1880=EDGE_CURVE('',#1490,#1491,#740,.T.);
#1881=EDGE_CURVE('',#1492,#1490,#741,.T.);
#1882=EDGE_CURVE('',#1493,#1492,#742,.T.);
#1883=EDGE_CURVE('',#1493,#1491,#743,.T.);
#1884=EDGE_CURVE('',#1491,#1494,#744,.T.);
#1885=EDGE_CURVE('',#1495,#1493,#745,.T.);
#1886=EDGE_CURVE('',#1495,#1494,#746,.T.);
#1887=EDGE_CURVE('',#1494,#1496,#747,.T.);
#1888=EDGE_CURVE('',#1497,#1495,#748,.T.);
#1889=EDGE_CURVE('',#1497,#1496,#749,.T.);
#1890=EDGE_CURVE('',#1496,#1490,#750,.T.);
#1891=EDGE_CURVE('',#1492,#1497,#751,.T.);
#1892=EDGE_CURVE('',#1498,#1499,#752,.T.);
#1893=EDGE_CURVE('',#1500,#1498,#753,.T.);
#1894=EDGE_CURVE('',#1501,#1500,#754,.T.);
#1895=EDGE_CURVE('',#1501,#1499,#755,.T.);
#1896=EDGE_CURVE('',#1499,#1502,#756,.T.);
#1897=EDGE_CURVE('',#1503,#1501,#757,.T.);
#1898=EDGE_CURVE('',#1503,#1502,#758,.T.);
#1899=EDGE_CURVE('',#1502,#1504,#759,.T.);
#1900=EDGE_CURVE('',#1505,#1503,#760,.T.);
#1901=EDGE_CURVE('',#1505,#1504,#761,.T.);
#1902=EDGE_CURVE('',#1504,#1498,#762,.T.);
#1903=EDGE_CURVE('',#1500,#1505,#763,.T.);
#1904=EDGE_CURVE('',#1506,#1507,#764,.T.);
#1905=EDGE_CURVE('',#1508,#1506,#765,.T.);
#1906=EDGE_CURVE('',#1509,#1508,#766,.T.);
#1907=EDGE_CURVE('',#1509,#1507,#767,.T.);
#1908=EDGE_CURVE('',#1507,#1510,#768,.T.);
#1909=EDGE_CURVE('',#1511,#1509,#769,.T.);
#1910=EDGE_CURVE('',#1511,#1510,#770,.T.);
#1911=EDGE_CURVE('',#1510,#1512,#771,.T.);
#1912=EDGE_CURVE('',#1513,#1511,#772,.T.);
#1913=EDGE_CURVE('',#1513,#1512,#773,.T.);
#1914=EDGE_CURVE('',#1512,#1506,#774,.T.);
#1915=EDGE_CURVE('',#1508,#1513,#775,.T.);
#1916=EDGE_CURVE('',#1514,#1515,#776,.T.);
#1917=EDGE_CURVE('',#1516,#1514,#777,.T.);
#1918=EDGE_CURVE('',#1517,#1516,#778,.T.);
#1919=EDGE_CURVE('',#1517,#1515,#779,.T.);
#1920=EDGE_CURVE('',#1515,#1518,#780,.T.);
#1921=EDGE_CURVE('',#1519,#1517,#781,.T.);
#1922=EDGE_CURVE('',#1519,#1518,#782,.T.);
#1923=EDGE_CURVE('',#1518,#1520,#783,.T.);
#1924=EDGE_CURVE('',#1521,#1519,#784,.T.);
#1925=EDGE_CURVE('',#1521,#1520,#785,.T.);
#1926=EDGE_CURVE('',#1520,#1514,#786,.T.);
#1927=EDGE_CURVE('',#1516,#1521,#787,.T.);
#1928=EDGE_CURVE('',#1522,#1522,#19,.T.);
#1929=EDGE_CURVE('',#1522,#1523,#788,.T.);
#1930=EDGE_CURVE('',#1523,#1523,#20,.T.);
#1931=EDGE_CURVE('',#1524,#1524,#21,.T.);
#1932=EDGE_CURVE('',#1524,#1525,#789,.T.);
#1933=EDGE_CURVE('',#1525,#1525,#22,.T.);
#1934=EDGE_CURVE('',#1526,#1526,#23,.T.);
#1935=EDGE_CURVE('',#1526,#1527,#790,.T.);
#1936=EDGE_CURVE('',#1527,#1527,#24,.T.);
#1937=EDGE_CURVE('',#1528,#1528,#25,.T.);
#1938=EDGE_CURVE('',#1528,#1529,#791,.T.);
#1939=EDGE_CURVE('',#1529,#1529,#26,.T.);
#1940=EDGE_CURVE('',#1530,#1530,#27,.T.);
#1941=EDGE_CURVE('',#1530,#1531,#792,.T.);
#1942=EDGE_CURVE('',#1531,#1531,#28,.T.);
#1943=EDGE_CURVE('',#1532,#1532,#29,.T.);
#1944=EDGE_CURVE('',#1532,#1533,#793,.T.);
#1945=EDGE_CURVE('',#1533,#1533,#30,.T.);
#1946=EDGE_CURVE('',#1534,#1534,#31,.T.);
#1947=EDGE_CURVE('',#1534,#1535,#794,.T.);
#1948=EDGE_CURVE('',#1535,#1535,#32,.T.);
#1949=EDGE_CURVE('',#1536,#1536,#33,.T.);
#1950=EDGE_CURVE('',#1536,#1537,#795,.T.);
#1951=EDGE_CURVE('',#1537,#1537,#34,.T.);
#1952=EDGE_CURVE('',#1538,#1539,#796,.T.);
#1953=EDGE_CURVE('',#1538,#1540,#797,.T.);
#1954=EDGE_CURVE('',#1541,#1540,#798,.T.);
#1955=EDGE_CURVE('',#1539,#1541,#799,.T.);
#1956=EDGE_CURVE('',#1539,#1542,#800,.T.);
#1957=EDGE_CURVE('',#1543,#1541,#801,.T.);
#1958=EDGE_CURVE('',#1542,#1543,#802,.T.);
#1959=EDGE_CURVE('',#1544,#1542,#803,.T.);
#1960=EDGE_CURVE('',#1545,#1543,#804,.T.);
#1961=EDGE_CURVE('',#1544,#1545,#805,.T.);
#1962=EDGE_CURVE('',#1538,#1544,#806,.T.);
#1963=EDGE_CURVE('',#1540,#1545,#807,.T.);
#1964=EDGE_CURVE('',#1546,#1546,#35,.T.);
#1965=EDGE_CURVE('',#1546,#1547,#808,.T.);
#1966=EDGE_CURVE('',#1547,#1547,#36,.T.);
#1967=EDGE_CURVE('',#1548,#1548,#37,.T.);
#1968=EDGE_CURVE('',#1548,#1549,#809,.T.);
#1969=EDGE_CURVE('',#1549,#1549,#38,.T.);
#1970=EDGE_CURVE('',#1550,#1550,#39,.T.);
#1971=EDGE_CURVE('',#1550,#1551,#810,.T.);
#1972=EDGE_CURVE('',#1551,#1551,#40,.T.);
#1973=EDGE_CURVE('',#1552,#1553,#811,.T.);
#1974=EDGE_CURVE('',#1554,#1552,#812,.T.);
#1975=EDGE_CURVE('',#1554,#1555,#813,.T.);
#1976=EDGE_CURVE('',#1553,#1555,#814,.T.);
#1977=EDGE_CURVE('',#1553,#1556,#815,.T.);
#1978=EDGE_CURVE('',#1555,#1557,#816,.T.);
#1979=EDGE_CURVE('',#1556,#1557,#817,.T.);
#1980=EDGE_CURVE('',#1556,#1558,#818,.T.);
#1981=EDGE_CURVE('',#1557,#1559,#819,.T.);
#1982=EDGE_CURVE('',#1558,#1559,#820,.T.);
#1983=EDGE_CURVE('',#1558,#1560,#821,.T.);
#1984=EDGE_CURVE('',#1559,#1561,#822,.T.);
#1985=EDGE_CURVE('',#1560,#1561,#823,.T.);
#1986=EDGE_CURVE('',#1560,#1562,#824,.T.);
#1987=EDGE_CURVE('',#1561,#1563,#825,.T.);
#1988=EDGE_CURVE('',#1562,#1563,#826,.T.);
#1989=EDGE_CURVE('',#1562,#1564,#827,.T.);
#1990=EDGE_CURVE('',#1563,#1565,#828,.T.);
#1991=EDGE_CURVE('',#1564,#1565,#829,.T.);
#1992=EDGE_CURVE('',#1566,#1567,#830,.T.);
#1993=EDGE_CURVE('',#1566,#1568,#831,.T.);
#1994=EDGE_CURVE('',#1568,#1569,#832,.T.);
#1995=EDGE_CURVE('',#1567,#1569,#833,.T.);
#1996=EDGE_CURVE('',#1570,#1566,#834,.T.);
#1997=EDGE_CURVE('',#1570,#1571,#835,.T.);
#1998=EDGE_CURVE('',#1571,#1568,#836,.T.);
#1999=EDGE_CURVE('',#1572,#1570,#15,.T.);
#2000=EDGE_CURVE('',#1572,#1573,#837,.T.);
#2001=EDGE_CURVE('',#1573,#1571,#13,.T.);
#2002=EDGE_CURVE('',#1574,#1572,#838,.T.);
#2003=EDGE_CURVE('',#1574,#1575,#839,.T.);
#2004=EDGE_CURVE('',#1575,#1573,#840,.T.);
#2005=EDGE_CURVE('',#1576,#1574,#841,.T.);
#2006=EDGE_CURVE('',#1576,#1577,#842,.T.);
#2007=EDGE_CURVE('',#1577,#1575,#843,.T.);
#2008=EDGE_CURVE('',#1564,#1576,#844,.T.);
#2009=EDGE_CURVE('',#1565,#1577,#845,.T.);
#2010=EDGE_CURVE('',#1552,#1578,#846,.T.);
#2011=EDGE_CURVE('',#1578,#1579,#847,.T.);
#2012=EDGE_CURVE('',#1554,#1579,#848,.T.);
#2013=EDGE_CURVE('',#1580,#1581,#849,.T.);
#2014=EDGE_CURVE('',#1582,#1580,#850,.T.);
#2015=EDGE_CURVE('',#1583,#1582,#851,.T.);
#2016=EDGE_CURVE('',#1584,#1583,#852,.T.);
#2017=EDGE_CURVE('',#1585,#1584,#853,.T.);
#2018=EDGE_CURVE('',#1578,#1585,#854,.T.);
#2019=EDGE_CURVE('',#1567,#1586,#855,.T.);
#2020=EDGE_CURVE('',#1587,#1586,#856,.T.);
#2021=EDGE_CURVE('',#1588,#1587,#857,.T.);
#2022=EDGE_CURVE('',#1589,#1588,#16,.T.);
#2023=EDGE_CURVE('',#1590,#1589,#858,.T.);
#2024=EDGE_CURVE('',#1591,#1590,#859,.T.);
#2025=EDGE_CURVE('',#1581,#1591,#860,.T.);
#2026=EDGE_CURVE('',#1585,#1592,#861,.T.);
#2027=EDGE_CURVE('',#1579,#1592,#862,.T.);
#2028=EDGE_CURVE('',#1584,#1593,#863,.T.);
#2029=EDGE_CURVE('',#1592,#1593,#864,.T.);
#2030=EDGE_CURVE('',#1583,#1594,#865,.T.);
#2031=EDGE_CURVE('',#1593,#1594,#866,.T.);
#2032=EDGE_CURVE('',#1582,#1595,#867,.T.);
#2033=EDGE_CURVE('',#1594,#1595,#868,.T.);
#2034=EDGE_CURVE('',#1580,#1596,#869,.T.);
#2035=EDGE_CURVE('',#1595,#1596,#870,.T.);
#2036=EDGE_CURVE('',#1581,#1597,#871,.T.);
#2037=EDGE_CURVE('',#1596,#1597,#872,.T.);
#2038=EDGE_CURVE('',#1598,#1569,#873,.T.);
#2039=EDGE_CURVE('',#1586,#1598,#874,.T.);
#2040=EDGE_CURVE('',#1599,#1598,#875,.T.);
#2041=EDGE_CURVE('',#1587,#1599,#876,.T.);
#2042=EDGE_CURVE('',#1600,#1599,#877,.T.);
#2043=EDGE_CURVE('',#1588,#1600,#878,.T.);
#2044=EDGE_CURVE('',#1601,#1600,#14,.T.);
#2045=EDGE_CURVE('',#1589,#1601,#879,.T.);
#2046=EDGE_CURVE('',#1602,#1601,#880,.T.);
#2047=EDGE_CURVE('',#1590,#1602,#881,.T.);
#2048=EDGE_CURVE('',#1603,#1602,#882,.T.);
#2049=EDGE_CURVE('',#1591,#1603,#883,.T.);
#2050=EDGE_CURVE('',#1597,#1603,#884,.T.);
#2051=ORIENTED_EDGE('',*,*,#1604,.F.);
#2052=ORIENTED_EDGE('',*,*,#1605,.F.);
#2053=ORIENTED_EDGE('',*,*,#1606,.F.);
#2054=ORIENTED_EDGE('',*,*,#1607,.T.);
#2055=ORIENTED_EDGE('',*,*,#1608,.F.);
#2056=ORIENTED_EDGE('',*,*,#1607,.F.);
#2057=ORIENTED_EDGE('',*,*,#1609,.F.);
#2058=ORIENTED_EDGE('',*,*,#1610,.T.);
#2059=ORIENTED_EDGE('',*,*,#1611,.F.);
#2060=ORIENTED_EDGE('',*,*,#1610,.F.);
#2061=ORIENTED_EDGE('',*,*,#1612,.F.);
#2062=ORIENTED_EDGE('',*,*,#1613,.T.);
#2063=ORIENTED_EDGE('',*,*,#1614,.F.);
#2064=ORIENTED_EDGE('',*,*,#1613,.F.);
#2065=ORIENTED_EDGE('',*,*,#1615,.F.);
#2066=ORIENTED_EDGE('',*,*,#1605,.T.);
#2067=ORIENTED_EDGE('',*,*,#1616,.F.);
#2068=ORIENTED_EDGE('',*,*,#1617,.F.);
#2069=ORIENTED_EDGE('',*,*,#1618,.F.);
#2070=ORIENTED_EDGE('',*,*,#1619,.T.);
#2071=ORIENTED_EDGE('',*,*,#1620,.F.);
#2072=ORIENTED_EDGE('',*,*,#1619,.F.);
#2073=ORIENTED_EDGE('',*,*,#1621,.F.);
#2074=ORIENTED_EDGE('',*,*,#1622,.T.);
#2075=ORIENTED_EDGE('',*,*,#1623,.F.);
#2076=ORIENTED_EDGE('',*,*,#1622,.F.);
#2077=ORIENTED_EDGE('',*,*,#1624,.F.);
#2078=ORIENTED_EDGE('',*,*,#1625,.T.);
#2079=ORIENTED_EDGE('',*,*,#1626,.F.);
#2080=ORIENTED_EDGE('',*,*,#1625,.F.);
#2081=ORIENTED_EDGE('',*,*,#1627,.F.);
#2082=ORIENTED_EDGE('',*,*,#1617,.T.);
#2083=ORIENTED_EDGE('',*,*,#1628,.F.);
#2084=ORIENTED_EDGE('',*,*,#1629,.F.);
#2085=ORIENTED_EDGE('',*,*,#1630,.F.);
#2086=ORIENTED_EDGE('',*,*,#1631,.T.);
#2087=ORIENTED_EDGE('',*,*,#1632,.F.);
#2088=ORIENTED_EDGE('',*,*,#1631,.F.);
#2089=ORIENTED_EDGE('',*,*,#1633,.F.);
#2090=ORIENTED_EDGE('',*,*,#1634,.T.);
#2091=ORIENTED_EDGE('',*,*,#1635,.F.);
#2092=ORIENTED_EDGE('',*,*,#1634,.F.);
#2093=ORIENTED_EDGE('',*,*,#1636,.F.);
#2094=ORIENTED_EDGE('',*,*,#1637,.T.);
#2095=ORIENTED_EDGE('',*,*,#1638,.F.);
#2096=ORIENTED_EDGE('',*,*,#1637,.F.);
#2097=ORIENTED_EDGE('',*,*,#1639,.F.);
#2098=ORIENTED_EDGE('',*,*,#1629,.T.);
#2099=ORIENTED_EDGE('',*,*,#1640,.F.);
#2100=ORIENTED_EDGE('',*,*,#1641,.F.);
#2101=ORIENTED_EDGE('',*,*,#1642,.F.);
#2102=ORIENTED_EDGE('',*,*,#1643,.T.);
#2103=ORIENTED_EDGE('',*,*,#1644,.F.);
#2104=ORIENTED_EDGE('',*,*,#1643,.F.);
#2105=ORIENTED_EDGE('',*,*,#1645,.F.);
#2106=ORIENTED_EDGE('',*,*,#1646,.T.);
#2107=ORIENTED_EDGE('',*,*,#1647,.F.);
#2108=ORIENTED_EDGE('',*,*,#1646,.F.);
#2109=ORIENTED_EDGE('',*,*,#1648,.F.);
#2110=ORIENTED_EDGE('',*,*,#1649,.T.);
#2111=ORIENTED_EDGE('',*,*,#1650,.F.);
#2112=ORIENTED_EDGE('',*,*,#1649,.F.);
#2113=ORIENTED_EDGE('',*,*,#1651,.F.);
#2114=ORIENTED_EDGE('',*,*,#1641,.T.);
#2115=ORIENTED_EDGE('',*,*,#1652,.F.);
#2116=ORIENTED_EDGE('',*,*,#1653,.F.);
#2117=ORIENTED_EDGE('',*,*,#1654,.F.);
#2118=ORIENTED_EDGE('',*,*,#1655,.T.);
#2119=ORIENTED_EDGE('',*,*,#1656,.F.);
#2120=ORIENTED_EDGE('',*,*,#1655,.F.);
#2121=ORIENTED_EDGE('',*,*,#1657,.F.);
#2122=ORIENTED_EDGE('',*,*,#1658,.T.);
#2123=ORIENTED_EDGE('',*,*,#1659,.F.);
#2124=ORIENTED_EDGE('',*,*,#1658,.F.);
#2125=ORIENTED_EDGE('',*,*,#1660,.F.);
#2126=ORIENTED_EDGE('',*,*,#1661,.T.);
#2127=ORIENTED_EDGE('',*,*,#1662,.F.);
#2128=ORIENTED_EDGE('',*,*,#1661,.F.);
#2129=ORIENTED_EDGE('',*,*,#1663,.F.);
#2130=ORIENTED_EDGE('',*,*,#1653,.T.);
#2131=ORIENTED_EDGE('',*,*,#1664,.F.);
#2132=ORIENTED_EDGE('',*,*,#1665,.F.);
#2133=ORIENTED_EDGE('',*,*,#1666,.F.);
#2134=ORIENTED_EDGE('',*,*,#1667,.F.);
#2135=ORIENTED_EDGE('',*,*,#1659,.T.);
#2136=ORIENTED_EDGE('',*,*,#1662,.T.);
#2137=ORIENTED_EDGE('',*,*,#1652,.T.);
#2138=ORIENTED_EDGE('',*,*,#1656,.T.);
#2139=ORIENTED_EDGE('',*,*,#1647,.T.);
#2140=ORIENTED_EDGE('',*,*,#1650,.T.);
#2141=ORIENTED_EDGE('',*,*,#1640,.T.);
#2142=ORIENTED_EDGE('',*,*,#1644,.T.);
#2143=ORIENTED_EDGE('',*,*,#1635,.T.);
#2144=ORIENTED_EDGE('',*,*,#1638,.T.);
#2145=ORIENTED_EDGE('',*,*,#1628,.T.);
#2146=ORIENTED_EDGE('',*,*,#1632,.T.);
#2147=ORIENTED_EDGE('',*,*,#1623,.T.);
#2148=ORIENTED_EDGE('',*,*,#1626,.T.);
#2149=ORIENTED_EDGE('',*,*,#1616,.T.);
#2150=ORIENTED_EDGE('',*,*,#1620,.T.);
#2151=ORIENTED_EDGE('',*,*,#1611,.T.);
#2152=ORIENTED_EDGE('',*,*,#1614,.T.);
#2153=ORIENTED_EDGE('',*,*,#1604,.T.);
#2154=ORIENTED_EDGE('',*,*,#1608,.T.);
#2155=ORIENTED_EDGE('',*,*,#1665,.T.);
#2156=ORIENTED_EDGE('',*,*,#1668,.F.);
#2157=ORIENTED_EDGE('',*,*,#1669,.F.);
#2158=ORIENTED_EDGE('',*,*,#1670,.T.);
#2159=ORIENTED_EDGE('',*,*,#1664,.T.);
#2160=ORIENTED_EDGE('',*,*,#1671,.F.);
#2161=ORIENTED_EDGE('',*,*,#1672,.F.);
#2162=ORIENTED_EDGE('',*,*,#1668,.T.);
#2163=ORIENTED_EDGE('',*,*,#1673,.T.);
#2164=ORIENTED_EDGE('',*,*,#1674,.T.);
#2165=ORIENTED_EDGE('',*,*,#1675,.T.);
#2166=ORIENTED_EDGE('',*,*,#1676,.T.);
#2167=ORIENTED_EDGE('',*,*,#1677,.T.);
#2168=ORIENTED_EDGE('',*,*,#1678,.T.);
#2169=ORIENTED_EDGE('',*,*,#1679,.T.);
#2170=ORIENTED_EDGE('',*,*,#1680,.T.);
#2171=ORIENTED_EDGE('',*,*,#1681,.T.);
#2172=ORIENTED_EDGE('',*,*,#1682,.T.);
#2173=ORIENTED_EDGE('',*,*,#1683,.T.);
#2174=ORIENTED_EDGE('',*,*,#1684,.T.);
#2175=ORIENTED_EDGE('',*,*,#1685,.T.);
#2176=ORIENTED_EDGE('',*,*,#1686,.T.);
#2177=ORIENTED_EDGE('',*,*,#1687,.T.);
#2178=ORIENTED_EDGE('',*,*,#1688,.T.);
#2179=ORIENTED_EDGE('',*,*,#1689,.T.);
#2180=ORIENTED_EDGE('',*,*,#1690,.T.);
#2181=ORIENTED_EDGE('',*,*,#1691,.T.);
#2182=ORIENTED_EDGE('',*,*,#1692,.T.);
#2183=ORIENTED_EDGE('',*,*,#1693,.T.);
#2184=ORIENTED_EDGE('',*,*,#1694,.T.);
#2185=ORIENTED_EDGE('',*,*,#1695,.T.);
#2186=ORIENTED_EDGE('',*,*,#1696,.T.);
#2187=ORIENTED_EDGE('',*,*,#1697,.T.);
#2188=ORIENTED_EDGE('',*,*,#1698,.T.);
#2189=ORIENTED_EDGE('',*,*,#1699,.T.);
#2190=ORIENTED_EDGE('',*,*,#1700,.T.);
#2191=ORIENTED_EDGE('',*,*,#1701,.T.);
#2192=ORIENTED_EDGE('',*,*,#1702,.T.);
#2193=ORIENTED_EDGE('',*,*,#1703,.T.);
#2194=ORIENTED_EDGE('',*,*,#1704,.T.);
#2195=ORIENTED_EDGE('',*,*,#1660,.T.);
#2196=ORIENTED_EDGE('',*,*,#1657,.T.);
#2197=ORIENTED_EDGE('',*,*,#1654,.T.);
#2198=ORIENTED_EDGE('',*,*,#1663,.T.);
#2199=ORIENTED_EDGE('',*,*,#1648,.T.);
#2200=ORIENTED_EDGE('',*,*,#1645,.T.);
#2201=ORIENTED_EDGE('',*,*,#1642,.T.);
#2202=ORIENTED_EDGE('',*,*,#1651,.T.);
#2203=ORIENTED_EDGE('',*,*,#1636,.T.);
#2204=ORIENTED_EDGE('',*,*,#1633,.T.);
#2205=ORIENTED_EDGE('',*,*,#1630,.T.);
#2206=ORIENTED_EDGE('',*,*,#1639,.T.);
#2207=ORIENTED_EDGE('',*,*,#1624,.T.);
#2208=ORIENTED_EDGE('',*,*,#1621,.T.);
#2209=ORIENTED_EDGE('',*,*,#1618,.T.);
#2210=ORIENTED_EDGE('',*,*,#1627,.T.);
#2211=ORIENTED_EDGE('',*,*,#1612,.T.);
#2212=ORIENTED_EDGE('',*,*,#1609,.T.);
#2213=ORIENTED_EDGE('',*,*,#1606,.T.);
#2214=ORIENTED_EDGE('',*,*,#1615,.T.);
#2215=ORIENTED_EDGE('',*,*,#1666,.T.);
#2216=ORIENTED_EDGE('',*,*,#1670,.F.);
#2217=ORIENTED_EDGE('',*,*,#1705,.F.);
#2218=ORIENTED_EDGE('',*,*,#1706,.F.);
#2219=ORIENTED_EDGE('',*,*,#1667,.T.);
#2220=ORIENTED_EDGE('',*,*,#1706,.T.);
#2221=ORIENTED_EDGE('',*,*,#1707,.F.);
#2222=ORIENTED_EDGE('',*,*,#1671,.T.);
#2223=ORIENTED_EDGE('',*,*,#1708,.F.);
#2224=ORIENTED_EDGE('',*,*,#1709,.F.);
#2225=ORIENTED_EDGE('',*,*,#1710,.T.);
#2226=ORIENTED_EDGE('',*,*,#1674,.F.);
#2227=ORIENTED_EDGE('',*,*,#1710,.F.);
#2228=ORIENTED_EDGE('',*,*,#1711,.F.);
#2229=ORIENTED_EDGE('',*,*,#1712,.T.);
#2230=ORIENTED_EDGE('',*,*,#1675,.F.);
#2231=ORIENTED_EDGE('',*,*,#1712,.F.);
#2232=ORIENTED_EDGE('',*,*,#1713,.F.);
#2233=ORIENTED_EDGE('',*,*,#1714,.T.);
#2234=ORIENTED_EDGE('',*,*,#1676,.F.);
#2235=ORIENTED_EDGE('',*,*,#1714,.F.);
#2236=ORIENTED_EDGE('',*,*,#1715,.F.);
#2237=ORIENTED_EDGE('',*,*,#1716,.T.);
#2238=ORIENTED_EDGE('',*,*,#1677,.F.);
#2239=ORIENTED_EDGE('',*,*,#1716,.F.);
#2240=ORIENTED_EDGE('',*,*,#1717,.F.);
#2241=ORIENTED_EDGE('',*,*,#1718,.T.);
#2242=ORIENTED_EDGE('',*,*,#1678,.F.);
#2243=ORIENTED_EDGE('',*,*,#1718,.F.);
#2244=ORIENTED_EDGE('',*,*,#1719,.F.);
#2245=ORIENTED_EDGE('',*,*,#1720,.T.);
#2246=ORIENTED_EDGE('',*,*,#1679,.F.);
#2247=ORIENTED_EDGE('',*,*,#1720,.F.);
#2248=ORIENTED_EDGE('',*,*,#1721,.F.);
#2249=ORIENTED_EDGE('',*,*,#1722,.T.);
#2250=ORIENTED_EDGE('',*,*,#1680,.F.);
#2251=ORIENTED_EDGE('',*,*,#1722,.F.);
#2252=ORIENTED_EDGE('',*,*,#1723,.F.);
#2253=ORIENTED_EDGE('',*,*,#1724,.T.);
#2254=ORIENTED_EDGE('',*,*,#1681,.F.);
#2255=ORIENTED_EDGE('',*,*,#1724,.F.);
#2256=ORIENTED_EDGE('',*,*,#1725,.F.);
#2257=ORIENTED_EDGE('',*,*,#1726,.T.);
#2258=ORIENTED_EDGE('',*,*,#1682,.F.);
#2259=ORIENTED_EDGE('',*,*,#1726,.F.);
#2260=ORIENTED_EDGE('',*,*,#1727,.F.);
#2261=ORIENTED_EDGE('',*,*,#1728,.T.);
#2262=ORIENTED_EDGE('',*,*,#1683,.F.);
#2263=ORIENTED_EDGE('',*,*,#1728,.F.);
#2264=ORIENTED_EDGE('',*,*,#1729,.F.);
#2265=ORIENTED_EDGE('',*,*,#1730,.T.);
#2266=ORIENTED_EDGE('',*,*,#1684,.F.);
#2267=ORIENTED_EDGE('',*,*,#1730,.F.);
#2268=ORIENTED_EDGE('',*,*,#1731,.F.);
#2269=ORIENTED_EDGE('',*,*,#1732,.T.);
#2270=ORIENTED_EDGE('',*,*,#1685,.F.);
#2271=ORIENTED_EDGE('',*,*,#1732,.F.);
#2272=ORIENTED_EDGE('',*,*,#1733,.F.);
#2273=ORIENTED_EDGE('',*,*,#1734,.T.);
#2274=ORIENTED_EDGE('',*,*,#1686,.F.);
#2275=ORIENTED_EDGE('',*,*,#1734,.F.);
#2276=ORIENTED_EDGE('',*,*,#1735,.F.);
#2277=ORIENTED_EDGE('',*,*,#1736,.T.);
#2278=ORIENTED_EDGE('',*,*,#1687,.F.);
#2279=ORIENTED_EDGE('',*,*,#1736,.F.);
#2280=ORIENTED_EDGE('',*,*,#1737,.F.);
#2281=ORIENTED_EDGE('',*,*,#1738,.T.);
#2282=ORIENTED_EDGE('',*,*,#1688,.F.);
#2283=ORIENTED_EDGE('',*,*,#1738,.F.);
#2284=ORIENTED_EDGE('',*,*,#1739,.F.);
#2285=ORIENTED_EDGE('',*,*,#1740,.T.);
#2286=ORIENTED_EDGE('',*,*,#1689,.F.);
#2287=ORIENTED_EDGE('',*,*,#1740,.F.);
#2288=ORIENTED_EDGE('',*,*,#1741,.F.);
#2289=ORIENTED_EDGE('',*,*,#1742,.T.);
#2290=ORIENTED_EDGE('',*,*,#1690,.F.);
#2291=ORIENTED_EDGE('',*,*,#1742,.F.);
#2292=ORIENTED_EDGE('',*,*,#1743,.F.);
#2293=ORIENTED_EDGE('',*,*,#1744,.T.);
#2294=ORIENTED_EDGE('',*,*,#1691,.F.);
#2295=ORIENTED_EDGE('',*,*,#1744,.F.);
#2296=ORIENTED_EDGE('',*,*,#1745,.F.);
#2297=ORIENTED_EDGE('',*,*,#1746,.T.);
#2298=ORIENTED_EDGE('',*,*,#1692,.F.);
#2299=ORIENTED_EDGE('',*,*,#1746,.F.);
#2300=ORIENTED_EDGE('',*,*,#1747,.F.);
#2301=ORIENTED_EDGE('',*,*,#1748,.T.);
#2302=ORIENTED_EDGE('',*,*,#1693,.F.);
#2303=ORIENTED_EDGE('',*,*,#1748,.F.);
#2304=ORIENTED_EDGE('',*,*,#1749,.F.);
#2305=ORIENTED_EDGE('',*,*,#1750,.T.);
#2306=ORIENTED_EDGE('',*,*,#1694,.F.);
#2307=ORIENTED_EDGE('',*,*,#1750,.F.);
#2308=ORIENTED_EDGE('',*,*,#1751,.F.);
#2309=ORIENTED_EDGE('',*,*,#1752,.T.);
#2310=ORIENTED_EDGE('',*,*,#1695,.F.);
#2311=ORIENTED_EDGE('',*,*,#1752,.F.);
#2312=ORIENTED_EDGE('',*,*,#1753,.F.);
#2313=ORIENTED_EDGE('',*,*,#1754,.T.);
#2314=ORIENTED_EDGE('',*,*,#1696,.F.);
#2315=ORIENTED_EDGE('',*,*,#1754,.F.);
#2316=ORIENTED_EDGE('',*,*,#1755,.F.);
#2317=ORIENTED_EDGE('',*,*,#1756,.T.);
#2318=ORIENTED_EDGE('',*,*,#1697,.F.);
#2319=ORIENTED_EDGE('',*,*,#1756,.F.);
#2320=ORIENTED_EDGE('',*,*,#1757,.F.);
#2321=ORIENTED_EDGE('',*,*,#1758,.T.);
#2322=ORIENTED_EDGE('',*,*,#1698,.F.);
#2323=ORIENTED_EDGE('',*,*,#1758,.F.);
#2324=ORIENTED_EDGE('',*,*,#1759,.F.);
#2325=ORIENTED_EDGE('',*,*,#1760,.T.);
#2326=ORIENTED_EDGE('',*,*,#1699,.F.);
#2327=ORIENTED_EDGE('',*,*,#1760,.F.);
#2328=ORIENTED_EDGE('',*,*,#1761,.F.);
#2329=ORIENTED_EDGE('',*,*,#1762,.T.);
#2330=ORIENTED_EDGE('',*,*,#1700,.F.);
#2331=ORIENTED_EDGE('',*,*,#1762,.F.);
#2332=ORIENTED_EDGE('',*,*,#1763,.F.);
#2333=ORIENTED_EDGE('',*,*,#1764,.T.);
#2334=ORIENTED_EDGE('',*,*,#1701,.F.);
#2335=ORIENTED_EDGE('',*,*,#1764,.F.);
#2336=ORIENTED_EDGE('',*,*,#1765,.F.);
#2337=ORIENTED_EDGE('',*,*,#1766,.T.);
#2338=ORIENTED_EDGE('',*,*,#1702,.F.);
#2339=ORIENTED_EDGE('',*,*,#1766,.F.);
#2340=ORIENTED_EDGE('',*,*,#1767,.F.);
#2341=ORIENTED_EDGE('',*,*,#1768,.T.);
#2342=ORIENTED_EDGE('',*,*,#1703,.F.);
#2343=ORIENTED_EDGE('',*,*,#1768,.F.);
#2344=ORIENTED_EDGE('',*,*,#1769,.F.);
#2345=ORIENTED_EDGE('',*,*,#1770,.F.);
#2346=ORIENTED_EDGE('',*,*,#1704,.F.);
#2347=ORIENTED_EDGE('',*,*,#1770,.T.);
#2348=ORIENTED_EDGE('',*,*,#1771,.F.);
#2349=ORIENTED_EDGE('',*,*,#1708,.T.);
#2350=ORIENTED_EDGE('',*,*,#1673,.F.);
#2351=ORIENTED_EDGE('',*,*,#1771,.T.);
#2352=ORIENTED_EDGE('',*,*,#1769,.T.);
#2353=ORIENTED_EDGE('',*,*,#1767,.T.);
#2354=ORIENTED_EDGE('',*,*,#1765,.T.);
#2355=ORIENTED_EDGE('',*,*,#1763,.T.);
#2356=ORIENTED_EDGE('',*,*,#1761,.T.);
#2357=ORIENTED_EDGE('',*,*,#1759,.T.);
#2358=ORIENTED_EDGE('',*,*,#1757,.T.);
#2359=ORIENTED_EDGE('',*,*,#1755,.T.);
#2360=ORIENTED_EDGE('',*,*,#1753,.T.);
#2361=ORIENTED_EDGE('',*,*,#1751,.T.);
#2362=ORIENTED_EDGE('',*,*,#1749,.T.);
#2363=ORIENTED_EDGE('',*,*,#1747,.T.);
#2364=ORIENTED_EDGE('',*,*,#1745,.T.);
#2365=ORIENTED_EDGE('',*,*,#1743,.T.);
#2366=ORIENTED_EDGE('',*,*,#1741,.T.);
#2367=ORIENTED_EDGE('',*,*,#1739,.T.);
#2368=ORIENTED_EDGE('',*,*,#1737,.T.);
#2369=ORIENTED_EDGE('',*,*,#1735,.T.);
#2370=ORIENTED_EDGE('',*,*,#1733,.T.);
#2371=ORIENTED_EDGE('',*,*,#1731,.T.);
#2372=ORIENTED_EDGE('',*,*,#1729,.T.);
#2373=ORIENTED_EDGE('',*,*,#1727,.T.);
#2374=ORIENTED_EDGE('',*,*,#1725,.T.);
#2375=ORIENTED_EDGE('',*,*,#1723,.T.);
#2376=ORIENTED_EDGE('',*,*,#1721,.T.);
#2377=ORIENTED_EDGE('',*,*,#1719,.T.);
#2378=ORIENTED_EDGE('',*,*,#1717,.T.);
#2379=ORIENTED_EDGE('',*,*,#1715,.T.);
#2380=ORIENTED_EDGE('',*,*,#1713,.T.);
#2381=ORIENTED_EDGE('',*,*,#1711,.T.);
#2382=ORIENTED_EDGE('',*,*,#1709,.T.);
#2383=ORIENTED_EDGE('',*,*,#1707,.T.);
#2384=ORIENTED_EDGE('',*,*,#1705,.T.);
#2385=ORIENTED_EDGE('',*,*,#1669,.T.);
#2386=ORIENTED_EDGE('',*,*,#1672,.T.);
#2387=ORIENTED_EDGE('',*,*,#1772,.T.);
#2388=ORIENTED_EDGE('',*,*,#1773,.T.);
#2389=ORIENTED_EDGE('',*,*,#1774,.F.);
#2390=ORIENTED_EDGE('',*,*,#1775,.F.);
#2391=ORIENTED_EDGE('',*,*,#1776,.T.);
#2392=ORIENTED_EDGE('',*,*,#1775,.T.);
#2393=ORIENTED_EDGE('',*,*,#1777,.F.);
#2394=ORIENTED_EDGE('',*,*,#1778,.F.);
#2395=ORIENTED_EDGE('',*,*,#1779,.T.);
#2396=ORIENTED_EDGE('',*,*,#1778,.T.);
#2397=ORIENTED_EDGE('',*,*,#1780,.F.);
#2398=ORIENTED_EDGE('',*,*,#1781,.F.);
#2399=ORIENTED_EDGE('',*,*,#1782,.T.);
#2400=ORIENTED_EDGE('',*,*,#1781,.T.);
#2401=ORIENTED_EDGE('',*,*,#1783,.F.);
#2402=ORIENTED_EDGE('',*,*,#1773,.F.);
#2403=ORIENTED_EDGE('',*,*,#1784,.T.);
#2404=ORIENTED_EDGE('',*,*,#1785,.T.);
#2405=ORIENTED_EDGE('',*,*,#1786,.F.);
#2406=ORIENTED_EDGE('',*,*,#1787,.F.);
#2407=ORIENTED_EDGE('',*,*,#1788,.T.);
#2408=ORIENTED_EDGE('',*,*,#1787,.T.);
#2409=ORIENTED_EDGE('',*,*,#1789,.F.);
#2410=ORIENTED_EDGE('',*,*,#1790,.F.);
#2411=ORIENTED_EDGE('',*,*,#1791,.T.);
#2412=ORIENTED_EDGE('',*,*,#1790,.T.);
#2413=ORIENTED_EDGE('',*,*,#1792,.F.);
#2414=ORIENTED_EDGE('',*,*,#1793,.F.);
#2415=ORIENTED_EDGE('',*,*,#1794,.T.);
#2416=ORIENTED_EDGE('',*,*,#1793,.T.);
#2417=ORIENTED_EDGE('',*,*,#1795,.F.);
#2418=ORIENTED_EDGE('',*,*,#1796,.F.);
#2419=ORIENTED_EDGE('',*,*,#1797,.T.);
#2420=ORIENTED_EDGE('',*,*,#1796,.T.);
#2421=ORIENTED_EDGE('',*,*,#1798,.F.);
#2422=ORIENTED_EDGE('',*,*,#1799,.F.);
#2423=ORIENTED_EDGE('',*,*,#1800,.T.);
#2424=ORIENTED_EDGE('',*,*,#1799,.T.);
#2425=ORIENTED_EDGE('',*,*,#1801,.F.);
#2426=ORIENTED_EDGE('',*,*,#1802,.F.);
#2427=ORIENTED_EDGE('',*,*,#1803,.T.);
#2428=ORIENTED_EDGE('',*,*,#1802,.T.);
#2429=ORIENTED_EDGE('',*,*,#1804,.F.);
#2430=ORIENTED_EDGE('',*,*,#1805,.F.);
#2431=ORIENTED_EDGE('',*,*,#1806,.T.);
#2432=ORIENTED_EDGE('',*,*,#1805,.T.);
#2433=ORIENTED_EDGE('',*,*,#1807,.F.);
#2434=ORIENTED_EDGE('',*,*,#1808,.F.);
#2435=ORIENTED_EDGE('',*,*,#1809,.T.);
#2436=ORIENTED_EDGE('',*,*,#1808,.T.);
#2437=ORIENTED_EDGE('',*,*,#1810,.F.);
#2438=ORIENTED_EDGE('',*,*,#1811,.F.);
#2439=ORIENTED_EDGE('',*,*,#1812,.T.);
#2440=ORIENTED_EDGE('',*,*,#1811,.T.);
#2441=ORIENTED_EDGE('',*,*,#1813,.F.);
#2442=ORIENTED_EDGE('',*,*,#1814,.F.);
#2443=ORIENTED_EDGE('',*,*,#1815,.T.);
#2444=ORIENTED_EDGE('',*,*,#1814,.T.);
#2445=ORIENTED_EDGE('',*,*,#1816,.F.);
#2446=ORIENTED_EDGE('',*,*,#1817,.F.);
#2447=ORIENTED_EDGE('',*,*,#1818,.T.);
#2448=ORIENTED_EDGE('',*,*,#1817,.T.);
#2449=ORIENTED_EDGE('',*,*,#1819,.F.);
#2450=ORIENTED_EDGE('',*,*,#1820,.F.);
#2451=ORIENTED_EDGE('',*,*,#1821,.T.);
#2452=ORIENTED_EDGE('',*,*,#1820,.T.);
#2453=ORIENTED_EDGE('',*,*,#1822,.F.);
#2454=ORIENTED_EDGE('',*,*,#1823,.F.);
#2455=ORIENTED_EDGE('',*,*,#1824,.T.);
#2456=ORIENTED_EDGE('',*,*,#1823,.T.);
#2457=ORIENTED_EDGE('',*,*,#1825,.F.);
#2458=ORIENTED_EDGE('',*,*,#1826,.F.);
#2459=ORIENTED_EDGE('',*,*,#1827,.T.);
#2460=ORIENTED_EDGE('',*,*,#1826,.T.);
#2461=ORIENTED_EDGE('',*,*,#1828,.F.);
#2462=ORIENTED_EDGE('',*,*,#1829,.F.);
#2463=ORIENTED_EDGE('',*,*,#1830,.T.);
#2464=ORIENTED_EDGE('',*,*,#1829,.T.);
#2465=ORIENTED_EDGE('',*,*,#1831,.F.);
#2466=ORIENTED_EDGE('',*,*,#1832,.F.);
#2467=ORIENTED_EDGE('',*,*,#1833,.T.);
#2468=ORIENTED_EDGE('',*,*,#1832,.T.);
#2469=ORIENTED_EDGE('',*,*,#1834,.F.);
#2470=ORIENTED_EDGE('',*,*,#1835,.F.);
#2471=ORIENTED_EDGE('',*,*,#1836,.T.);
#2472=ORIENTED_EDGE('',*,*,#1835,.T.);
#2473=ORIENTED_EDGE('',*,*,#1837,.F.);
#2474=ORIENTED_EDGE('',*,*,#1838,.F.);
#2475=ORIENTED_EDGE('',*,*,#1839,.T.);
#2476=ORIENTED_EDGE('',*,*,#1838,.T.);
#2477=ORIENTED_EDGE('',*,*,#1840,.F.);
#2478=ORIENTED_EDGE('',*,*,#1841,.F.);
#2479=ORIENTED_EDGE('',*,*,#1842,.T.);
#2480=ORIENTED_EDGE('',*,*,#1841,.T.);
#2481=ORIENTED_EDGE('',*,*,#1843,.F.);
#2482=ORIENTED_EDGE('',*,*,#1844,.F.);
#2483=ORIENTED_EDGE('',*,*,#1845,.T.);
#2484=ORIENTED_EDGE('',*,*,#1844,.T.);
#2485=ORIENTED_EDGE('',*,*,#1846,.F.);
#2486=ORIENTED_EDGE('',*,*,#1847,.F.);
#2487=ORIENTED_EDGE('',*,*,#1848,.T.);
#2488=ORIENTED_EDGE('',*,*,#1847,.T.);
#2489=ORIENTED_EDGE('',*,*,#1849,.F.);
#2490=ORIENTED_EDGE('',*,*,#1850,.F.);
#2491=ORIENTED_EDGE('',*,*,#1851,.T.);
#2492=ORIENTED_EDGE('',*,*,#1850,.T.);
#2493=ORIENTED_EDGE('',*,*,#1852,.F.);
#2494=ORIENTED_EDGE('',*,*,#1853,.F.);
#2495=ORIENTED_EDGE('',*,*,#1854,.T.);
#2496=ORIENTED_EDGE('',*,*,#1853,.T.);
#2497=ORIENTED_EDGE('',*,*,#1855,.F.);
#2498=ORIENTED_EDGE('',*,*,#1856,.F.);
#2499=ORIENTED_EDGE('',*,*,#1857,.T.);
#2500=ORIENTED_EDGE('',*,*,#1856,.T.);
#2501=ORIENTED_EDGE('',*,*,#1858,.F.);
#2502=ORIENTED_EDGE('',*,*,#1859,.F.);
#2503=ORIENTED_EDGE('',*,*,#1860,.T.);
#2504=ORIENTED_EDGE('',*,*,#1859,.T.);
#2505=ORIENTED_EDGE('',*,*,#1861,.F.);
#2506=ORIENTED_EDGE('',*,*,#1862,.F.);
#2507=ORIENTED_EDGE('',*,*,#1863,.T.);
#2508=ORIENTED_EDGE('',*,*,#1862,.T.);
#2509=ORIENTED_EDGE('',*,*,#1864,.F.);
#2510=ORIENTED_EDGE('',*,*,#1865,.F.);
#2511=ORIENTED_EDGE('',*,*,#1866,.T.);
#2512=ORIENTED_EDGE('',*,*,#1865,.T.);
#2513=ORIENTED_EDGE('',*,*,#1867,.F.);
#2514=ORIENTED_EDGE('',*,*,#1868,.F.);
#2515=ORIENTED_EDGE('',*,*,#1869,.T.);
#2516=ORIENTED_EDGE('',*,*,#1868,.T.);
#2517=ORIENTED_EDGE('',*,*,#1870,.F.);
#2518=ORIENTED_EDGE('',*,*,#1871,.F.);
#2519=ORIENTED_EDGE('',*,*,#1872,.T.);
#2520=ORIENTED_EDGE('',*,*,#1871,.T.);
#2521=ORIENTED_EDGE('',*,*,#1873,.F.);
#2522=ORIENTED_EDGE('',*,*,#1874,.F.);
#2523=ORIENTED_EDGE('',*,*,#1875,.T.);
#2524=ORIENTED_EDGE('',*,*,#1874,.T.);
#2525=ORIENTED_EDGE('',*,*,#1876,.F.);
#2526=ORIENTED_EDGE('',*,*,#1877,.F.);
#2527=ORIENTED_EDGE('',*,*,#1878,.T.);
#2528=ORIENTED_EDGE('',*,*,#1877,.T.);
#2529=ORIENTED_EDGE('',*,*,#1879,.F.);
#2530=ORIENTED_EDGE('',*,*,#1785,.F.);
#2531=ORIENTED_EDGE('',*,*,#1879,.T.);
#2532=ORIENTED_EDGE('',*,*,#1876,.T.);
#2533=ORIENTED_EDGE('',*,*,#1873,.T.);
#2534=ORIENTED_EDGE('',*,*,#1870,.T.);
#2535=ORIENTED_EDGE('',*,*,#1867,.T.);
#2536=ORIENTED_EDGE('',*,*,#1864,.T.);
#2537=ORIENTED_EDGE('',*,*,#1861,.T.);
#2538=ORIENTED_EDGE('',*,*,#1858,.T.);
#2539=ORIENTED_EDGE('',*,*,#1855,.T.);
#2540=ORIENTED_EDGE('',*,*,#1852,.T.);
#2541=ORIENTED_EDGE('',*,*,#1849,.T.);
#2542=ORIENTED_EDGE('',*,*,#1846,.T.);
#2543=ORIENTED_EDGE('',*,*,#1843,.T.);
#2544=ORIENTED_EDGE('',*,*,#1840,.T.);
#2545=ORIENTED_EDGE('',*,*,#1837,.T.);
#2546=ORIENTED_EDGE('',*,*,#1834,.T.);
#2547=ORIENTED_EDGE('',*,*,#1831,.T.);
#2548=ORIENTED_EDGE('',*,*,#1828,.T.);
#2549=ORIENTED_EDGE('',*,*,#1825,.T.);
#2550=ORIENTED_EDGE('',*,*,#1822,.T.);
#2551=ORIENTED_EDGE('',*,*,#1819,.T.);
#2552=ORIENTED_EDGE('',*,*,#1816,.T.);
#2553=ORIENTED_EDGE('',*,*,#1813,.T.);
#2554=ORIENTED_EDGE('',*,*,#1810,.T.);
#2555=ORIENTED_EDGE('',*,*,#1807,.T.);
#2556=ORIENTED_EDGE('',*,*,#1804,.T.);
#2557=ORIENTED_EDGE('',*,*,#1801,.T.);
#2558=ORIENTED_EDGE('',*,*,#1798,.T.);
#2559=ORIENTED_EDGE('',*,*,#1795,.T.);
#2560=ORIENTED_EDGE('',*,*,#1792,.T.);
#2561=ORIENTED_EDGE('',*,*,#1789,.T.);
#2562=ORIENTED_EDGE('',*,*,#1786,.T.);
#2563=ORIENTED_EDGE('',*,*,#1783,.T.);
#2564=ORIENTED_EDGE('',*,*,#1780,.T.);
#2565=ORIENTED_EDGE('',*,*,#1777,.T.);
#2566=ORIENTED_EDGE('',*,*,#1774,.T.);
#2567=ORIENTED_EDGE('',*,*,#1878,.F.);
#2568=ORIENTED_EDGE('',*,*,#1784,.F.);
#2569=ORIENTED_EDGE('',*,*,#1788,.F.);
#2570=ORIENTED_EDGE('',*,*,#1791,.F.);
#2571=ORIENTED_EDGE('',*,*,#1794,.F.);
#2572=ORIENTED_EDGE('',*,*,#1797,.F.);
#2573=ORIENTED_EDGE('',*,*,#1800,.F.);
#2574=ORIENTED_EDGE('',*,*,#1803,.F.);
#2575=ORIENTED_EDGE('',*,*,#1806,.F.);
#2576=ORIENTED_EDGE('',*,*,#1809,.F.);
#2577=ORIENTED_EDGE('',*,*,#1812,.F.);
#2578=ORIENTED_EDGE('',*,*,#1815,.F.);
#2579=ORIENTED_EDGE('',*,*,#1818,.F.);
#2580=ORIENTED_EDGE('',*,*,#1821,.F.);
#2581=ORIENTED_EDGE('',*,*,#1824,.F.);
#2582=ORIENTED_EDGE('',*,*,#1827,.F.);
#2583=ORIENTED_EDGE('',*,*,#1830,.F.);
#2584=ORIENTED_EDGE('',*,*,#1833,.F.);
#2585=ORIENTED_EDGE('',*,*,#1836,.F.);
#2586=ORIENTED_EDGE('',*,*,#1839,.F.);
#2587=ORIENTED_EDGE('',*,*,#1842,.F.);
#2588=ORIENTED_EDGE('',*,*,#1845,.F.);
#2589=ORIENTED_EDGE('',*,*,#1848,.F.);
#2590=ORIENTED_EDGE('',*,*,#1851,.F.);
#2591=ORIENTED_EDGE('',*,*,#1854,.F.);
#2592=ORIENTED_EDGE('',*,*,#1857,.F.);
#2593=ORIENTED_EDGE('',*,*,#1860,.F.);
#2594=ORIENTED_EDGE('',*,*,#1863,.F.);
#2595=ORIENTED_EDGE('',*,*,#1866,.F.);
#2596=ORIENTED_EDGE('',*,*,#1869,.F.);
#2597=ORIENTED_EDGE('',*,*,#1872,.F.);
#2598=ORIENTED_EDGE('',*,*,#1875,.F.);
#2599=ORIENTED_EDGE('',*,*,#1782,.F.);
#2600=ORIENTED_EDGE('',*,*,#1772,.F.);
#2601=ORIENTED_EDGE('',*,*,#1776,.F.);
#2602=ORIENTED_EDGE('',*,*,#1779,.F.);
#2603=ORIENTED_EDGE('',*,*,#1880,.F.);
#2604=ORIENTED_EDGE('',*,*,#1881,.F.);
#2605=ORIENTED_EDGE('',*,*,#1882,.F.);
#2606=ORIENTED_EDGE('',*,*,#1883,.T.);
#2607=ORIENTED_EDGE('',*,*,#1884,.F.);
#2608=ORIENTED_EDGE('',*,*,#1883,.F.);
#2609=ORIENTED_EDGE('',*,*,#1885,.F.);
#2610=ORIENTED_EDGE('',*,*,#1886,.T.);
#2611=ORIENTED_EDGE('',*,*,#1887,.F.);
#2612=ORIENTED_EDGE('',*,*,#1886,.F.);
#2613=ORIENTED_EDGE('',*,*,#1888,.F.);
#2614=ORIENTED_EDGE('',*,*,#1889,.T.);
#2615=ORIENTED_EDGE('',*,*,#1890,.F.);
#2616=ORIENTED_EDGE('',*,*,#1889,.F.);
#2617=ORIENTED_EDGE('',*,*,#1891,.F.);
#2618=ORIENTED_EDGE('',*,*,#1881,.T.);
#2619=ORIENTED_EDGE('',*,*,#1892,.F.);
#2620=ORIENTED_EDGE('',*,*,#1893,.F.);
#2621=ORIENTED_EDGE('',*,*,#1894,.F.);
#2622=ORIENTED_EDGE('',*,*,#1895,.T.);
#2623=ORIENTED_EDGE('',*,*,#1896,.F.);
#2624=ORIENTED_EDGE('',*,*,#1895,.F.);
#2625=ORIENTED_EDGE('',*,*,#1897,.F.);
#2626=ORIENTED_EDGE('',*,*,#1898,.T.);
#2627=ORIENTED_EDGE('',*,*,#1899,.F.);
#2628=ORIENTED_EDGE('',*,*,#1898,.F.);
#2629=ORIENTED_EDGE('',*,*,#1900,.F.);
#2630=ORIENTED_EDGE('',*,*,#1901,.T.);
#2631=ORIENTED_EDGE('',*,*,#1902,.F.);
#2632=ORIENTED_EDGE('',*,*,#1901,.F.);
#2633=ORIENTED_EDGE('',*,*,#1903,.F.);
#2634=ORIENTED_EDGE('',*,*,#1893,.T.);
#2635=ORIENTED_EDGE('',*,*,#1904,.F.);
#2636=ORIENTED_EDGE('',*,*,#1905,.F.);
#2637=ORIENTED_EDGE('',*,*,#1906,.F.);
#2638=ORIENTED_EDGE('',*,*,#1907,.T.);
#2639=ORIENTED_EDGE('',*,*,#1908,.F.);
#2640=ORIENTED_EDGE('',*,*,#1907,.F.);
#2641=ORIENTED_EDGE('',*,*,#1909,.F.);
#2642=ORIENTED_EDGE('',*,*,#1910,.T.);
#2643=ORIENTED_EDGE('',*,*,#1911,.F.);
#2644=ORIENTED_EDGE('',*,*,#1910,.F.);
#2645=ORIENTED_EDGE('',*,*,#1912,.F.);
#2646=ORIENTED_EDGE('',*,*,#1913,.T.);
#2647=ORIENTED_EDGE('',*,*,#1914,.F.);
#2648=ORIENTED_EDGE('',*,*,#1913,.F.);
#2649=ORIENTED_EDGE('',*,*,#1915,.F.);
#2650=ORIENTED_EDGE('',*,*,#1905,.T.);
#2651=ORIENTED_EDGE('',*,*,#1916,.F.);
#2652=ORIENTED_EDGE('',*,*,#1917,.F.);
#2653=ORIENTED_EDGE('',*,*,#1918,.F.);
#2654=ORIENTED_EDGE('',*,*,#1919,.T.);
#2655=ORIENTED_EDGE('',*,*,#1920,.F.);
#2656=ORIENTED_EDGE('',*,*,#1919,.F.);
#2657=ORIENTED_EDGE('',*,*,#1921,.F.);
#2658=ORIENTED_EDGE('',*,*,#1922,.T.);
#2659=ORIENTED_EDGE('',*,*,#1923,.F.);
#2660=ORIENTED_EDGE('',*,*,#1922,.F.);
#2661=ORIENTED_EDGE('',*,*,#1924,.F.);
#2662=ORIENTED_EDGE('',*,*,#1925,.T.);
#2663=ORIENTED_EDGE('',*,*,#1926,.F.);
#2664=ORIENTED_EDGE('',*,*,#1925,.F.);
#2665=ORIENTED_EDGE('',*,*,#1927,.F.);
#2666=ORIENTED_EDGE('',*,*,#1917,.T.);
#2667=ORIENTED_EDGE('',*,*,#1928,.F.);
#2668=ORIENTED_EDGE('',*,*,#1929,.T.);
#2669=ORIENTED_EDGE('',*,*,#1930,.T.);
#2670=ORIENTED_EDGE('',*,*,#1929,.F.);
#2671=ORIENTED_EDGE('',*,*,#1930,.F.);
#2672=ORIENTED_EDGE('',*,*,#1931,.F.);
#2673=ORIENTED_EDGE('',*,*,#1932,.T.);
#2674=ORIENTED_EDGE('',*,*,#1933,.T.);
#2675=ORIENTED_EDGE('',*,*,#1932,.F.);
#2676=ORIENTED_EDGE('',*,*,#1933,.F.);
#2677=ORIENTED_EDGE('',*,*,#1934,.F.);
#2678=ORIENTED_EDGE('',*,*,#1935,.T.);
#2679=ORIENTED_EDGE('',*,*,#1936,.T.);
#2680=ORIENTED_EDGE('',*,*,#1935,.F.);
#2681=ORIENTED_EDGE('',*,*,#1936,.F.);
#2682=ORIENTED_EDGE('',*,*,#1937,.F.);
#2683=ORIENTED_EDGE('',*,*,#1938,.T.);
#2684=ORIENTED_EDGE('',*,*,#1939,.T.);
#2685=ORIENTED_EDGE('',*,*,#1938,.F.);
#2686=ORIENTED_EDGE('',*,*,#1939,.F.);
#2687=ORIENTED_EDGE('',*,*,#1940,.F.);
#2688=ORIENTED_EDGE('',*,*,#1941,.T.);
#2689=ORIENTED_EDGE('',*,*,#1942,.F.);
#2690=ORIENTED_EDGE('',*,*,#1941,.F.);
#2691=ORIENTED_EDGE('',*,*,#1942,.T.);
#2692=ORIENTED_EDGE('',*,*,#1928,.T.);
#2693=ORIENTED_EDGE('',*,*,#1943,.F.);
#2694=ORIENTED_EDGE('',*,*,#1944,.T.);
#2695=ORIENTED_EDGE('',*,*,#1945,.F.);
#2696=ORIENTED_EDGE('',*,*,#1944,.F.);
#2697=ORIENTED_EDGE('',*,*,#1945,.T.);
#2698=ORIENTED_EDGE('',*,*,#1931,.T.);
#2699=ORIENTED_EDGE('',*,*,#1946,.F.);
#2700=ORIENTED_EDGE('',*,*,#1947,.T.);
#2701=ORIENTED_EDGE('',*,*,#1948,.F.);
#2702=ORIENTED_EDGE('',*,*,#1947,.F.);
#2703=ORIENTED_EDGE('',*,*,#1948,.T.);
#2704=ORIENTED_EDGE('',*,*,#1937,.T.);
#2705=ORIENTED_EDGE('',*,*,#1949,.F.);
#2706=ORIENTED_EDGE('',*,*,#1950,.T.);
#2707=ORIENTED_EDGE('',*,*,#1951,.F.);
#2708=ORIENTED_EDGE('',*,*,#1950,.F.);
#2709=ORIENTED_EDGE('',*,*,#1951,.T.);
#2710=ORIENTED_EDGE('',*,*,#1934,.T.);
#2711=ORIENTED_EDGE('',*,*,#1952,.F.);
#2712=ORIENTED_EDGE('',*,*,#1953,.T.);
#2713=ORIENTED_EDGE('',*,*,#1954,.F.);
#2714=ORIENTED_EDGE('',*,*,#1955,.F.);
#2715=ORIENTED_EDGE('',*,*,#1956,.F.);
#2716=ORIENTED_EDGE('',*,*,#1955,.T.);
#2717=ORIENTED_EDGE('',*,*,#1957,.F.);
#2718=ORIENTED_EDGE('',*,*,#1958,.F.);
#2719=ORIENTED_EDGE('',*,*,#1887,.T.);
#2720=ORIENTED_EDGE('',*,*,#1890,.T.);
#2721=ORIENTED_EDGE('',*,*,#1880,.T.);
#2722=ORIENTED_EDGE('',*,*,#1884,.T.);
#2723=ORIENTED_EDGE('',*,*,#1899,.T.);
#2724=ORIENTED_EDGE('',*,*,#1902,.T.);
#2725=ORIENTED_EDGE('',*,*,#1892,.T.);
#2726=ORIENTED_EDGE('',*,*,#1896,.T.);
#2727=ORIENTED_EDGE('',*,*,#1911,.T.);
#2728=ORIENTED_EDGE('',*,*,#1914,.T.);
#2729=ORIENTED_EDGE('',*,*,#1904,.T.);
#2730=ORIENTED_EDGE('',*,*,#1908,.T.);
#2731=ORIENTED_EDGE('',*,*,#1923,.T.);
#2732=ORIENTED_EDGE('',*,*,#1926,.T.);
#2733=ORIENTED_EDGE('',*,*,#1916,.T.);
#2734=ORIENTED_EDGE('',*,*,#1920,.T.);
#2735=ORIENTED_EDGE('',*,*,#1959,.T.);
#2736=ORIENTED_EDGE('',*,*,#1958,.T.);
#2737=ORIENTED_EDGE('',*,*,#1960,.F.);
#2738=ORIENTED_EDGE('',*,*,#1961,.F.);
#2739=ORIENTED_EDGE('',*,*,#1962,.T.);
#2740=ORIENTED_EDGE('',*,*,#1961,.T.);
#2741=ORIENTED_EDGE('',*,*,#1963,.F.);
#2742=ORIENTED_EDGE('',*,*,#1953,.F.);
#2743=ORIENTED_EDGE('',*,*,#1949,.T.);
#2744=ORIENTED_EDGE('',*,*,#1946,.T.);
#2745=ORIENTED_EDGE('',*,*,#1943,.T.);
#2746=ORIENTED_EDGE('',*,*,#1940,.T.);
#2747=ORIENTED_EDGE('',*,*,#1924,.T.);
#2748=ORIENTED_EDGE('',*,*,#1921,.T.);
#2749=ORIENTED_EDGE('',*,*,#1918,.T.);
#2750=ORIENTED_EDGE('',*,*,#1927,.T.);
#2751=ORIENTED_EDGE('',*,*,#1912,.T.);
#2752=ORIENTED_EDGE('',*,*,#1909,.T.);
#2753=ORIENTED_EDGE('',*,*,#1906,.T.);
#2754=ORIENTED_EDGE('',*,*,#1915,.T.);
#2755=ORIENTED_EDGE('',*,*,#1900,.T.);
#2756=ORIENTED_EDGE('',*,*,#1897,.T.);
#2757=ORIENTED_EDGE('',*,*,#1894,.T.);
#2758=ORIENTED_EDGE('',*,*,#1903,.T.);
#2759=ORIENTED_EDGE('',*,*,#1888,.T.);
#2760=ORIENTED_EDGE('',*,*,#1885,.T.);
#2761=ORIENTED_EDGE('',*,*,#1882,.T.);
#2762=ORIENTED_EDGE('',*,*,#1891,.T.);
#2763=ORIENTED_EDGE('',*,*,#1963,.T.);
#2764=ORIENTED_EDGE('',*,*,#1960,.T.);
#2765=ORIENTED_EDGE('',*,*,#1957,.T.);
#2766=ORIENTED_EDGE('',*,*,#1954,.T.);
#2767=ORIENTED_EDGE('',*,*,#1962,.F.);
#2768=ORIENTED_EDGE('',*,*,#1952,.T.);
#2769=ORIENTED_EDGE('',*,*,#1956,.T.);
#2770=ORIENTED_EDGE('',*,*,#1959,.F.);
#2771=ORIENTED_EDGE('',*,*,#1964,.F.);
#2772=ORIENTED_EDGE('',*,*,#1965,.T.);
#2773=ORIENTED_EDGE('',*,*,#1966,.T.);
#2774=ORIENTED_EDGE('',*,*,#1965,.F.);
#2775=ORIENTED_EDGE('',*,*,#1966,.F.);
#2776=ORIENTED_EDGE('',*,*,#1967,.F.);
#2777=ORIENTED_EDGE('',*,*,#1968,.T.);
#2778=ORIENTED_EDGE('',*,*,#1969,.F.);
#2779=ORIENTED_EDGE('',*,*,#1968,.F.);
#2780=ORIENTED_EDGE('',*,*,#1967,.T.);
#2781=ORIENTED_EDGE('',*,*,#1964,.T.);
#2782=ORIENTED_EDGE('',*,*,#1970,.F.);
#2783=ORIENTED_EDGE('',*,*,#1971,.T.);
#2784=ORIENTED_EDGE('',*,*,#1972,.T.);
#2785=ORIENTED_EDGE('',*,*,#1971,.F.);
#2786=ORIENTED_EDGE('',*,*,#1970,.T.);
#2787=ORIENTED_EDGE('',*,*,#1969,.T.);
#2788=ORIENTED_EDGE('',*,*,#1972,.F.);
#2789=ORIENTED_EDGE('',*,*,#1973,.F.);
#2790=ORIENTED_EDGE('',*,*,#1974,.F.);
#2791=ORIENTED_EDGE('',*,*,#1975,.T.);
#2792=ORIENTED_EDGE('',*,*,#1976,.F.);
#2793=ORIENTED_EDGE('',*,*,#1977,.F.);
#2794=ORIENTED_EDGE('',*,*,#1976,.T.);
#2795=ORIENTED_EDGE('',*,*,#1978,.T.);
#2796=ORIENTED_EDGE('',*,*,#1979,.F.);
#2797=ORIENTED_EDGE('',*,*,#1980,.F.);
#2798=ORIENTED_EDGE('',*,*,#1979,.T.);
#2799=ORIENTED_EDGE('',*,*,#1981,.T.);
#2800=ORIENTED_EDGE('',*,*,#1982,.F.);
#2801=ORIENTED_EDGE('',*,*,#1983,.F.);
#2802=ORIENTED_EDGE('',*,*,#1982,.T.);
#2803=ORIENTED_EDGE('',*,*,#1984,.T.);
#2804=ORIENTED_EDGE('',*,*,#1985,.F.);
#2805=ORIENTED_EDGE('',*,*,#1986,.F.);
#2806=ORIENTED_EDGE('',*,*,#1985,.T.);
#2807=ORIENTED_EDGE('',*,*,#1987,.T.);
#2808=ORIENTED_EDGE('',*,*,#1988,.F.);
#2809=ORIENTED_EDGE('',*,*,#1989,.F.);
#2810=ORIENTED_EDGE('',*,*,#1988,.T.);
#2811=ORIENTED_EDGE('',*,*,#1990,.T.);
#2812=ORIENTED_EDGE('',*,*,#1991,.F.);
#2813=ORIENTED_EDGE('',*,*,#1992,.F.);
#2814=ORIENTED_EDGE('',*,*,#1993,.T.);
#2815=ORIENTED_EDGE('',*,*,#1994,.T.);
#2816=ORIENTED_EDGE('',*,*,#1995,.F.);
#2817=ORIENTED_EDGE('',*,*,#1996,.F.);
#2818=ORIENTED_EDGE('',*,*,#1997,.T.);
#2819=ORIENTED_EDGE('',*,*,#1998,.T.);
#2820=ORIENTED_EDGE('',*,*,#1993,.F.);
#2821=ORIENTED_EDGE('',*,*,#1999,.F.);
#2822=ORIENTED_EDGE('',*,*,#2000,.T.);
#2823=ORIENTED_EDGE('',*,*,#2001,.T.);
#2824=ORIENTED_EDGE('',*,*,#1997,.F.);
#2825=ORIENTED_EDGE('',*,*,#2002,.F.);
#2826=ORIENTED_EDGE('',*,*,#2003,.T.);
#2827=ORIENTED_EDGE('',*,*,#2004,.T.);
#2828=ORIENTED_EDGE('',*,*,#2000,.F.);
#2829=ORIENTED_EDGE('',*,*,#2005,.F.);
#2830=ORIENTED_EDGE('',*,*,#2006,.T.);
#2831=ORIENTED_EDGE('',*,*,#2007,.T.);
#2832=ORIENTED_EDGE('',*,*,#2003,.F.);
#2833=ORIENTED_EDGE('',*,*,#2008,.F.);
#2834=ORIENTED_EDGE('',*,*,#1991,.T.);
#2835=ORIENTED_EDGE('',*,*,#2009,.T.);
#2836=ORIENTED_EDGE('',*,*,#2006,.F.);
#2837=ORIENTED_EDGE('',*,*,#1974,.T.);
#2838=ORIENTED_EDGE('',*,*,#2010,.T.);
#2839=ORIENTED_EDGE('',*,*,#2011,.T.);
#2840=ORIENTED_EDGE('',*,*,#2012,.F.);
#2841=ORIENTED_EDGE('',*,*,#2013,.F.);
#2842=ORIENTED_EDGE('',*,*,#2014,.F.);
#2843=ORIENTED_EDGE('',*,*,#2015,.F.);
#2844=ORIENTED_EDGE('',*,*,#2016,.F.);
#2845=ORIENTED_EDGE('',*,*,#2017,.F.);
#2846=ORIENTED_EDGE('',*,*,#2018,.F.);
#2847=ORIENTED_EDGE('',*,*,#2010,.F.);
#2848=ORIENTED_EDGE('',*,*,#1973,.T.);
#2849=ORIENTED_EDGE('',*,*,#1977,.T.);
#2850=ORIENTED_EDGE('',*,*,#1980,.T.);
#2851=ORIENTED_EDGE('',*,*,#1983,.T.);
#2852=ORIENTED_EDGE('',*,*,#1986,.T.);
#2853=ORIENTED_EDGE('',*,*,#1989,.T.);
#2854=ORIENTED_EDGE('',*,*,#2008,.T.);
#2855=ORIENTED_EDGE('',*,*,#2005,.T.);
#2856=ORIENTED_EDGE('',*,*,#2002,.T.);
#2857=ORIENTED_EDGE('',*,*,#1999,.T.);
#2858=ORIENTED_EDGE('',*,*,#1996,.T.);
#2859=ORIENTED_EDGE('',*,*,#1992,.T.);
#2860=ORIENTED_EDGE('',*,*,#2019,.T.);
#2861=ORIENTED_EDGE('',*,*,#2020,.F.);
#2862=ORIENTED_EDGE('',*,*,#2021,.F.);
#2863=ORIENTED_EDGE('',*,*,#2022,.F.);
#2864=ORIENTED_EDGE('',*,*,#2023,.F.);
#2865=ORIENTED_EDGE('',*,*,#2024,.F.);
#2866=ORIENTED_EDGE('',*,*,#2025,.F.);
#2867=ORIENTED_EDGE('',*,*,#2018,.T.);
#2868=ORIENTED_EDGE('',*,*,#2026,.T.);
#2869=ORIENTED_EDGE('',*,*,#2027,.F.);
#2870=ORIENTED_EDGE('',*,*,#2011,.F.);
#2871=ORIENTED_EDGE('',*,*,#2017,.T.);
#2872=ORIENTED_EDGE('',*,*,#2028,.T.);
#2873=ORIENTED_EDGE('',*,*,#2029,.F.);
#2874=ORIENTED_EDGE('',*,*,#2026,.F.);
#2875=ORIENTED_EDGE('',*,*,#2016,.T.);
#2876=ORIENTED_EDGE('',*,*,#2030,.T.);
#2877=ORIENTED_EDGE('',*,*,#2031,.F.);
#2878=ORIENTED_EDGE('',*,*,#2028,.F.);
#2879=ORIENTED_EDGE('',*,*,#2015,.T.);
#2880=ORIENTED_EDGE('',*,*,#2032,.T.);
#2881=ORIENTED_EDGE('',*,*,#2033,.F.);
#2882=ORIENTED_EDGE('',*,*,#2030,.F.);
#2883=ORIENTED_EDGE('',*,*,#2014,.T.);
#2884=ORIENTED_EDGE('',*,*,#2034,.T.);
#2885=ORIENTED_EDGE('',*,*,#2035,.F.);
#2886=ORIENTED_EDGE('',*,*,#2032,.F.);
#2887=ORIENTED_EDGE('',*,*,#2013,.T.);
#2888=ORIENTED_EDGE('',*,*,#2036,.T.);
#2889=ORIENTED_EDGE('',*,*,#2037,.F.);
#2890=ORIENTED_EDGE('',*,*,#2034,.F.);
#2891=ORIENTED_EDGE('',*,*,#2019,.F.);
#2892=ORIENTED_EDGE('',*,*,#1995,.T.);
#2893=ORIENTED_EDGE('',*,*,#2038,.F.);
#2894=ORIENTED_EDGE('',*,*,#2039,.F.);
#2895=ORIENTED_EDGE('',*,*,#2020,.T.);
#2896=ORIENTED_EDGE('',*,*,#2039,.T.);
#2897=ORIENTED_EDGE('',*,*,#2040,.F.);
#2898=ORIENTED_EDGE('',*,*,#2041,.F.);
#2899=ORIENTED_EDGE('',*,*,#2021,.T.);
#2900=ORIENTED_EDGE('',*,*,#2041,.T.);
#2901=ORIENTED_EDGE('',*,*,#2042,.F.);
#2902=ORIENTED_EDGE('',*,*,#2043,.F.);
#2903=ORIENTED_EDGE('',*,*,#2022,.T.);
#2904=ORIENTED_EDGE('',*,*,#2043,.T.);
#2905=ORIENTED_EDGE('',*,*,#2044,.F.);
#2906=ORIENTED_EDGE('',*,*,#2045,.F.);
#2907=ORIENTED_EDGE('',*,*,#2023,.T.);
#2908=ORIENTED_EDGE('',*,*,#2045,.T.);
#2909=ORIENTED_EDGE('',*,*,#2046,.F.);
#2910=ORIENTED_EDGE('',*,*,#2047,.F.);
#2911=ORIENTED_EDGE('',*,*,#2024,.T.);
#2912=ORIENTED_EDGE('',*,*,#2047,.T.);
#2913=ORIENTED_EDGE('',*,*,#2048,.F.);
#2914=ORIENTED_EDGE('',*,*,#2049,.F.);
#2915=ORIENTED_EDGE('',*,*,#2025,.T.);
#2916=ORIENTED_EDGE('',*,*,#2049,.T.);
#2917=ORIENTED_EDGE('',*,*,#2050,.F.);
#2918=ORIENTED_EDGE('',*,*,#2036,.F.);
#2919=ORIENTED_EDGE('',*,*,#2038,.T.);
#2920=ORIENTED_EDGE('',*,*,#1994,.F.);
#2921=ORIENTED_EDGE('',*,*,#1998,.F.);
#2922=ORIENTED_EDGE('',*,*,#2001,.F.);
#2923=ORIENTED_EDGE('',*,*,#2004,.F.);
#2924=ORIENTED_EDGE('',*,*,#2007,.F.);
#2925=ORIENTED_EDGE('',*,*,#2009,.F.);
#2926=ORIENTED_EDGE('',*,*,#1990,.F.);
#2927=ORIENTED_EDGE('',*,*,#1987,.F.);
#2928=ORIENTED_EDGE('',*,*,#1984,.F.);
#2929=ORIENTED_EDGE('',*,*,#1981,.F.);
#2930=ORIENTED_EDGE('',*,*,#1978,.F.);
#2931=ORIENTED_EDGE('',*,*,#1975,.F.);
#2932=ORIENTED_EDGE('',*,*,#2012,.T.);
#2933=ORIENTED_EDGE('',*,*,#2027,.T.);
#2934=ORIENTED_EDGE('',*,*,#2029,.T.);
#2935=ORIENTED_EDGE('',*,*,#2031,.T.);
#2936=ORIENTED_EDGE('',*,*,#2033,.T.);
#2937=ORIENTED_EDGE('',*,*,#2035,.T.);
#2938=ORIENTED_EDGE('',*,*,#2037,.T.);
#2939=ORIENTED_EDGE('',*,*,#2050,.T.);
#2940=ORIENTED_EDGE('',*,*,#2048,.T.);
#2941=ORIENTED_EDGE('',*,*,#2046,.T.);
#2942=ORIENTED_EDGE('',*,*,#2044,.T.);
#2943=ORIENTED_EDGE('',*,*,#2042,.T.);
#2944=ORIENTED_EDGE('',*,*,#2040,.T.);
#2945=PLANE('',#3278);
#2946=PLANE('',#3279);
#2947=PLANE('',#3280);
#2948=PLANE('',#3281);
#2949=PLANE('',#3282);
#2950=PLANE('',#3283);
#2951=PLANE('',#3284);
#2952=PLANE('',#3285);
#2953=PLANE('',#3286);
#2954=PLANE('',#3287);
#2955=PLANE('',#3288);
#2956=PLANE('',#3289);
#2957=PLANE('',#3290);
#2958=PLANE('',#3291);
#2959=PLANE('',#3292);
#2960=PLANE('',#3293);
#2961=PLANE('',#3294);
#2962=PLANE('',#3295);
#2963=PLANE('',#3296);
#2964=PLANE('',#3297);
#2965=PLANE('',#3298);
#2966=PLANE('',#3299);
#2967=PLANE('',#3300);
#2968=PLANE('',#3301);
#2969=PLANE('',#3302);
#2970=PLANE('',#3303);
#2971=PLANE('',#3304);
#2972=PLANE('',#3305);
#2973=PLANE('',#3306);
#2974=PLANE('',#3307);
#2975=PLANE('',#3308);
#2976=PLANE('',#3309);
#2977=PLANE('',#3310);
#2978=PLANE('',#3311);
#2979=PLANE('',#3312);
#2980=PLANE('',#3313);
#2981=PLANE('',#3314);
#2982=PLANE('',#3315);
#2983=PLANE('',#3316);
#2984=PLANE('',#3317);
#2985=PLANE('',#3318);
#2986=PLANE('',#3319);
#2987=PLANE('',#3320);
#2988=PLANE('',#3321);
#2989=PLANE('',#3322);
#2990=PLANE('',#3323);
#2991=PLANE('',#3324);
#2992=PLANE('',#3325);
#2993=PLANE('',#3326);
#2994=PLANE('',#3327);
#2995=PLANE('',#3328);
#2996=PLANE('',#3329);
#2997=PLANE('',#3330);
#2998=PLANE('',#3331);
#2999=PLANE('',#3332);
#3000=PLANE('',#3333);
#3001=PLANE('',#3334);
#3002=PLANE('',#3335);
#3003=PLANE('',#3336);
#3004=PLANE('',#3337);
#3005=PLANE('',#3338);
#3006=PLANE('',#3339);
#3007=PLANE('',#3340);
#3008=PLANE('',#3341);
#3009=PLANE('',#3342);
#3010=PLANE('',#3343);
#3011=PLANE('',#3344);
#3012=PLANE('',#3345);
#3013=PLANE('',#3346);
#3014=PLANE('',#3347);
#3015=PLANE('',#3348);
#3016=PLANE('',#3349);
#3017=PLANE('',#3350);
#3018=PLANE('',#3351);
#3019=PLANE('',#3352);
#3020=PLANE('',#3353);
#3021=PLANE('',#3354);
#3022=PLANE('',#3355);
#3023=PLANE('',#3356);
#3024=PLANE('',#3357);
#3025=PLANE('',#3358);
#3026=PLANE('',#3359);
#3027=PLANE('',#3360);
#3028=PLANE('',#3361);
#3029=PLANE('',#3362);
#3030=PLANE('',#3363);
#3031=PLANE('',#3364);
#3032=PLANE('',#3365);
#3033=PLANE('',#3366);
#3034=PLANE('',#3367);
#3035=PLANE('',#3368);
#3036=PLANE('',#3369);
#3037=PLANE('',#3370);
#3038=PLANE('',#3371);
#3039=PLANE('',#3372);
#3040=PLANE('',#3373);
#3041=PLANE('',#3374);
#3042=PLANE('',#3375);
#3043=PLANE('',#3376);
#3044=PLANE('',#3377);
#3045=PLANE('',#3378);
#3046=PLANE('',#3379);
#3047=PLANE('',#3380);
#3048=PLANE('',#3381);
#3049=PLANE('',#3382);
#3050=PLANE('',#3383);
#3051=PLANE('',#3384);
#3052=PLANE('',#3385);
#3053=PLANE('',#3386);
#3054=PLANE('',#3387);
#3055=PLANE('',#3388);
#3056=PLANE('',#3389);
#3057=PLANE('',#3390);
#3058=PLANE('',#3394);
#3059=PLANE('',#3398);
#3060=PLANE('',#3402);
#3061=PLANE('',#3406);
#3062=PLANE('',#3410);
#3063=PLANE('',#3414);
#3064=PLANE('',#3418);
#3065=PLANE('',#3422);
#3066=PLANE('',#3423);
#3067=PLANE('',#3424);
#3068=PLANE('',#3425);
#3069=PLANE('',#3426);
#3070=PLANE('',#3427);
#3071=PLANE('',#3428);
#3072=PLANE('',#3432);
#3073=PLANE('',#3436);
#3074=PLANE('',#3440);
#3075=PLANE('',#3441);
#3076=PLANE('',#3442);
#3077=PLANE('',#3443);
#3078=PLANE('',#3444);
#3079=PLANE('',#3445);
#3080=PLANE('',#3446);
#3081=PLANE('',#3447);
#3082=PLANE('',#3448);
#3083=PLANE('',#3449);
#3084=PLANE('',#3450);
#3085=PLANE('',#3451);
#3086=PLANE('',#3452);
#3087=PLANE('',#3453);
#3088=PLANE('',#3454);
#3089=PLANE('',#3455);
#3090=PLANE('',#3456);
#3091=PLANE('',#3457);
#3092=PLANE('',#3458);
#3093=PLANE('',#3459);
#3094=PLANE('',#3460);
#3095=PLANE('',#3461);
#3096=PLANE('',#3462);
#3097=PLANE('',#3463);
#3098=PLANE('',#3464);
#3099=PLANE('',#3465);
#3100=PLANE('',#3466);
#3101=PLANE('',#3467);
#3102=ADVANCED_FACE('',(#93),#2945,.F.);
#3103=ADVANCED_FACE('',(#94),#2946,.F.);
#3104=ADVANCED_FACE('',(#95),#2947,.F.);
#3105=ADVANCED_FACE('',(#96),#2948,.F.);
#3106=ADVANCED_FACE('',(#97),#2949,.F.);
#3107=ADVANCED_FACE('',(#98),#2950,.F.);
#3108=ADVANCED_FACE('',(#99),#2951,.F.);
#3109=ADVANCED_FACE('',(#100),#2952,.F.);
#3110=ADVANCED_FACE('',(#101),#2953,.F.);
#3111=ADVANCED_FACE('',(#102),#2954,.F.);
#3112=ADVANCED_FACE('',(#103),#2955,.F.);
#3113=ADVANCED_FACE('',(#104),#2956,.F.);
#3114=ADVANCED_FACE('',(#105),#2957,.F.);
#3115=ADVANCED_FACE('',(#106),#2958,.F.);
#3116=ADVANCED_FACE('',(#107),#2959,.F.);
#3117=ADVANCED_FACE('',(#108),#2960,.F.);
#3118=ADVANCED_FACE('',(#109),#2961,.F.);
#3119=ADVANCED_FACE('',(#110),#2962,.F.);
#3120=ADVANCED_FACE('',(#111),#2963,.F.);
#3121=ADVANCED_FACE('',(#112),#2964,.F.);
#3122=ADVANCED_FACE('',(#113,#62,#63,#64,#65,#66),#2965,.T.);
#3123=ADVANCED_FACE('',(#114),#2966,.T.);
#3124=ADVANCED_FACE('',(#115),#2967,.T.);
#3125=ADVANCED_FACE('',(#116,#67,#68,#69,#70,#71),#2968,.T.);
#3126=ADVANCED_FACE('',(#117),#2969,.T.);
#3127=ADVANCED_FACE('',(#118),#2970,.T.);
#3128=ADVANCED_FACE('',(#119),#2971,.T.);
#3129=ADVANCED_FACE('',(#120),#2972,.T.);
#3130=ADVANCED_FACE('',(#121),#2973,.T.);
#3131=ADVANCED_FACE('',(#122),#2974,.T.);
#3132=ADVANCED_FACE('',(#123),#2975,.T.);
#3133=ADVANCED_FACE('',(#124),#2976,.T.);
#3134=ADVANCED_FACE('',(#125),#2977,.T.);
#3135=ADVANCED_FACE('',(#126),#2978,.T.);
#3136=ADVANCED_FACE('',(#127),#2979,.T.);
#3137=ADVANCED_FACE('',(#128),#2980,.T.);
#3138=ADVANCED_FACE('',(#129),#2981,.T.);
#3139=ADVANCED_FACE('',(#130),#2982,.T.);
#3140=ADVANCED_FACE('',(#131),#2983,.T.);
#3141=ADVANCED_FACE('',(#132),#2984,.T.);
#3142=ADVANCED_FACE('',(#133),#2985,.T.);
#3143=ADVANCED_FACE('',(#134),#2986,.T.);
#3144=ADVANCED_FACE('',(#135),#2987,.T.);
#3145=ADVANCED_FACE('',(#136),#2988,.T.);
#3146=ADVANCED_FACE('',(#137),#2989,.T.);
#3147=ADVANCED_FACE('',(#138),#2990,.T.);
#3148=ADVANCED_FACE('',(#139),#2991,.T.);
#3149=ADVANCED_FACE('',(#140),#2992,.T.);
#3150=ADVANCED_FACE('',(#141),#2993,.T.);
#3151=ADVANCED_FACE('',(#142),#2994,.T.);
#3152=ADVANCED_FACE('',(#143),#2995,.T.);
#3153=ADVANCED_FACE('',(#144),#2996,.T.);
#3154=ADVANCED_FACE('',(#145),#2997,.T.);
#3155=ADVANCED_FACE('',(#146),#2998,.T.);
#3156=ADVANCED_FACE('',(#147),#2999,.T.);
#3157=ADVANCED_FACE('',(#148),#3000,.T.);
#3158=ADVANCED_FACE('',(#149),#3001,.T.);
#3159=ADVANCED_FACE('',(#150),#3002,.T.);
#3160=ADVANCED_FACE('',(#151,#72),#3003,.T.);
#3161=ADVANCED_FACE('',(#152),#3004,.T.);
#3162=ADVANCED_FACE('',(#153),#3005,.T.);
#3163=ADVANCED_FACE('',(#154),#3006,.T.);
#3164=ADVANCED_FACE('',(#155),#3007,.T.);
#3165=ADVANCED_FACE('',(#156),#3008,.T.);
#3166=ADVANCED_FACE('',(#157),#3009,.T.);
#3167=ADVANCED_FACE('',(#158),#3010,.T.);
#3168=ADVANCED_FACE('',(#159),#3011,.T.);
#3169=ADVANCED_FACE('',(#160),#3012,.T.);
#3170=ADVANCED_FACE('',(#161),#3013,.T.);
#3171=ADVANCED_FACE('',(#162),#3014,.T.);
#3172=ADVANCED_FACE('',(#163),#3015,.T.);
#3173=ADVANCED_FACE('',(#164),#3016,.T.);
#3174=ADVANCED_FACE('',(#165),#3017,.T.);
#3175=ADVANCED_FACE('',(#166),#3018,.T.);
#3176=ADVANCED_FACE('',(#167),#3019,.T.);
#3177=ADVANCED_FACE('',(#168),#3020,.T.);
#3178=ADVANCED_FACE('',(#169),#3021,.T.);
#3179=ADVANCED_FACE('',(#170),#3022,.T.);
#3180=ADVANCED_FACE('',(#171),#3023,.T.);
#3181=ADVANCED_FACE('',(#172),#3024,.T.);
#3182=ADVANCED_FACE('',(#173),#3025,.T.);
#3183=ADVANCED_FACE('',(#174),#3026,.T.);
#3184=ADVANCED_FACE('',(#175),#3027,.T.);
#3185=ADVANCED_FACE('',(#176),#3028,.T.);
#3186=ADVANCED_FACE('',(#177),#3029,.T.);
#3187=ADVANCED_FACE('',(#178),#3030,.T.);
#3188=ADVANCED_FACE('',(#179),#3031,.T.);
#3189=ADVANCED_FACE('',(#180),#3032,.T.);
#3190=ADVANCED_FACE('',(#181),#3033,.T.);
#3191=ADVANCED_FACE('',(#182),#3034,.T.);
#3192=ADVANCED_FACE('',(#183),#3035,.T.);
#3193=ADVANCED_FACE('',(#184),#3036,.T.);
#3194=ADVANCED_FACE('',(#185),#3037,.T.);
#3195=ADVANCED_FACE('',(#186),#3038,.T.);
#3196=ADVANCED_FACE('',(#187),#3039,.T.);
#3197=ADVANCED_FACE('',(#188,#73),#3040,.T.);
#3198=ADVANCED_FACE('',(#189,#74),#3041,.F.);
#3199=ADVANCED_FACE('',(#190),#3042,.F.);
#3200=ADVANCED_FACE('',(#191),#3043,.F.);
#3201=ADVANCED_FACE('',(#192),#3044,.F.);
#3202=ADVANCED_FACE('',(#193),#3045,.F.);
#3203=ADVANCED_FACE('',(#194),#3046,.F.);
#3204=ADVANCED_FACE('',(#195),#3047,.F.);
#3205=ADVANCED_FACE('',(#196),#3048,.F.);
#3206=ADVANCED_FACE('',(#197),#3049,.F.);
#3207=ADVANCED_FACE('',(#198),#3050,.F.);
#3208=ADVANCED_FACE('',(#199),#3051,.F.);
#3209=ADVANCED_FACE('',(#200),#3052,.F.);
#3210=ADVANCED_FACE('',(#201),#3053,.F.);
#3211=ADVANCED_FACE('',(#202),#3054,.F.);
#3212=ADVANCED_FACE('',(#203),#3055,.F.);
#3213=ADVANCED_FACE('',(#204),#3056,.F.);
#3214=ADVANCED_FACE('',(#205),#3057,.F.);
#3215=ADVANCED_FACE('',(#206),#41,.F.);
#3216=ADVANCED_FACE('',(#207),#3058,.T.);
#3217=ADVANCED_FACE('',(#208),#42,.F.);
#3218=ADVANCED_FACE('',(#209),#3059,.T.);
#3219=ADVANCED_FACE('',(#210),#43,.F.);
#3220=ADVANCED_FACE('',(#211),#3060,.T.);
#3221=ADVANCED_FACE('',(#212),#44,.F.);
#3222=ADVANCED_FACE('',(#213),#3061,.T.);
#3223=ADVANCED_FACE('',(#214),#45,.T.);
#3224=ADVANCED_FACE('',(#215,#75),#3062,.T.);
#3225=ADVANCED_FACE('',(#216),#46,.T.);
#3226=ADVANCED_FACE('',(#217,#76),#3063,.T.);
#3227=ADVANCED_FACE('',(#218),#47,.T.);
#3228=ADVANCED_FACE('',(#219,#77),#3064,.T.);
#3229=ADVANCED_FACE('',(#220),#48,.T.);
#3230=ADVANCED_FACE('',(#221,#78),#3065,.T.);
#3231=ADVANCED_FACE('',(#222),#3066,.T.);
#3232=ADVANCED_FACE('',(#223,#79,#80,#81,#82),#3067,.T.);
#3233=ADVANCED_FACE('',(#224),#3068,.T.);
#3234=ADVANCED_FACE('',(#225,#83,#84,#85,#86,#87,#88,#89,#90),#3069,.T.);
#3235=ADVANCED_FACE('',(#226),#3070,.T.);
#3236=ADVANCED_FACE('',(#227),#3071,.F.);
#3237=ADVANCED_FACE('',(#228),#49,.F.);
#3238=ADVANCED_FACE('',(#229),#3072,.T.);
#3239=ADVANCED_FACE('',(#230),#50,.T.);
#3240=ADVANCED_FACE('',(#231,#91),#3073,.T.);
#3241=ADVANCED_FACE('',(#232),#51,.T.);
#3242=ADVANCED_FACE('',(#233,#92),#3074,.T.);
#3243=ADVANCED_FACE('',(#234),#3075,.F.);
#3244=ADVANCED_FACE('',(#235),#3076,.F.);
#3245=ADVANCED_FACE('',(#236),#3077,.F.);
#3246=ADVANCED_FACE('',(#237),#3078,.F.);
#3247=ADVANCED_FACE('',(#238),#3079,.F.);
#3248=ADVANCED_FACE('',(#239),#3080,.F.);
#3249=ADVANCED_FACE('',(#240),#3081,.F.);
#3250=ADVANCED_FACE('',(#241),#3082,.F.);
#3251=ADVANCED_FACE('',(#242),#3083,.F.);
#3252=ADVANCED_FACE('',(#243),#17,.F.);
#3253=ADVANCED_FACE('',(#244),#3084,.F.);
#3254=ADVANCED_FACE('',(#245),#3085,.F.);
#3255=ADVANCED_FACE('',(#246),#3086,.F.);
#3256=ADVANCED_FACE('',(#247),#3087,.T.);
#3257=ADVANCED_FACE('',(#248),#3088,.T.);
#3258=ADVANCED_FACE('',(#249),#3089,.T.);
#3259=ADVANCED_FACE('',(#250),#3090,.T.);
#3260=ADVANCED_FACE('',(#251),#3091,.T.);
#3261=ADVANCED_FACE('',(#252),#3092,.T.);
#3262=ADVANCED_FACE('',(#253),#3093,.T.);
#3263=ADVANCED_FACE('',(#254),#3094,.T.);
#3264=ADVANCED_FACE('',(#255),#3095,.T.);
#3265=ADVANCED_FACE('',(#256),#3096,.T.);
#3266=ADVANCED_FACE('',(#257),#3097,.T.);
#3267=ADVANCED_FACE('',(#258),#18,.T.);
#3268=ADVANCED_FACE('',(#259),#3098,.T.);
#3269=ADVANCED_FACE('',(#260),#3099,.T.);
#3270=ADVANCED_FACE('',(#261),#3100,.T.);
#3271=ADVANCED_FACE('',(#262),#3101,.F.);
#3272=CLOSED_SHELL('',(#3102,#3103,#3104,#3105,#3106,#3107,#3108,#3109,
#3110,#3111,#3112,#3113,#3114,#3115,#3116,#3117,#3118,#3119,#3120,#3121,
#3122,#3123,#3124,#3125,#3126,#3127,#3128,#3129,#3130,#3131,#3132,#3133,
#3134,#3135,#3136,#3137,#3138,#3139,#3140,#3141,#3142,#3143,#3144,#3145,
#3146,#3147,#3148,#3149,#3150,#3151,#3152,#3153,#3154,#3155,#3156,#3157,
#3158,#3159,#3160));
#3273=CLOSED_SHELL('',(#3161,#3162,#3163,#3164,#3165,#3166,#3167,#3168,
#3169,#3170,#3171,#3172,#3173,#3174,#3175,#3176,#3177,#3178,#3179,#3180,
#3181,#3182,#3183,#3184,#3185,#3186,#3187,#3188,#3189,#3190,#3191,#3192,
#3193,#3194,#3195,#3196,#3197,#3198));
#3274=CLOSED_SHELL('',(#3199,#3200,#3201,#3202,#3203,#3204,#3205,#3206,
#3207,#3208,#3209,#3210,#3211,#3212,#3213,#3214,#3215,#3216,#3217,#3218,
#3219,#3220,#3221,#3222,#3223,#3224,#3225,#3226,#3227,#3228,#3229,#3230,
#3231,#3232,#3233,#3234,#3235,#3236));
#3275=CLOSED_SHELL('',(#3237,#3238,#3239,#3240,#3241,#3242,#3243));
#3276=CLOSED_SHELL('',(#3244,#3245,#3246,#3247,#3248,#3249,#3250,#3251,
#3252,#3253,#3254,#3255,#3256,#3257,#3258,#3259,#3260,#3261,#3262,#3263,
#3264,#3265,#3266,#3267,#3268,#3269,#3270,#3271));
#3277=AXIS2_PLACEMENT_3D('',#4271,#3468,#3469);
#3278=AXIS2_PLACEMENT_3D('',#4272,#3470,#3471);
#3279=AXIS2_PLACEMENT_3D('',#4281,#3476,#3477);
#3280=AXIS2_PLACEMENT_3D('',#4287,#3481,#3482);
#3281=AXIS2_PLACEMENT_3D('',#4293,#3486,#3487);
#3282=AXIS2_PLACEMENT_3D('',#4296,#3490,#3491);
#3283=AXIS2_PLACEMENT_3D('',#4305,#3496,#3497);
#3284=AXIS2_PLACEMENT_3D('',#4311,#3501,#3502);
#3285=AXIS2_PLACEMENT_3D('',#4317,#3506,#3507);
#3286=AXIS2_PLACEMENT_3D('',#4320,#3510,#3511);
#3287=AXIS2_PLACEMENT_3D('',#4329,#3516,#3517);
#3288=AXIS2_PLACEMENT_3D('',#4335,#3521,#3522);
#3289=AXIS2_PLACEMENT_3D('',#4341,#3526,#3527);
#3290=AXIS2_PLACEMENT_3D('',#4344,#3530,#3531);
#3291=AXIS2_PLACEMENT_3D('',#4353,#3536,#3537);
#3292=AXIS2_PLACEMENT_3D('',#4359,#3541,#3542);
#3293=AXIS2_PLACEMENT_3D('',#4365,#3546,#3547);
#3294=AXIS2_PLACEMENT_3D('',#4368,#3550,#3551);
#3295=AXIS2_PLACEMENT_3D('',#4377,#3556,#3557);
#3296=AXIS2_PLACEMENT_3D('',#4383,#3561,#3562);
#3297=AXIS2_PLACEMENT_3D('',#4389,#3566,#3567);
#3298=AXIS2_PLACEMENT_3D('',#4392,#3570,#3571);
#3299=AXIS2_PLACEMENT_3D('',#4401,#3576,#3577);
#3300=AXIS2_PLACEMENT_3D('',#4407,#3581,#3582);
#3301=AXIS2_PLACEMENT_3D('',#4411,#3585,#3586);
#3302=AXIS2_PLACEMENT_3D('',#4476,#3619,#3620);
#3303=AXIS2_PLACEMENT_3D('',#4480,#3623,#3624);
#3304=AXIS2_PLACEMENT_3D('',#4482,#3626,#3627);
#3305=AXIS2_PLACEMENT_3D('',#4488,#3631,#3632);
#3306=AXIS2_PLACEMENT_3D('',#4492,#3635,#3636);
#3307=AXIS2_PLACEMENT_3D('',#4496,#3639,#3640);
#3308=AXIS2_PLACEMENT_3D('',#4500,#3643,#3644);
#3309=AXIS2_PLACEMENT_3D('',#4504,#3647,#3648);
#3310=AXIS2_PLACEMENT_3D('',#4508,#3651,#3652);
#3311=AXIS2_PLACEMENT_3D('',#4512,#3655,#3656);
#3312=AXIS2_PLACEMENT_3D('',#4516,#3659,#3660);
#3313=AXIS2_PLACEMENT_3D('',#4520,#3663,#3664);
#3314=AXIS2_PLACEMENT_3D('',#4524,#3667,#3668);
#3315=AXIS2_PLACEMENT_3D('',#4528,#3671,#3672);
#3316=AXIS2_PLACEMENT_3D('',#4532,#3675,#3676);
#3317=AXIS2_PLACEMENT_3D('',#4536,#3679,#3680);
#3318=AXIS2_PLACEMENT_3D('',#4540,#3683,#3684);
#3319=AXIS2_PLACEMENT_3D('',#4544,#3687,#3688);
#3320=AXIS2_PLACEMENT_3D('',#4548,#3691,#3692);
#3321=AXIS2_PLACEMENT_3D('',#4552,#3695,#3696);
#3322=AXIS2_PLACEMENT_3D('',#4556,#3699,#3700);
#3323=AXIS2_PLACEMENT_3D('',#4560,#3703,#3704);
#3324=AXIS2_PLACEMENT_3D('',#4564,#3707,#3708);
#3325=AXIS2_PLACEMENT_3D('',#4568,#3711,#3712);
#3326=AXIS2_PLACEMENT_3D('',#4572,#3715,#3716);
#3327=AXIS2_PLACEMENT_3D('',#4576,#3719,#3720);
#3328=AXIS2_PLACEMENT_3D('',#4580,#3723,#3724);
#3329=AXIS2_PLACEMENT_3D('',#4584,#3727,#3728);
#3330=AXIS2_PLACEMENT_3D('',#4588,#3731,#3732);
#3331=AXIS2_PLACEMENT_3D('',#4592,#3735,#3736);
#3332=AXIS2_PLACEMENT_3D('',#4596,#3739,#3740);
#3333=AXIS2_PLACEMENT_3D('',#4600,#3743,#3744);
#3334=AXIS2_PLACEMENT_3D('',#4604,#3747,#3748);
#3335=AXIS2_PLACEMENT_3D('',#4608,#3751,#3752);
#3336=AXIS2_PLACEMENT_3D('',#4610,#3754,#3755);
#3337=AXIS2_PLACEMENT_3D('',#4611,#3756,#3757);
#3338=AXIS2_PLACEMENT_3D('',#4620,#3762,#3763);
#3339=AXIS2_PLACEMENT_3D('',#4626,#3767,#3768);
#3340=AXIS2_PLACEMENT_3D('',#4632,#3772,#3773);
#3341=AXIS2_PLACEMENT_3D('',#4635,#3776,#3777);
#3342=AXIS2_PLACEMENT_3D('',#4644,#3782,#3783);
#3343=AXIS2_PLACEMENT_3D('',#4650,#3787,#3788);
#3344=AXIS2_PLACEMENT_3D('',#4656,#3792,#3793);
#3345=AXIS2_PLACEMENT_3D('',#4662,#3797,#3798);
#3346=AXIS2_PLACEMENT_3D('',#4668,#3802,#3803);
#3347=AXIS2_PLACEMENT_3D('',#4674,#3807,#3808);
#3348=AXIS2_PLACEMENT_3D('',#4680,#3812,#3813);
#3349=AXIS2_PLACEMENT_3D('',#4686,#3817,#3818);
#3350=AXIS2_PLACEMENT_3D('',#4692,#3822,#3823);
#3351=AXIS2_PLACEMENT_3D('',#4698,#3827,#3828);
#3352=AXIS2_PLACEMENT_3D('',#4704,#3832,#3833);
#3353=AXIS2_PLACEMENT_3D('',#4710,#3837,#3838);
#3354=AXIS2_PLACEMENT_3D('',#4716,#3842,#3843);
#3355=AXIS2_PLACEMENT_3D('',#4722,#3847,#3848);
#3356=AXIS2_PLACEMENT_3D('',#4728,#3852,#3853);
#3357=AXIS2_PLACEMENT_3D('',#4734,#3857,#3858);
#3358=AXIS2_PLACEMENT_3D('',#4740,#3862,#3863);
#3359=AXIS2_PLACEMENT_3D('',#4746,#3867,#3868);
#3360=AXIS2_PLACEMENT_3D('',#4752,#3872,#3873);
#3361=AXIS2_PLACEMENT_3D('',#4758,#3877,#3878);
#3362=AXIS2_PLACEMENT_3D('',#4764,#3882,#3883);
#3363=AXIS2_PLACEMENT_3D('',#4770,#3887,#3888);
#3364=AXIS2_PLACEMENT_3D('',#4776,#3892,#3893);
#3365=AXIS2_PLACEMENT_3D('',#4782,#3897,#3898);
#3366=AXIS2_PLACEMENT_3D('',#4788,#3902,#3903);
#3367=AXIS2_PLACEMENT_3D('',#4794,#3907,#3908);
#3368=AXIS2_PLACEMENT_3D('',#4800,#3912,#3913);
#3369=AXIS2_PLACEMENT_3D('',#4806,#3917,#3918);
#3370=AXIS2_PLACEMENT_3D('',#4812,#3922,#3923);
#3371=AXIS2_PLACEMENT_3D('',#4818,#3927,#3928);
#3372=AXIS2_PLACEMENT_3D('',#4824,#3932,#3933);
#3373=AXIS2_PLACEMENT_3D('',#4827,#3936,#3937);
#3374=AXIS2_PLACEMENT_3D('',#4828,#3938,#3939);
#3375=AXIS2_PLACEMENT_3D('',#4829,#3940,#3941);
#3376=AXIS2_PLACEMENT_3D('',#4838,#3946,#3947);
#3377=AXIS2_PLACEMENT_3D('',#4844,#3951,#3952);
#3378=AXIS2_PLACEMENT_3D('',#4850,#3956,#3957);
#3379=AXIS2_PLACEMENT_3D('',#4853,#3960,#3961);
#3380=AXIS2_PLACEMENT_3D('',#4862,#3966,#3967);
#3381=AXIS2_PLACEMENT_3D('',#4868,#3971,#3972);
#3382=AXIS2_PLACEMENT_3D('',#4874,#3976,#3977);
#3383=AXIS2_PLACEMENT_3D('',#4877,#3980,#3981);
#3384=AXIS2_PLACEMENT_3D('',#4886,#3986,#3987);
#3385=AXIS2_PLACEMENT_3D('',#4892,#3991,#3992);
#3386=AXIS2_PLACEMENT_3D('',#4898,#3996,#3997);
#3387=AXIS2_PLACEMENT_3D('',#4901,#4000,#4001);
#3388=AXIS2_PLACEMENT_3D('',#4910,#4006,#4007);
#3389=AXIS2_PLACEMENT_3D('',#4916,#4011,#4012);
#3390=AXIS2_PLACEMENT_3D('',#4922,#4016,#4017);
#3391=AXIS2_PLACEMENT_3D('',#4925,#4020,#4021);
#3392=AXIS2_PLACEMENT_3D('',#4927,#4022,#4023);
#3393=AXIS2_PLACEMENT_3D('',#4930,#4025,#4026);
#3394=AXIS2_PLACEMENT_3D('',#4931,#4027,#4028);
#3395=AXIS2_PLACEMENT_3D('',#4932,#4029,#4030);
#3396=AXIS2_PLACEMENT_3D('',#4934,#4031,#4032);
#3397=AXIS2_PLACEMENT_3D('',#4937,#4034,#4035);
#3398=AXIS2_PLACEMENT_3D('',#4938,#4036,#4037);
#3399=AXIS2_PLACEMENT_3D('',#4939,#4038,#4039);
#3400=AXIS2_PLACEMENT_3D('',#4941,#4040,#4041);
#3401=AXIS2_PLACEMENT_3D('',#4944,#4043,#4044);
#3402=AXIS2_PLACEMENT_3D('',#4945,#4045,#4046);
#3403=AXIS2_PLACEMENT_3D('',#4946,#4047,#4048);
#3404=AXIS2_PLACEMENT_3D('',#4948,#4049,#4050);
#3405=AXIS2_PLACEMENT_3D('',#4951,#4052,#4053);
#3406=AXIS2_PLACEMENT_3D('',#4952,#4054,#4055);
#3407=AXIS2_PLACEMENT_3D('',#4953,#4056,#4057);
#3408=AXIS2_PLACEMENT_3D('',#4955,#4058,#4059);
#3409=AXIS2_PLACEMENT_3D('',#4958,#4061,#4062);
#3410=AXIS2_PLACEMENT_3D('',#4959,#4063,#4064);
#3411=AXIS2_PLACEMENT_3D('',#4960,#4065,#4066);
#3412=AXIS2_PLACEMENT_3D('',#4962,#4067,#4068);
#3413=AXIS2_PLACEMENT_3D('',#4965,#4070,#4071);
#3414=AXIS2_PLACEMENT_3D('',#4966,#4072,#4073);
#3415=AXIS2_PLACEMENT_3D('',#4967,#4074,#4075);
#3416=AXIS2_PLACEMENT_3D('',#4969,#4076,#4077);
#3417=AXIS2_PLACEMENT_3D('',#4972,#4079,#4080);
#3418=AXIS2_PLACEMENT_3D('',#4973,#4081,#4082);
#3419=AXIS2_PLACEMENT_3D('',#4974,#4083,#4084);
#3420=AXIS2_PLACEMENT_3D('',#4976,#4085,#4086);
#3421=AXIS2_PLACEMENT_3D('',#4979,#4088,#4089);
#3422=AXIS2_PLACEMENT_3D('',#4980,#4090,#4091);
#3423=AXIS2_PLACEMENT_3D('',#4981,#4092,#4093);
#3424=AXIS2_PLACEMENT_3D('',#4990,#4098,#4099);
#3425=AXIS2_PLACEMENT_3D('',#4996,#4103,#4104);
#3426=AXIS2_PLACEMENT_3D('',#5002,#4108,#4109);
#3427=AXIS2_PLACEMENT_3D('',#5005,#4112,#4113);
#3428=AXIS2_PLACEMENT_3D('',#5006,#4114,#4115);
#3429=AXIS2_PLACEMENT_3D('',#5007,#4116,#4117);
#3430=AXIS2_PLACEMENT_3D('',#5009,#4118,#4119);
#3431=AXIS2_PLACEMENT_3D('',#5012,#4121,#4122);
#3432=AXIS2_PLACEMENT_3D('',#5013,#4123,#4124);
#3433=AXIS2_PLACEMENT_3D('',#5014,#4125,#4126);
#3434=AXIS2_PLACEMENT_3D('',#5016,#4127,#4128);
#3435=AXIS2_PLACEMENT_3D('',#5019,#4130,#4131);
#3436=AXIS2_PLACEMENT_3D('',#5020,#4132,#4133);
#3437=AXIS2_PLACEMENT_3D('',#5021,#4134,#4135);
#3438=AXIS2_PLACEMENT_3D('',#5023,#4136,#4137);
#3439=AXIS2_PLACEMENT_3D('',#5026,#4139,#4140);
#3440=AXIS2_PLACEMENT_3D('',#5027,#4141,#4142);
#3441=AXIS2_PLACEMENT_3D('',#5028,#4143,#4144);
#3442=AXIS2_PLACEMENT_3D('',#5029,#4145,#4146);
#3443=AXIS2_PLACEMENT_3D('',#5038,#4151,#4152);
#3444=AXIS2_PLACEMENT_3D('',#5044,#4156,#4157);
#3445=AXIS2_PLACEMENT_3D('',#5050,#4161,#4162);
#3446=AXIS2_PLACEMENT_3D('',#5056,#4166,#4167);
#3447=AXIS2_PLACEMENT_3D('',#5062,#4171,#4172);
#3448=AXIS2_PLACEMENT_3D('',#5068,#4176,#4177);
#3449=AXIS2_PLACEMENT_3D('',#5077,#4182,#4183);
#3450=AXIS2_PLACEMENT_3D('',#5918,#4188,#4189);
#3451=AXIS2_PLACEMENT_3D('',#5924,#4193,#4194);
#3452=AXIS2_PLACEMENT_3D('',#5930,#4198,#4199);
#3453=AXIS2_PLACEMENT_3D('',#5933,#4202,#4203);
#3454=AXIS2_PLACEMENT_3D('',#5939,#4207,#4208);
#3455=AXIS2_PLACEMENT_3D('',#6676,#4221,#4222);
#3456=AXIS2_PLACEMENT_3D('',#6680,#4225,#4226);
#3457=AXIS2_PLACEMENT_3D('',#6684,#4229,#4230);
#3458=AXIS2_PLACEMENT_3D('',#6688,#4233,#4234);
#3459=AXIS2_PLACEMENT_3D('',#6692,#4237,#4238);
#3460=AXIS2_PLACEMENT_3D('',#6696,#4241,#4242);
#3461=AXIS2_PLACEMENT_3D('',#6700,#4245,#4246);
#3462=AXIS2_PLACEMENT_3D('',#6704,#4249,#4250);
#3463=AXIS2_PLACEMENT_3D('',#6708,#4253,#4254);
#3464=AXIS2_PLACEMENT_3D('',#6834,#4258,#4259);
#3465=AXIS2_PLACEMENT_3D('',#6838,#4262,#4263);
#3466=AXIS2_PLACEMENT_3D('',#6842,#4266,#4267);
#3467=AXIS2_PLACEMENT_3D('',#6844,#4269,#4270);
#3468=DIRECTION('axis',(0.,0.,1.));
#3469=DIRECTION('refdir',(1.,0.,0.));
#3470=DIRECTION('center_axis',(-1.,0.,0.));
#3471=DIRECTION('ref_axis',(0.,1.,0.));
#3472=DIRECTION('',(0.,-1.,0.));
#3473=DIRECTION('',(0.,0.,-1.));
#3474=DIRECTION('',(0.,1.,0.));
#3475=DIRECTION('',(0.,0.,-1.));
#3476=DIRECTION('center_axis',(0.,-1.,0.));
#3477=DIRECTION('ref_axis',(-1.,0.,0.));
#3478=DIRECTION('',(1.,0.,0.));
#3479=DIRECTION('',(-1.,0.,0.));
#3480=DIRECTION('',(0.,0.,-1.));
#3481=DIRECTION('center_axis',(1.,0.,0.));
#3482=DIRECTION('ref_axis',(0.,-1.,0.));
#3483=DIRECTION('',(0.,1.,0.));
#3484=DIRECTION('',(0.,-1.,0.));
#3485=DIRECTION('',(0.,0.,-1.));
#3486=DIRECTION('center_axis',(0.,1.,0.));
#3487=DIRECTION('ref_axis',(1.,0.,0.));
#3488=DIRECTION('',(-1.,0.,0.));
#3489=DIRECTION('',(1.,0.,0.));
#3490=DIRECTION('center_axis',(-1.,0.,0.));
#3491=DIRECTION('ref_axis',(0.,1.,0.));
#3492=DIRECTION('',(0.,-1.,0.));
#3493=DIRECTION('',(0.,0.,-1.));
#3494=DIRECTION('',(0.,1.,0.));
#3495=DIRECTION('',(0.,0.,-1.));
#3496=DIRECTION('center_axis',(0.,-1.,0.));
#3497=DIRECTION('ref_axis',(-1.,0.,0.));
#3498=DIRECTION('',(1.,0.,0.));
#3499=DIRECTION('',(-1.,0.,0.));
#3500=DIRECTION('',(0.,0.,-1.));
#3501=DIRECTION('center_axis',(1.,0.,0.));
#3502=DIRECTION('ref_axis',(0.,-1.,0.));
#3503=DIRECTION('',(0.,1.,0.));
#3504=DIRECTION('',(0.,-1.,0.));
#3505=DIRECTION('',(0.,0.,-1.));
#3506=DIRECTION('center_axis',(0.,1.,0.));
#3507=DIRECTION('ref_axis',(1.,0.,0.));
#3508=DIRECTION('',(-1.,0.,0.));
#3509=DIRECTION('',(1.,0.,0.));
#3510=DIRECTION('center_axis',(-1.,0.,0.));
#3511=DIRECTION('ref_axis',(0.,1.,0.));
#3512=DIRECTION('',(0.,-1.,0.));
#3513=DIRECTION('',(0.,0.,-1.));
#3514=DIRECTION('',(0.,1.,0.));
#3515=DIRECTION('',(0.,0.,-1.));
#3516=DIRECTION('center_axis',(0.,-1.,0.));
#3517=DIRECTION('ref_axis',(-1.,0.,0.));
#3518=DIRECTION('',(1.,0.,0.));
#3519=DIRECTION('',(-1.,0.,0.));
#3520=DIRECTION('',(0.,0.,-1.));
#3521=DIRECTION('center_axis',(1.,0.,0.));
#3522=DIRECTION('ref_axis',(0.,-1.,0.));
#3523=DIRECTION('',(0.,1.,0.));
#3524=DIRECTION('',(0.,-1.,0.));
#3525=DIRECTION('',(0.,0.,-1.));
#3526=DIRECTION('center_axis',(0.,1.,0.));
#3527=DIRECTION('ref_axis',(1.,0.,0.));
#3528=DIRECTION('',(-1.,0.,0.));
#3529=DIRECTION('',(1.,0.,0.));
#3530=DIRECTION('center_axis',(-1.,0.,0.));
#3531=DIRECTION('ref_axis',(0.,1.,0.));
#3532=DIRECTION('',(0.,-1.,0.));
#3533=DIRECTION('',(0.,0.,-1.));
#3534=DIRECTION('',(0.,1.,0.));
#3535=DIRECTION('',(0.,0.,-1.));
#3536=DIRECTION('center_axis',(0.,-1.,0.));
#3537=DIRECTION('ref_axis',(-1.,0.,0.));
#3538=DIRECTION('',(1.,0.,0.));
#3539=DIRECTION('',(-1.,0.,0.));
#3540=DIRECTION('',(0.,0.,-1.));
#3541=DIRECTION('center_axis',(1.,0.,0.));
#3542=DIRECTION('ref_axis',(0.,-1.,0.));
#3543=DIRECTION('',(0.,1.,0.));
#3544=DIRECTION('',(0.,-1.,0.));
#3545=DIRECTION('',(0.,0.,-1.));
#3546=DIRECTION('center_axis',(0.,1.,0.));
#3547=DIRECTION('ref_axis',(1.,0.,0.));
#3548=DIRECTION('',(-1.,0.,0.));
#3549=DIRECTION('',(1.,0.,0.));
#3550=DIRECTION('center_axis',(-1.,0.,0.));
#3551=DIRECTION('ref_axis',(0.,1.,0.));
#3552=DIRECTION('',(0.,-1.,0.));
#3553=DIRECTION('',(0.,0.,-1.));
#3554=DIRECTION('',(0.,1.,0.));
#3555=DIRECTION('',(0.,0.,-1.));
#3556=DIRECTION('center_axis',(0.,-1.,0.));
#3557=DIRECTION('ref_axis',(-1.,0.,0.));
#3558=DIRECTION('',(1.,0.,0.));
#3559=DIRECTION('',(-1.,0.,0.));
#3560=DIRECTION('',(0.,0.,-1.));
#3561=DIRECTION('center_axis',(1.,0.,0.));
#3562=DIRECTION('ref_axis',(0.,-1.,0.));
#3563=DIRECTION('',(0.,1.,0.));
#3564=DIRECTION('',(0.,-1.,0.));
#3565=DIRECTION('',(0.,0.,-1.));
#3566=DIRECTION('center_axis',(0.,1.,0.));
#3567=DIRECTION('ref_axis',(1.,0.,0.));
#3568=DIRECTION('',(-1.,0.,0.));
#3569=DIRECTION('',(1.,0.,0.));
#3570=DIRECTION('center_axis',(0.,0.,-1.));
#3571=DIRECTION('ref_axis',(0.,1.,0.));
#3572=DIRECTION('',(0.,-1.,0.));
#3573=DIRECTION('',(-1.,0.,0.));
#3574=DIRECTION('',(0.,1.,0.));
#3575=DIRECTION('',(1.,0.,0.));
#3576=DIRECTION('center_axis',(0.,-1.,0.));
#3577=DIRECTION('ref_axis',(-1.,0.,0.));
#3578=DIRECTION('',(0.,0.,1.));
#3579=DIRECTION('',(-1.,0.,0.));
#3580=DIRECTION('',(0.,0.,1.));
#3581=DIRECTION('center_axis',(1.,0.,0.));
#3582=DIRECTION('ref_axis',(0.,-1.,0.));
#3583=DIRECTION('',(0.,0.,1.));
#3584=DIRECTION('',(0.,-1.,0.));
#3585=DIRECTION('center_axis',(0.,0.,1.));
#3586=DIRECTION('ref_axis',(1.,0.,0.));
#3587=DIRECTION('',(1.,0.,0.));
#3588=DIRECTION('',(0.,-1.,0.));
#3589=DIRECTION('',(1.,0.,0.));
#3590=DIRECTION('',(0.,1.,0.));
#3591=DIRECTION('',(1.,0.,0.));
#3592=DIRECTION('',(0.,1.,0.));
#3593=DIRECTION('',(1.,0.,0.));
#3594=DIRECTION('',(0.,1.,0.));
#3595=DIRECTION('',(-1.,0.,0.));
#3596=DIRECTION('',(0.,1.,0.));
#3597=DIRECTION('',(-1.,0.,0.));
#3598=DIRECTION('',(0.,1.,0.));
#3599=DIRECTION('',(-1.,0.,0.));
#3600=DIRECTION('',(0.,1.,0.));
#3601=DIRECTION('',(-1.,0.,0.));
#3602=DIRECTION('',(0.,1.,0.));
#3603=DIRECTION('',(-1.,0.,0.));
#3604=DIRECTION('',(0.,-1.,0.));
#3605=DIRECTION('',(-1.,0.,0.));
#3606=DIRECTION('',(0.,-1.,0.));
#3607=DIRECTION('',(-1.,0.,0.));
#3608=DIRECTION('',(0.,-1.,0.));
#3609=DIRECTION('',(-1.,0.,0.));
#3610=DIRECTION('',(0.,-1.,0.));
#3611=DIRECTION('',(-1.,0.,0.));
#3612=DIRECTION('',(0.,-1.,0.));
#3613=DIRECTION('',(1.,0.,0.));
#3614=DIRECTION('',(0.,-1.,0.));
#3615=DIRECTION('',(1.,0.,0.));
#3616=DIRECTION('',(0.,-1.,0.));
#3617=DIRECTION('',(1.,0.,0.));
#3618=DIRECTION('',(0.,1.,0.));
#3619=DIRECTION('center_axis',(-1.,0.,0.));
#3620=DIRECTION('ref_axis',(0.,1.,0.));
#3621=DIRECTION('',(0.,1.,0.));
#3622=DIRECTION('',(0.,0.,-1.));
#3623=DIRECTION('center_axis',(0.,1.,0.));
#3624=DIRECTION('ref_axis',(1.,0.,0.));
#3625=DIRECTION('',(1.,0.,0.));
#3626=DIRECTION('center_axis',(-1.,0.,0.));
#3627=DIRECTION('ref_axis',(0.,1.,0.));
#3628=DIRECTION('',(0.,0.,1.));
#3629=DIRECTION('',(0.,1.,0.));
#3630=DIRECTION('',(0.,0.,1.));
#3631=DIRECTION('center_axis',(0.,-1.,0.));
#3632=DIRECTION('ref_axis',(-1.,0.,0.));
#3633=DIRECTION('',(-1.,0.,0.));
#3634=DIRECTION('',(0.,0.,1.));
#3635=DIRECTION('center_axis',(1.,0.,0.));
#3636=DIRECTION('ref_axis',(0.,-1.,0.));
#3637=DIRECTION('',(0.,-1.,0.));
#3638=DIRECTION('',(0.,0.,1.));
#3639=DIRECTION('center_axis',(0.,-1.,0.));
#3640=DIRECTION('ref_axis',(-1.,0.,0.));
#3641=DIRECTION('',(-1.,0.,0.));
#3642=DIRECTION('',(0.,0.,1.));
#3643=DIRECTION('center_axis',(1.,0.,0.));
#3644=DIRECTION('ref_axis',(0.,-1.,0.));
#3645=DIRECTION('',(0.,-1.,0.));
#3646=DIRECTION('',(0.,0.,1.));
#3647=DIRECTION('center_axis',(0.,-1.,0.));
#3648=DIRECTION('ref_axis',(-1.,0.,0.));
#3649=DIRECTION('',(-1.,0.,0.));
#3650=DIRECTION('',(0.,0.,1.));
#3651=DIRECTION('center_axis',(1.,0.,0.));
#3652=DIRECTION('ref_axis',(0.,-1.,0.));
#3653=DIRECTION('',(0.,-1.,0.));
#3654=DIRECTION('',(0.,0.,1.));
#3655=DIRECTION('center_axis',(0.,1.,0.));
#3656=DIRECTION('ref_axis',(1.,0.,0.));
#3657=DIRECTION('',(1.,0.,0.));
#3658=DIRECTION('',(0.,0.,1.));
#3659=DIRECTION('center_axis',(1.,0.,0.));
#3660=DIRECTION('ref_axis',(0.,-1.,0.));
#3661=DIRECTION('',(0.,-1.,0.));
#3662=DIRECTION('',(0.,0.,1.));
#3663=DIRECTION('center_axis',(0.,1.,0.));
#3664=DIRECTION('ref_axis',(1.,0.,0.));
#3665=DIRECTION('',(1.,0.,0.));
#3666=DIRECTION('',(0.,0.,1.));
#3667=DIRECTION('center_axis',(1.,0.,0.));
#3668=DIRECTION('ref_axis',(0.,-1.,0.));
#3669=DIRECTION('',(0.,-1.,0.));
#3670=DIRECTION('',(0.,0.,1.));
#3671=DIRECTION('center_axis',(0.,1.,0.));
#3672=DIRECTION('ref_axis',(1.,0.,0.));
#3673=DIRECTION('',(1.,0.,0.));
#3674=DIRECTION('',(0.,0.,1.));
#3675=DIRECTION('center_axis',(1.,0.,0.));
#3676=DIRECTION('ref_axis',(0.,-1.,0.));
#3677=DIRECTION('',(0.,-1.,0.));
#3678=DIRECTION('',(0.,0.,1.));
#3679=DIRECTION('center_axis',(0.,1.,0.));
#3680=DIRECTION('ref_axis',(1.,0.,0.));
#3681=DIRECTION('',(1.,0.,0.));
#3682=DIRECTION('',(0.,0.,1.));
#3683=DIRECTION('center_axis',(1.,0.,0.));
#3684=DIRECTION('ref_axis',(0.,-1.,0.));
#3685=DIRECTION('',(0.,-1.,0.));
#3686=DIRECTION('',(0.,0.,1.));
#3687=DIRECTION('center_axis',(0.,1.,0.));
#3688=DIRECTION('ref_axis',(1.,0.,0.));
#3689=DIRECTION('',(1.,0.,0.));
#3690=DIRECTION('',(0.,0.,1.));
#3691=DIRECTION('center_axis',(-1.,0.,0.));
#3692=DIRECTION('ref_axis',(0.,1.,0.));
#3693=DIRECTION('',(0.,1.,0.));
#3694=DIRECTION('',(0.,0.,1.));
#3695=DIRECTION('center_axis',(0.,1.,0.));
#3696=DIRECTION('ref_axis',(1.,0.,0.));
#3697=DIRECTION('',(1.,0.,0.));
#3698=DIRECTION('',(0.,0.,1.));
#3699=DIRECTION('center_axis',(-1.,0.,0.));
#3700=DIRECTION('ref_axis',(0.,1.,0.));
#3701=DIRECTION('',(0.,1.,0.));
#3702=DIRECTION('',(0.,0.,1.));
#3703=DIRECTION('center_axis',(0.,1.,0.));
#3704=DIRECTION('ref_axis',(1.,0.,0.));
#3705=DIRECTION('',(1.,0.,0.));
#3706=DIRECTION('',(0.,0.,1.));
#3707=DIRECTION('center_axis',(-1.,0.,0.));
#3708=DIRECTION('ref_axis',(0.,1.,0.));
#3709=DIRECTION('',(0.,1.,0.));
#3710=DIRECTION('',(0.,0.,1.));
#3711=DIRECTION('center_axis',(0.,1.,0.));
#3712=DIRECTION('ref_axis',(1.,0.,0.));
#3713=DIRECTION('',(1.,0.,0.));
#3714=DIRECTION('',(0.,0.,1.));
#3715=DIRECTION('center_axis',(-1.,0.,0.));
#3716=DIRECTION('ref_axis',(0.,1.,0.));
#3717=DIRECTION('',(0.,1.,0.));
#3718=DIRECTION('',(0.,0.,1.));
#3719=DIRECTION('center_axis',(0.,1.,0.));
#3720=DIRECTION('ref_axis',(1.,0.,0.));
#3721=DIRECTION('',(1.,0.,0.));
#3722=DIRECTION('',(0.,0.,1.));
#3723=DIRECTION('center_axis',(-1.,0.,0.));
#3724=DIRECTION('ref_axis',(0.,1.,0.));
#3725=DIRECTION('',(0.,1.,0.));
#3726=DIRECTION('',(0.,0.,1.));
#3727=DIRECTION('center_axis',(0.,-1.,0.));
#3728=DIRECTION('ref_axis',(-1.,0.,0.));
#3729=DIRECTION('',(-1.,0.,0.));
#3730=DIRECTION('',(0.,0.,1.));
#3731=DIRECTION('center_axis',(-1.,0.,0.));
#3732=DIRECTION('ref_axis',(0.,1.,0.));
#3733=DIRECTION('',(0.,1.,0.));
#3734=DIRECTION('',(0.,0.,1.));
#3735=DIRECTION('center_axis',(0.,-1.,0.));
#3736=DIRECTION('ref_axis',(-1.,0.,0.));
#3737=DIRECTION('',(-1.,0.,0.));
#3738=DIRECTION('',(0.,0.,1.));
#3739=DIRECTION('center_axis',(-1.,0.,0.));
#3740=DIRECTION('ref_axis',(0.,1.,0.));
#3741=DIRECTION('',(0.,1.,0.));
#3742=DIRECTION('',(0.,0.,1.));
#3743=DIRECTION('center_axis',(0.,-1.,0.));
#3744=DIRECTION('ref_axis',(-1.,0.,0.));
#3745=DIRECTION('',(-1.,0.,0.));
#3746=DIRECTION('',(0.,0.,1.));
#3747=DIRECTION('center_axis',(1.,0.,0.));
#3748=DIRECTION('ref_axis',(0.,-1.,0.));
#3749=DIRECTION('',(0.,-1.,0.));
#3750=DIRECTION('',(0.,0.,-1.));
#3751=DIRECTION('center_axis',(0.,-1.,0.));
#3752=DIRECTION('ref_axis',(-1.,0.,0.));
#3753=DIRECTION('',(-1.,0.,0.));
#3754=DIRECTION('center_axis',(0.,0.,-1.));
#3755=DIRECTION('ref_axis',(-1.,0.,0.));
#3756=DIRECTION('center_axis',(1.,0.,0.));
#3757=DIRECTION('ref_axis',(0.,-1.,0.));
#3758=DIRECTION('',(0.,-1.,0.));
#3759=DIRECTION('',(0.,0.,-1.));
#3760=DIRECTION('',(0.,-1.,0.));
#3761=DIRECTION('',(0.,0.,-1.));
#3762=DIRECTION('center_axis',(0.,-1.,0.));
#3763=DIRECTION('ref_axis',(-1.,0.,0.));
#3764=DIRECTION('',(-1.,0.,0.));
#3765=DIRECTION('',(-1.,0.,0.));
#3766=DIRECTION('',(0.,0.,-1.));
#3767=DIRECTION('center_axis',(-1.,0.,0.));
#3768=DIRECTION('ref_axis',(0.,1.,0.));
#3769=DIRECTION('',(0.,1.,0.));
#3770=DIRECTION('',(0.,1.,0.));
#3771=DIRECTION('',(0.,0.,-1.));
#3772=DIRECTION('center_axis',(0.,1.,0.));
#3773=DIRECTION('ref_axis',(1.,0.,0.));
#3774=DIRECTION('',(1.,0.,0.));
#3775=DIRECTION('',(1.,0.,0.));
#3776=DIRECTION('center_axis',(-1.,0.,0.));
#3777=DIRECTION('ref_axis',(0.,1.,0.));
#3778=DIRECTION('',(0.,1.,0.));
#3779=DIRECTION('',(0.,0.,-1.));
#3780=DIRECTION('',(0.,1.,0.));
#3781=DIRECTION('',(0.,0.,-1.));
#3782=DIRECTION('center_axis',(0.,-1.,0.));
#3783=DIRECTION('ref_axis',(-1.,0.,0.));
#3784=DIRECTION('',(-1.,0.,0.));
#3785=DIRECTION('',(-1.,0.,0.));
#3786=DIRECTION('',(0.,0.,-1.));
#3787=DIRECTION('center_axis',(1.,0.,0.));
#3788=DIRECTION('ref_axis',(0.,-1.,0.));
#3789=DIRECTION('',(0.,-1.,0.));
#3790=DIRECTION('',(0.,-1.,0.));
#3791=DIRECTION('',(0.,0.,-1.));
#3792=DIRECTION('center_axis',(0.,-1.,0.));
#3793=DIRECTION('ref_axis',(-1.,0.,0.));
#3794=DIRECTION('',(-1.,0.,0.));
#3795=DIRECTION('',(-1.,0.,0.));
#3796=DIRECTION('',(0.,0.,-1.));
#3797=DIRECTION('center_axis',(1.,0.,0.));
#3798=DIRECTION('ref_axis',(0.,-1.,0.));
#3799=DIRECTION('',(0.,-1.,0.));
#3800=DIRECTION('',(0.,-1.,0.));
#3801=DIRECTION('',(0.,0.,-1.));
#3802=DIRECTION('center_axis',(0.,-1.,0.));
#3803=DIRECTION('ref_axis',(-1.,0.,0.));
#3804=DIRECTION('',(-1.,0.,0.));
#3805=DIRECTION('',(-1.,0.,0.));
#3806=DIRECTION('',(0.,0.,-1.));
#3807=DIRECTION('center_axis',(1.,0.,0.));
#3808=DIRECTION('ref_axis',(0.,-1.,0.));
#3809=DIRECTION('',(0.,-1.,0.));
#3810=DIRECTION('',(0.,-1.,0.));
#3811=DIRECTION('',(0.,0.,-1.));
#3812=DIRECTION('center_axis',(0.,1.,0.));
#3813=DIRECTION('ref_axis',(1.,0.,0.));
#3814=DIRECTION('',(1.,0.,0.));
#3815=DIRECTION('',(1.,0.,0.));
#3816=DIRECTION('',(0.,0.,-1.));
#3817=DIRECTION('center_axis',(1.,0.,0.));
#3818=DIRECTION('ref_axis',(0.,-1.,0.));
#3819=DIRECTION('',(0.,-1.,0.));
#3820=DIRECTION('',(0.,-1.,0.));
#3821=DIRECTION('',(0.,0.,-1.));
#3822=DIRECTION('center_axis',(0.,1.,0.));
#3823=DIRECTION('ref_axis',(1.,0.,0.));
#3824=DIRECTION('',(1.,0.,0.));
#3825=DIRECTION('',(1.,0.,0.));
#3826=DIRECTION('',(0.,0.,-1.));
#3827=DIRECTION('center_axis',(1.,0.,0.));
#3828=DIRECTION('ref_axis',(0.,-1.,0.));
#3829=DIRECTION('',(0.,-1.,0.));
#3830=DIRECTION('',(0.,-1.,0.));
#3831=DIRECTION('',(0.,0.,-1.));
#3832=DIRECTION('center_axis',(0.,1.,0.));
#3833=DIRECTION('ref_axis',(1.,0.,0.));
#3834=DIRECTION('',(1.,0.,0.));
#3835=DIRECTION('',(1.,0.,0.));
#3836=DIRECTION('',(0.,0.,-1.));
#3837=DIRECTION('center_axis',(1.,0.,0.));
#3838=DIRECTION('ref_axis',(0.,-1.,0.));
#3839=DIRECTION('',(0.,-1.,0.));
#3840=DIRECTION('',(0.,-1.,0.));
#3841=DIRECTION('',(0.,0.,-1.));
#3842=DIRECTION('center_axis',(0.,1.,0.));
#3843=DIRECTION('ref_axis',(1.,0.,0.));
#3844=DIRECTION('',(1.,0.,0.));
#3845=DIRECTION('',(1.,0.,0.));
#3846=DIRECTION('',(0.,0.,-1.));
#3847=DIRECTION('center_axis',(1.,0.,0.));
#3848=DIRECTION('ref_axis',(0.,-1.,0.));
#3849=DIRECTION('',(0.,-1.,0.));
#3850=DIRECTION('',(0.,-1.,0.));
#3851=DIRECTION('',(0.,0.,-1.));
#3852=DIRECTION('center_axis',(0.,1.,0.));
#3853=DIRECTION('ref_axis',(1.,0.,0.));
#3854=DIRECTION('',(1.,0.,0.));
#3855=DIRECTION('',(1.,0.,0.));
#3856=DIRECTION('',(0.,0.,-1.));
#3857=DIRECTION('center_axis',(-1.,0.,0.));
#3858=DIRECTION('ref_axis',(0.,1.,0.));
#3859=DIRECTION('',(0.,1.,0.));
#3860=DIRECTION('',(0.,1.,0.));
#3861=DIRECTION('',(0.,0.,-1.));
#3862=DIRECTION('center_axis',(0.,1.,0.));
#3863=DIRECTION('ref_axis',(1.,0.,0.));
#3864=DIRECTION('',(1.,0.,0.));
#3865=DIRECTION('',(1.,0.,0.));
#3866=DIRECTION('',(0.,0.,-1.));
#3867=DIRECTION('center_axis',(-1.,0.,0.));
#3868=DIRECTION('ref_axis',(0.,1.,0.));
#3869=DIRECTION('',(0.,1.,0.));
#3870=DIRECTION('',(0.,1.,0.));
#3871=DIRECTION('',(0.,0.,-1.));
#3872=DIRECTION('center_axis',(0.,1.,0.));
#3873=DIRECTION('ref_axis',(1.,0.,0.));
#3874=DIRECTION('',(1.,0.,0.));
#3875=DIRECTION('',(1.,0.,0.));
#3876=DIRECTION('',(0.,0.,-1.));
#3877=DIRECTION('center_axis',(-1.,0.,0.));
#3878=DIRECTION('ref_axis',(0.,1.,0.));
#3879=DIRECTION('',(0.,1.,0.));
#3880=DIRECTION('',(0.,1.,0.));
#3881=DIRECTION('',(0.,0.,-1.));
#3882=DIRECTION('center_axis',(0.,1.,0.));
#3883=DIRECTION('ref_axis',(1.,0.,0.));
#3884=DIRECTION('',(1.,0.,0.));
#3885=DIRECTION('',(1.,0.,0.));
#3886=DIRECTION('',(0.,0.,-1.));
#3887=DIRECTION('center_axis',(-1.,0.,0.));
#3888=DIRECTION('ref_axis',(0.,1.,0.));
#3889=DIRECTION('',(0.,1.,0.));
#3890=DIRECTION('',(0.,1.,0.));
#3891=DIRECTION('',(0.,0.,-1.));
#3892=DIRECTION('center_axis',(0.,1.,0.));
#3893=DIRECTION('ref_axis',(1.,0.,0.));
#3894=DIRECTION('',(1.,0.,0.));
#3895=DIRECTION('',(1.,0.,0.));
#3896=DIRECTION('',(0.,0.,-1.));
#3897=DIRECTION('center_axis',(-1.,0.,0.));
#3898=DIRECTION('ref_axis',(0.,1.,0.));
#3899=DIRECTION('',(0.,1.,0.));
#3900=DIRECTION('',(0.,1.,0.));
#3901=DIRECTION('',(0.,0.,-1.));
#3902=DIRECTION('center_axis',(0.,-1.,0.));
#3903=DIRECTION('ref_axis',(-1.,0.,0.));
#3904=DIRECTION('',(-1.,0.,0.));
#3905=DIRECTION('',(-1.,0.,0.));
#3906=DIRECTION('',(0.,0.,-1.));
#3907=DIRECTION('center_axis',(-1.,0.,0.));
#3908=DIRECTION('ref_axis',(0.,1.,0.));
#3909=DIRECTION('',(0.,1.,0.));
#3910=DIRECTION('',(0.,1.,0.));
#3911=DIRECTION('',(0.,0.,-1.));
#3912=DIRECTION('center_axis',(0.,-1.,0.));
#3913=DIRECTION('ref_axis',(-1.,0.,0.));
#3914=DIRECTION('',(-1.,0.,0.));
#3915=DIRECTION('',(-1.,0.,0.));
#3916=DIRECTION('',(0.,0.,-1.));
#3917=DIRECTION('center_axis',(-1.,0.,0.));
#3918=DIRECTION('ref_axis',(0.,1.,0.));
#3919=DIRECTION('',(0.,1.,0.));
#3920=DIRECTION('',(0.,1.,0.));
#3921=DIRECTION('',(0.,0.,-1.));
#3922=DIRECTION('center_axis',(0.,-1.,0.));
#3923=DIRECTION('ref_axis',(-1.,0.,0.));
#3924=DIRECTION('',(-1.,0.,0.));
#3925=DIRECTION('',(-1.,0.,0.));
#3926=DIRECTION('',(0.,0.,-1.));
#3927=DIRECTION('center_axis',(1.,0.,0.));
#3928=DIRECTION('ref_axis',(0.,-1.,0.));
#3929=DIRECTION('',(0.,-1.,0.));
#3930=DIRECTION('',(0.,-1.,0.));
#3931=DIRECTION('',(0.,0.,-1.));
#3932=DIRECTION('center_axis',(0.,-1.,0.));
#3933=DIRECTION('ref_axis',(-1.,0.,0.));
#3934=DIRECTION('',(-1.,0.,0.));
#3935=DIRECTION('',(-1.,0.,0.));
#3936=DIRECTION('center_axis',(0.,0.,-1.));
#3937=DIRECTION('ref_axis',(-1.,0.,0.));
#3938=DIRECTION('center_axis',(0.,0.,-1.));
#3939=DIRECTION('ref_axis',(-1.,0.,0.));
#3940=DIRECTION('center_axis',(-1.,0.,0.));
#3941=DIRECTION('ref_axis',(0.,1.,0.));
#3942=DIRECTION('',(0.,-1.,0.));
#3943=DIRECTION('',(0.,0.,-1.));
#3944=DIRECTION('',(0.,1.,0.));
#3945=DIRECTION('',(0.,0.,-1.));
#3946=DIRECTION('center_axis',(0.,-1.,0.));
#3947=DIRECTION('ref_axis',(-1.,0.,0.));
#3948=DIRECTION('',(1.,0.,0.));
#3949=DIRECTION('',(-1.,0.,0.));
#3950=DIRECTION('',(0.,0.,-1.));
#3951=DIRECTION('center_axis',(1.,0.,0.));
#3952=DIRECTION('ref_axis',(0.,-1.,0.));
#3953=DIRECTION('',(0.,1.,0.));
#3954=DIRECTION('',(0.,-1.,0.));
#3955=DIRECTION('',(0.,0.,-1.));
#3956=DIRECTION('center_axis',(0.,1.,0.));
#3957=DIRECTION('ref_axis',(1.,0.,0.));
#3958=DIRECTION('',(-1.,0.,0.));
#3959=DIRECTION('',(1.,0.,0.));
#3960=DIRECTION('center_axis',(-1.,0.,0.));
#3961=DIRECTION('ref_axis',(0.,1.,0.));
#3962=DIRECTION('',(0.,-1.,0.));
#3963=DIRECTION('',(0.,0.,-1.));
#3964=DIRECTION('',(0.,1.,0.));
#3965=DIRECTION('',(0.,0.,-1.));
#3966=DIRECTION('center_axis',(0.,-1.,0.));
#3967=DIRECTION('ref_axis',(-1.,0.,0.));
#3968=DIRECTION('',(1.,0.,0.));
#3969=DIRECTION('',(-1.,0.,0.));
#3970=DIRECTION('',(0.,0.,-1.));
#3971=DIRECTION('center_axis',(1.,0.,0.));
#3972=DIRECTION('ref_axis',(0.,-1.,0.));
#3973=DIRECTION('',(0.,1.,0.));
#3974=DIRECTION('',(0.,-1.,0.));
#3975=DIRECTION('',(0.,0.,-1.));
#3976=DIRECTION('center_axis',(0.,1.,0.));
#3977=DIRECTION('ref_axis',(1.,0.,0.));
#3978=DIRECTION('',(-1.,0.,0.));
#3979=DIRECTION('',(1.,0.,0.));
#3980=DIRECTION('center_axis',(-1.,0.,0.));
#3981=DIRECTION('ref_axis',(0.,1.,0.));
#3982=DIRECTION('',(0.,-1.,0.));
#3983=DIRECTION('',(0.,0.,-1.));
#3984=DIRECTION('',(0.,1.,0.));
#3985=DIRECTION('',(0.,0.,-1.));
#3986=DIRECTION('center_axis',(0.,-1.,0.));
#3987=DIRECTION('ref_axis',(-1.,0.,0.));
#3988=DIRECTION('',(1.,0.,0.));
#3989=DIRECTION('',(-1.,0.,0.));
#3990=DIRECTION('',(0.,0.,-1.));
#3991=DIRECTION('center_axis',(1.,0.,0.));
#3992=DIRECTION('ref_axis',(0.,-1.,0.));
#3993=DIRECTION('',(0.,1.,0.));
#3994=DIRECTION('',(0.,-1.,0.));
#3995=DIRECTION('',(0.,0.,-1.));
#3996=DIRECTION('center_axis',(0.,1.,0.));
#3997=DIRECTION('ref_axis',(1.,0.,0.));
#3998=DIRECTION('',(-1.,0.,0.));
#3999=DIRECTION('',(1.,0.,0.));
#4000=DIRECTION('center_axis',(-1.,0.,0.));
#4001=DIRECTION('ref_axis',(0.,1.,0.));
#4002=DIRECTION('',(0.,-1.,0.));
#4003=DIRECTION('',(0.,0.,-1.));
#4004=DIRECTION('',(0.,1.,0.));
#4005=DIRECTION('',(0.,0.,-1.));
#4006=DIRECTION('center_axis',(0.,-1.,0.));
#4007=DIRECTION('ref_axis',(-1.,0.,0.));
#4008=DIRECTION('',(1.,0.,0.));
#4009=DIRECTION('',(-1.,0.,0.));
#4010=DIRECTION('',(0.,0.,-1.));
#4011=DIRECTION('center_axis',(1.,0.,0.));
#4012=DIRECTION('ref_axis',(0.,-1.,0.));
#4013=DIRECTION('',(0.,1.,0.));
#4014=DIRECTION('',(0.,-1.,0.));
#4015=DIRECTION('',(0.,0.,-1.));
#4016=DIRECTION('center_axis',(0.,1.,0.));
#4017=DIRECTION('ref_axis',(1.,0.,0.));
#4018=DIRECTION('',(-1.,0.,0.));
#4019=DIRECTION('',(1.,0.,0.));
#4020=DIRECTION('center_axis',(0.,0.,-1.));
#4021=DIRECTION('ref_axis',(-1.,0.,0.));
#4022=DIRECTION('center_axis',(0.,0.,-1.));
#4023=DIRECTION('ref_axis',(-1.,0.,0.));
#4024=DIRECTION('',(0.,0.,-1.));
#4025=DIRECTION('center_axis',(0.,0.,-1.));
#4026=DIRECTION('ref_axis',(-1.,0.,0.));
#4027=DIRECTION('center_axis',(0.,0.,1.));
#4028=DIRECTION('ref_axis',(-1.,0.,0.));
#4029=DIRECTION('center_axis',(0.,0.,-1.));
#4030=DIRECTION('ref_axis',(-1.,0.,0.));
#4031=DIRECTION('center_axis',(0.,0.,-1.));
#4032=DIRECTION('ref_axis',(-1.,0.,0.));
#4033=DIRECTION('',(0.,0.,-1.));
#4034=DIRECTION('center_axis',(0.,0.,-1.));
#4035=DIRECTION('ref_axis',(-1.,0.,0.));
#4036=DIRECTION('center_axis',(0.,0.,1.));
#4037=DIRECTION('ref_axis',(-1.,0.,0.));
#4038=DIRECTION('center_axis',(0.,0.,-1.));
#4039=DIRECTION('ref_axis',(-1.,0.,0.));
#4040=DIRECTION('center_axis',(0.,0.,-1.));
#4041=DIRECTION('ref_axis',(-1.,0.,0.));
#4042=DIRECTION('',(0.,0.,-1.));
#4043=DIRECTION('center_axis',(0.,0.,-1.));
#4044=DIRECTION('ref_axis',(-1.,0.,0.));
#4045=DIRECTION('center_axis',(0.,0.,1.));
#4046=DIRECTION('ref_axis',(-1.,0.,0.));
#4047=DIRECTION('center_axis',(0.,0.,-1.));
#4048=DIRECTION('ref_axis',(-1.,0.,0.));
#4049=DIRECTION('center_axis',(0.,0.,-1.));
#4050=DIRECTION('ref_axis',(-1.,0.,0.));
#4051=DIRECTION('',(0.,0.,-1.));
#4052=DIRECTION('center_axis',(0.,0.,-1.));
#4053=DIRECTION('ref_axis',(-1.,0.,0.));
#4054=DIRECTION('center_axis',(0.,0.,1.));
#4055=DIRECTION('ref_axis',(-1.,0.,0.));
#4056=DIRECTION('center_axis',(0.,0.,-1.));
#4057=DIRECTION('ref_axis',(-1.,0.,0.));
#4058=DIRECTION('center_axis',(0.,0.,-1.));
#4059=DIRECTION('ref_axis',(-1.,0.,0.));
#4060=DIRECTION('',(0.,0.,1.));
#4061=DIRECTION('center_axis',(0.,0.,1.));
#4062=DIRECTION('ref_axis',(-1.,0.,0.));
#4063=DIRECTION('center_axis',(0.,0.,1.));
#4064=DIRECTION('ref_axis',(-1.,0.,0.));
#4065=DIRECTION('center_axis',(0.,0.,-1.));
#4066=DIRECTION('ref_axis',(-1.,0.,0.));
#4067=DIRECTION('center_axis',(0.,0.,-1.));
#4068=DIRECTION('ref_axis',(-1.,0.,0.));
#4069=DIRECTION('',(0.,0.,1.));
#4070=DIRECTION('center_axis',(0.,0.,1.));
#4071=DIRECTION('ref_axis',(-1.,0.,0.));
#4072=DIRECTION('center_axis',(0.,0.,1.));
#4073=DIRECTION('ref_axis',(-1.,0.,0.));
#4074=DIRECTION('center_axis',(0.,0.,-1.));
#4075=DIRECTION('ref_axis',(-1.,0.,0.));
#4076=DIRECTION('center_axis',(0.,0.,-1.));
#4077=DIRECTION('ref_axis',(-1.,0.,0.));
#4078=DIRECTION('',(0.,0.,1.));
#4079=DIRECTION('center_axis',(0.,0.,1.));
#4080=DIRECTION('ref_axis',(-1.,0.,0.));
#4081=DIRECTION('center_axis',(0.,0.,1.));
#4082=DIRECTION('ref_axis',(-1.,0.,0.));
#4083=DIRECTION('center_axis',(0.,0.,-1.));
#4084=DIRECTION('ref_axis',(-1.,0.,0.));
#4085=DIRECTION('center_axis',(0.,0.,-1.));
#4086=DIRECTION('ref_axis',(-1.,0.,0.));
#4087=DIRECTION('',(0.,0.,1.));
#4088=DIRECTION('center_axis',(0.,0.,1.));
#4089=DIRECTION('ref_axis',(-1.,0.,0.));
#4090=DIRECTION('center_axis',(0.,0.,1.));
#4091=DIRECTION('ref_axis',(-1.,0.,0.));
#4092=DIRECTION('center_axis',(0.,1.,0.));
#4093=DIRECTION('ref_axis',(0.,0.,1.));
#4094=DIRECTION('',(0.,0.,-1.));
#4095=DIRECTION('',(1.,0.,0.));
#4096=DIRECTION('',(0.,0.,1.));
#4097=DIRECTION('',(1.,0.,0.));
#4098=DIRECTION('center_axis',(0.,0.,-1.));
#4099=DIRECTION('ref_axis',(0.,1.,0.));
#4100=DIRECTION('',(0.,-1.,0.));
#4101=DIRECTION('',(0.,1.,0.));
#4102=DIRECTION('',(1.,0.,0.));
#4103=DIRECTION('center_axis',(0.,-1.,0.));
#4104=DIRECTION('ref_axis',(0.,0.,-1.));
#4105=DIRECTION('',(0.,0.,-1.));
#4106=DIRECTION('',(0.,0.,-1.));
#4107=DIRECTION('',(1.,0.,0.));
#4108=DIRECTION('center_axis',(0.,0.,1.));
#4109=DIRECTION('ref_axis',(0.,-1.,0.));
#4110=DIRECTION('',(0.,-1.,0.));
#4111=DIRECTION('',(0.,-1.,0.));
#4112=DIRECTION('center_axis',(1.,0.,0.));
#4113=DIRECTION('ref_axis',(0.,0.,-1.));
#4114=DIRECTION('center_axis',(1.,0.,0.));
#4115=DIRECTION('ref_axis',(0.,-1.,0.));
#4116=DIRECTION('center_axis',(0.,0.,1.));
#4117=DIRECTION('ref_axis',(1.,0.,0.));
#4118=DIRECTION('center_axis',(0.,0.,1.));
#4119=DIRECTION('ref_axis',(1.,0.,0.));
#4120=DIRECTION('',(0.,0.,1.));
#4121=DIRECTION('center_axis',(0.,0.,1.));
#4122=DIRECTION('ref_axis',(1.,0.,0.));
#4123=DIRECTION('center_axis',(0.,0.,-1.));
#4124=DIRECTION('ref_axis',(1.,0.,0.));
#4125=DIRECTION('center_axis',(0.,0.,-1.));
#4126=DIRECTION('ref_axis',(1.,0.,0.));
#4127=DIRECTION('center_axis',(0.,0.,-1.));
#4128=DIRECTION('ref_axis',(1.,0.,0.));
#4129=DIRECTION('',(0.,0.,1.));
#4130=DIRECTION('center_axis',(0.,0.,1.));
#4131=DIRECTION('ref_axis',(1.,0.,0.));
#4132=DIRECTION('center_axis',(0.,0.,-1.));
#4133=DIRECTION('ref_axis',(1.,0.,0.));
#4134=DIRECTION('center_axis',(0.,0.,-1.));
#4135=DIRECTION('ref_axis',(1.,0.,0.));
#4136=DIRECTION('center_axis',(0.,0.,-1.));
#4137=DIRECTION('ref_axis',(1.,0.,0.));
#4138=DIRECTION('',(0.,0.,1.));
#4139=DIRECTION('center_axis',(0.,0.,-1.));
#4140=DIRECTION('ref_axis',(1.,0.,0.));
#4141=DIRECTION('center_axis',(0.,0.,-1.));
#4142=DIRECTION('ref_axis',(1.,0.,0.));
#4143=DIRECTION('center_axis',(0.,0.,-1.));
#4144=DIRECTION('ref_axis',(1.,0.,0.));
#4145=DIRECTION('center_axis',(1.,0.,0.));
#4146=DIRECTION('ref_axis',(0.,-1.,0.));
#4147=DIRECTION('',(0.,-1.,0.));
#4148=DIRECTION('',(0.,0.,1.));
#4149=DIRECTION('',(0.,-1.,0.));
#4150=DIRECTION('',(0.,0.,-1.));
#4151=DIRECTION('center_axis',(0.,1.,0.));
#4152=DIRECTION('ref_axis',(1.,0.,0.));
#4153=DIRECTION('',(1.,0.,0.));
#4154=DIRECTION('',(1.,0.,0.));
#4155=DIRECTION('',(0.,0.,-1.));
#4156=DIRECTION('center_axis',(1.,0.,0.));
#4157=DIRECTION('ref_axis',(0.,-1.,0.));
#4158=DIRECTION('',(0.,-1.,0.));
#4159=DIRECTION('',(0.,-1.,0.));
#4160=DIRECTION('',(0.,0.,-1.));
#4161=DIRECTION('center_axis',(0.,1.,0.));
#4162=DIRECTION('ref_axis',(1.,0.,0.));
#4163=DIRECTION('',(1.,0.,0.));
#4164=DIRECTION('',(1.,0.,0.));
#4165=DIRECTION('',(0.,0.,-1.));
#4166=DIRECTION('center_axis',(1.,0.,0.));
#4167=DIRECTION('ref_axis',(0.,-1.,0.));
#4168=DIRECTION('',(0.,-1.,0.));
#4169=DIRECTION('',(0.,-1.,0.));
#4170=DIRECTION('',(0.,0.,-1.));
#4171=DIRECTION('center_axis',(0.,1.,0.));
#4172=DIRECTION('ref_axis',(1.,0.,0.));
#4173=DIRECTION('',(1.,0.,0.));
#4174=DIRECTION('',(1.,0.,0.));
#4175=DIRECTION('',(0.,0.,-1.));
#4176=DIRECTION('center_axis',(1.,0.,0.));
#4177=DIRECTION('ref_axis',(0.,-1.,0.));
#4178=DIRECTION('',(0.,-1.,0.));
#4179=DIRECTION('',(0.,0.,-1.));
#4180=DIRECTION('',(0.,-1.,0.));
#4181=DIRECTION('',(0.,0.,-1.));
#4182=DIRECTION('center_axis',(0.,-1.,0.));
#4183=DIRECTION('ref_axis',(-1.,0.,0.));
#4184=DIRECTION('',(-1.,0.,0.));
#4185=DIRECTION('',(0.,0.,-1.));
#4186=DIRECTION('',(-1.,0.,0.));
#4187=DIRECTION('',(0.,0.,-1.));
#4188=DIRECTION('center_axis',(1.,0.,0.));
#4189=DIRECTION('ref_axis',(0.,-1.,0.));
#4190=DIRECTION('',(0.,-1.,0.));
#4191=DIRECTION('',(0.,0.,-1.));
#4192=DIRECTION('',(0.,-1.,0.));
#4193=DIRECTION('center_axis',(0.,1.,0.));
#4194=DIRECTION('ref_axis',(1.,0.,0.));
#4195=DIRECTION('',(1.,0.,0.));
#4196=DIRECTION('',(0.,0.,-1.));
#4197=DIRECTION('',(1.,0.,0.));
#4198=DIRECTION('center_axis',(1.,0.,0.));
#4199=DIRECTION('ref_axis',(0.,-1.,0.));
#4200=DIRECTION('',(0.,-1.,0.));
#4201=DIRECTION('',(0.,-1.,0.));
#4202=DIRECTION('center_axis',(0.,-1.,0.));
#4203=DIRECTION('ref_axis',(-1.,0.,0.));
#4204=DIRECTION('',(-1.,0.,0.));
#4205=DIRECTION('',(0.,0.,-1.));
#4206=DIRECTION('',(-1.,0.,0.));
#4207=DIRECTION('center_axis',(0.,0.,1.));
#4208=DIRECTION('ref_axis',(-1.,0.,0.));
#4209=DIRECTION('',(-1.,0.,0.));
#4210=DIRECTION('',(0.,-1.,0.));
#4211=DIRECTION('',(-1.,0.,0.));
#4212=DIRECTION('',(0.,-1.,0.));
#4213=DIRECTION('',(-1.,0.,0.));
#4214=DIRECTION('',(0.,-1.,0.));
#4215=DIRECTION('',(-1.,0.,0.));
#4216=DIRECTION('',(0.,-1.,0.));
#4217=DIRECTION('',(1.,0.,0.));
#4218=DIRECTION('',(0.,-1.,0.));
#4219=DIRECTION('',(-1.,0.,0.));
#4220=DIRECTION('',(0.,-1.,0.));
#4221=DIRECTION('center_axis',(1.,0.,0.));
#4222=DIRECTION('ref_axis',(0.,-1.,0.));
#4223=DIRECTION('',(0.,0.,-1.));
#4224=DIRECTION('',(0.,-1.,0.));
#4225=DIRECTION('center_axis',(0.,-1.,0.));
#4226=DIRECTION('ref_axis',(-1.,0.,0.));
#4227=DIRECTION('',(0.,0.,-1.));
#4228=DIRECTION('',(-1.,0.,0.));
#4229=DIRECTION('center_axis',(1.,0.,0.));
#4230=DIRECTION('ref_axis',(0.,-1.,0.));
#4231=DIRECTION('',(0.,0.,-1.));
#4232=DIRECTION('',(0.,-1.,0.));
#4233=DIRECTION('center_axis',(0.,-1.,0.));
#4234=DIRECTION('ref_axis',(-1.,0.,0.));
#4235=DIRECTION('',(0.,0.,-1.));
#4236=DIRECTION('',(-1.,0.,0.));
#4237=DIRECTION('center_axis',(1.,0.,0.));
#4238=DIRECTION('ref_axis',(0.,-1.,0.));
#4239=DIRECTION('',(0.,0.,-1.));
#4240=DIRECTION('',(0.,-1.,0.));
#4241=DIRECTION('center_axis',(0.,-1.,0.));
#4242=DIRECTION('ref_axis',(-1.,0.,0.));
#4243=DIRECTION('',(0.,0.,-1.));
#4244=DIRECTION('',(-1.,0.,0.));
#4245=DIRECTION('center_axis',(0.,1.,0.));
#4246=DIRECTION('ref_axis',(1.,0.,0.));
#4247=DIRECTION('',(1.,0.,0.));
#4248=DIRECTION('',(0.,0.,-1.));
#4249=DIRECTION('center_axis',(1.,0.,0.));
#4250=DIRECTION('ref_axis',(0.,-1.,0.));
#4251=DIRECTION('',(0.,-1.,0.));
#4252=DIRECTION('',(0.,0.,-1.));
#4253=DIRECTION('center_axis',(0.,1.,0.));
#4254=DIRECTION('ref_axis',(1.,0.,0.));
#4255=DIRECTION('',(1.,0.,0.));
#4256=DIRECTION('',(0.,0.,-1.));
#4257=DIRECTION('',(0.,0.,-1.));
#4258=DIRECTION('center_axis',(1.,0.,0.));
#4259=DIRECTION('ref_axis',(0.,-1.,0.));
#4260=DIRECTION('',(0.,-1.,0.));
#4261=DIRECTION('',(0.,0.,-1.));
#4262=DIRECTION('center_axis',(0.,-1.,0.));
#4263=DIRECTION('ref_axis',(-1.,0.,0.));
#4264=DIRECTION('',(-1.,0.,0.));
#4265=DIRECTION('',(0.,0.,-1.));
#4266=DIRECTION('center_axis',(1.,0.,0.));
#4267=DIRECTION('ref_axis',(0.,-1.,0.));
#4268=DIRECTION('',(0.,-1.,0.));
#4269=DIRECTION('center_axis',(0.,0.,1.));
#4270=DIRECTION('ref_axis',(-1.,0.,0.));
#4271=CARTESIAN_POINT('',(0.,0.,0.));
#4272=CARTESIAN_POINT('Origin',(98.6574710589163,-124.731539691803,13.51));
#4273=CARTESIAN_POINT('',(98.6574710589163,-112.578928082917,11.51));
#4274=CARTESIAN_POINT('',(98.6574710589163,-124.731539691803,11.51));
#4275=CARTESIAN_POINT('',(98.6574710589163,-131.490769845902,11.51));
#4276=CARTESIAN_POINT('',(98.6574710589163,-112.578928082917,13.51));
#4277=CARTESIAN_POINT('',(98.6574710589163,-112.578928082917,13.51));
#4278=CARTESIAN_POINT('',(98.6574710589163,-124.731539691803,13.51));
#4279=CARTESIAN_POINT('',(98.6574710589163,-117.095713040379,13.51));
#4280=CARTESIAN_POINT('',(98.6574710589163,-124.731539691803,13.51));
#4281=CARTESIAN_POINT('Origin',(112.223177040929,-124.731539691803,13.51));
#4282=CARTESIAN_POINT('',(112.223177040929,-124.731539691803,11.51));
#4283=CARTESIAN_POINT('',(98.6115885204646,-124.731539691803,11.51));
#4284=CARTESIAN_POINT('',(112.223177040929,-124.731539691803,13.51));
#4285=CARTESIAN_POINT('',(133.611588520465,-124.731539691803,13.51));
#4286=CARTESIAN_POINT('',(112.223177040929,-124.731539691803,13.51));
#4287=CARTESIAN_POINT('Origin',(112.223177040929,-112.578928082917,13.51));
#4288=CARTESIAN_POINT('',(112.223177040929,-112.578928082917,11.51));
#4289=CARTESIAN_POINT('',(112.223177040929,-125.414464041458,11.51));
#4290=CARTESIAN_POINT('',(112.223177040929,-112.578928082917,13.51));
#4291=CARTESIAN_POINT('',(112.223177040929,-111.019407235936,13.51));
#4292=CARTESIAN_POINT('',(112.223177040929,-112.578928082917,13.51));
#4293=CARTESIAN_POINT('Origin',(98.6574710589163,-112.578928082917,13.51));
#4294=CARTESIAN_POINT('',(91.8287355294581,-112.578928082917,11.51));
#4295=CARTESIAN_POINT('',(126.828735529458,-112.578928082917,13.51));
#4296=CARTESIAN_POINT('Origin',(197.236116905121,-124.731539691803,13.51));
#4297=CARTESIAN_POINT('',(197.236116905121,-112.578928082917,11.51));
#4298=CARTESIAN_POINT('',(197.236116905121,-124.731539691803,11.51));
#4299=CARTESIAN_POINT('',(197.236116905121,-131.490769845902,11.51));
#4300=CARTESIAN_POINT('',(197.236116905121,-112.578928082917,13.51));
#4301=CARTESIAN_POINT('',(197.236116905121,-112.578928082917,13.51));
#4302=CARTESIAN_POINT('',(197.236116905121,-124.731539691803,13.51));
#4303=CARTESIAN_POINT('',(197.236116905121,-117.095713040379,13.51));
#4304=CARTESIAN_POINT('',(197.236116905121,-124.731539691803,13.51));
#4305=CARTESIAN_POINT('Origin',(211.182202788552,-124.731539691803,13.51));
#4306=CARTESIAN_POINT('',(211.182202788552,-124.731539691803,11.51));
#4307=CARTESIAN_POINT('',(148.091101394276,-124.731539691803,11.51));
#4308=CARTESIAN_POINT('',(211.182202788552,-124.731539691803,13.51));
#4309=CARTESIAN_POINT('',(183.091101394276,-124.731539691803,13.51));
#4310=CARTESIAN_POINT('',(211.182202788552,-124.731539691803,13.51));
#4311=CARTESIAN_POINT('Origin',(211.182202788552,-112.578928082917,13.51));
#4312=CARTESIAN_POINT('',(211.182202788552,-112.578928082917,11.51));
#4313=CARTESIAN_POINT('',(211.182202788552,-125.414464041458,11.51));
#4314=CARTESIAN_POINT('',(211.182202788552,-112.578928082917,13.51));
#4315=CARTESIAN_POINT('',(211.182202788552,-111.019407235936,13.51));
#4316=CARTESIAN_POINT('',(211.182202788552,-112.578928082917,13.51));
#4317=CARTESIAN_POINT('Origin',(197.236116905121,-112.578928082917,13.51));
#4318=CARTESIAN_POINT('',(141.118058452561,-112.578928082917,11.51));
#4319=CARTESIAN_POINT('',(176.118058452561,-112.578928082917,13.51));
#4320=CARTESIAN_POINT('Origin',(98.2806458927492,-106.078693966535,13.51));
#4321=CARTESIAN_POINT('',(98.2806458927492,-93.3608446083983,11.51));
#4322=CARTESIAN_POINT('',(98.2806458927492,-106.078693966535,11.51));
#4323=CARTESIAN_POINT('',(98.2806458927492,-122.164346983268,11.51));
#4324=CARTESIAN_POINT('',(98.2806458927492,-93.3608446083983,13.51));
#4325=CARTESIAN_POINT('',(98.2806458927492,-93.3608446083983,13.51));
#4326=CARTESIAN_POINT('',(98.2806458927492,-106.078693966535,13.51));
#4327=CARTESIAN_POINT('',(98.2806458927492,-107.769290177745,13.51));
#4328=CARTESIAN_POINT('',(98.2806458927492,-106.078693966535,13.51));
#4329=CARTESIAN_POINT('Origin',(112.223177040929,-106.078693966535,13.51));
#4330=CARTESIAN_POINT('',(112.223177040929,-106.078693966535,11.51));
#4331=CARTESIAN_POINT('',(98.6115885204646,-106.078693966535,11.51));
#4332=CARTESIAN_POINT('',(112.223177040929,-106.078693966535,13.51));
#4333=CARTESIAN_POINT('',(133.611588520465,-106.078693966535,13.51));
#4334=CARTESIAN_POINT('',(112.223177040929,-106.078693966535,13.51));
#4335=CARTESIAN_POINT('Origin',(112.223177040929,-93.3608446083983,13.51));
#4336=CARTESIAN_POINT('',(112.223177040929,-93.3608446083983,11.51));
#4337=CARTESIAN_POINT('',(112.223177040929,-115.805422304199,11.51));
#4338=CARTESIAN_POINT('',(112.223177040929,-93.3608446083983,13.51));
#4339=CARTESIAN_POINT('',(112.223177040929,-101.410365498677,13.51));
#4340=CARTESIAN_POINT('',(112.223177040929,-93.3608446083983,13.51));
#4341=CARTESIAN_POINT('Origin',(98.2806458927492,-93.3608446083983,13.51));
#4342=CARTESIAN_POINT('',(91.6403229463746,-93.3608446083983,11.51));
#4343=CARTESIAN_POINT('',(126.640322946375,-93.3608446083983,13.51));
#4344=CARTESIAN_POINT('Origin',(197.347142343409,-106.000001579523,13.51));
#4345=CARTESIAN_POINT('',(197.347142343409,-93.3201478803632,11.51));
#4346=CARTESIAN_POINT('',(197.347142343409,-106.000001579523,11.51));
#4347=CARTESIAN_POINT('',(197.347142343409,-122.125000789762,11.51));
#4348=CARTESIAN_POINT('',(197.347142343409,-93.3201478803632,13.51));
#4349=CARTESIAN_POINT('',(197.347142343409,-93.3201478803632,13.51));
#4350=CARTESIAN_POINT('',(197.347142343409,-106.000001579523,13.51));
#4351=CARTESIAN_POINT('',(197.347142343409,-107.729943984239,13.51));
#4352=CARTESIAN_POINT('',(197.347142343409,-106.000001579523,13.51));
#4353=CARTESIAN_POINT('Origin',(211.000003144145,-106.000001579523,13.51));
#4354=CARTESIAN_POINT('',(211.000003144145,-106.000001579523,11.51));
#4355=CARTESIAN_POINT('',(148.000001572073,-106.000001579523,11.51));
#4356=CARTESIAN_POINT('',(211.000003144145,-106.000001579523,13.51));
#4357=CARTESIAN_POINT('',(183.000001572073,-106.000001579523,13.51));
#4358=CARTESIAN_POINT('',(211.000003144145,-106.000001579523,13.51));
#4359=CARTESIAN_POINT('Origin',(211.000003144145,-93.3201478803632,13.51));
#4360=CARTESIAN_POINT('',(211.000003144145,-93.3201478803632,11.51));
#4361=CARTESIAN_POINT('',(211.000003144145,-115.785073940182,11.51));
#4362=CARTESIAN_POINT('',(211.000003144145,-93.3201478803632,13.51));
#4363=CARTESIAN_POINT('',(211.000003144145,-101.390017134659,13.51));
#4364=CARTESIAN_POINT('',(211.000003144145,-93.3201478803632,13.51));
#4365=CARTESIAN_POINT('Origin',(197.347142343409,-93.3201478803632,13.51));
#4366=CARTESIAN_POINT('',(141.173571171704,-93.3201478803632,11.51));
#4367=CARTESIAN_POINT('',(176.173571171704,-93.3201478803632,13.51));
#4368=CARTESIAN_POINT('Origin',(116.000001728535,-120.000001788139,13.51));
#4369=CARTESIAN_POINT('',(116.000001728535,-95.0000014156103,11.51));
#4370=CARTESIAN_POINT('',(116.000001728535,-120.000001788139,11.51));
#4371=CARTESIAN_POINT('',(116.000001728535,-129.12500089407,11.51));
#4372=CARTESIAN_POINT('',(116.000001728535,-95.0000014156103,13.51));
#4373=CARTESIAN_POINT('',(116.000001728535,-95.0000014156103,13.51));
#4374=CARTESIAN_POINT('',(116.000001728535,-120.000001788139,13.51));
#4375=CARTESIAN_POINT('',(116.000001728535,-114.729944088547,13.51));
#4376=CARTESIAN_POINT('',(116.000001728535,-120.000001788139,13.51));
#4377=CARTESIAN_POINT('Origin',(192.000002861023,-120.000001788139,13.51));
#4378=CARTESIAN_POINT('',(192.000002861023,-120.000001788139,11.51));
#4379=CARTESIAN_POINT('',(138.500001430511,-120.000001788139,11.51));
#4380=CARTESIAN_POINT('',(192.000002861023,-120.000001788139,13.51));
#4381=CARTESIAN_POINT('',(173.500001430511,-120.000001788139,13.51));
#4382=CARTESIAN_POINT('',(192.000002861023,-120.000001788139,13.51));
#4383=CARTESIAN_POINT('Origin',(192.000002861023,-95.0000014156103,13.51));
#4384=CARTESIAN_POINT('',(192.000002861023,-95.0000014156103,11.51));
#4385=CARTESIAN_POINT('',(192.000002861023,-116.625000707805,11.51));
#4386=CARTESIAN_POINT('',(192.000002861023,-95.0000014156103,13.51));
#4387=CARTESIAN_POINT('',(192.000002861023,-102.229943902283,13.51));
#4388=CARTESIAN_POINT('',(192.000002861023,-95.0000014156103,13.51));
#4389=CARTESIAN_POINT('Origin',(116.000001728535,-95.0000014156103,13.51));
#4390=CARTESIAN_POINT('',(100.500000864267,-95.0000014156103,11.51));
#4391=CARTESIAN_POINT('',(135.500000864267,-95.0000014156103,13.51));
#4392=CARTESIAN_POINT('Origin',(85.,-138.25,11.51));
#4393=CARTESIAN_POINT('',(85.,-83.75,11.51));
#4394=CARTESIAN_POINT('',(85.,-138.25,11.51));
#4395=CARTESIAN_POINT('',(85.,-111.,11.51));
#4396=CARTESIAN_POINT('',(225.25,-83.75,11.51));
#4397=CARTESIAN_POINT('',(155.125,-83.75,11.51));
#4398=CARTESIAN_POINT('',(225.25,-138.25,11.51));
#4399=CARTESIAN_POINT('',(225.25,-138.25,11.51));
#4400=CARTESIAN_POINT('',(85.,-138.25,11.51));
#4401=CARTESIAN_POINT('Origin',(225.25,-83.75,1.51));
#4402=CARTESIAN_POINT('',(85.,-83.75,-11.49));
#4403=CARTESIAN_POINT('',(85.,-83.75,1.51));
#4404=CARTESIAN_POINT('',(225.25,-83.75,-11.49));
#4405=CARTESIAN_POINT('',(85.,-83.75,-11.49));
#4406=CARTESIAN_POINT('',(225.25,-83.75,1.51));
#4407=CARTESIAN_POINT('Origin',(85.,-83.75,1.51));
#4408=CARTESIAN_POINT('',(85.,-138.25,-11.49));
#4409=CARTESIAN_POINT('',(85.,-138.25,1.51));
#4410=CARTESIAN_POINT('',(85.,-138.25,-11.49));
#4411=CARTESIAN_POINT('Origin',(155.,-109.459886388955,13.51));
#4412=CARTESIAN_POINT('',(105.,-145.,13.51));
#4413=CARTESIAN_POINT('',(204.960523125342,-145.,13.51));
#4414=CARTESIAN_POINT('',(105.,-145.,13.51));
#4415=CARTESIAN_POINT('',(204.960523125342,-148.919772777911,13.51));
#4416=CARTESIAN_POINT('',(204.960523125342,-145.,13.51));
#4417=CARTESIAN_POINT('',(226.480494345699,-148.919772777911,13.51));
#4418=CARTESIAN_POINT('',(226.480494345699,-148.919772777911,13.51));
#4419=CARTESIAN_POINT('',(226.480494345699,-144.571110434615,13.51));
#4420=CARTESIAN_POINT('',(226.480494345699,-144.571110434615,13.51));
#4421=CARTESIAN_POINT('',(230.25,-144.571110434615,13.51));
#4422=CARTESIAN_POINT('',(230.25,-144.571110434615,13.51));
#4423=CARTESIAN_POINT('',(230.25,-140.,13.51));
#4424=CARTESIAN_POINT('',(230.25,-140.,13.51));
#4425=CARTESIAN_POINT('',(235.,-140.,13.51));
#4426=CARTESIAN_POINT('',(235.,-140.,13.51));
#4427=CARTESIAN_POINT('',(235.,-95.0773325308111,13.51));
#4428=CARTESIAN_POINT('',(235.,-95.0773325308111,13.51));
#4429=CARTESIAN_POINT('',(230.25,-95.0773325308111,13.51));
#4430=CARTESIAN_POINT('',(230.25,-95.0773325308111,13.51));
#4431=CARTESIAN_POINT('',(230.25,-89.840500878225,13.51));
#4432=CARTESIAN_POINT('',(230.25,-89.840500878225,13.51));
#4433=CARTESIAN_POINT('',(227.75,-89.840500878225,13.51));
#4434=CARTESIAN_POINT('',(227.75,-89.840500878225,13.51));
#4435=CARTESIAN_POINT('',(227.75,-81.25,13.51));
#4436=CARTESIAN_POINT('',(227.75,-81.25,13.51));
#4437=CARTESIAN_POINT('',(219.992526489471,-81.25,13.51));
#4438=CARTESIAN_POINT('',(219.992526489471,-81.25,13.51));
#4439=CARTESIAN_POINT('',(219.992526489471,-74.6025471822427,13.51));
#4440=CARTESIAN_POINT('',(219.992526489471,-74.6025471822427,13.51));
#4441=CARTESIAN_POINT('',(199.800397601406,-74.6025471822427,13.51));
#4442=CARTESIAN_POINT('',(210.197158860032,-74.6025471822427,13.51));
#4443=CARTESIAN_POINT('',(199.800397601406,-70.,13.51));
#4444=CARTESIAN_POINT('',(199.800397601406,-70.,13.51));
#4445=CARTESIAN_POINT('',(110.,-70.,13.51));
#4446=CARTESIAN_POINT('',(110.,-70.,13.51));
#4447=CARTESIAN_POINT('',(110.,-74.6025471822427,13.51));
#4448=CARTESIAN_POINT('',(110.,-74.6025471822427,13.51));
#4449=CARTESIAN_POINT('',(90.2958698311676,-74.6025471822427,13.51));
#4450=CARTESIAN_POINT('',(100.,-74.6025471822427,13.51));
#4451=CARTESIAN_POINT('',(90.2958698311676,-81.25,13.51));
#4452=CARTESIAN_POINT('',(90.2958698311676,-81.25,13.51));
#4453=CARTESIAN_POINT('',(82.5,-81.25,13.51));
#4454=CARTESIAN_POINT('',(82.5,-81.25,13.51));
#4455=CARTESIAN_POINT('',(82.5,-89.7766245759779,13.51));
#4456=CARTESIAN_POINT('',(82.5,-89.7766245759779,13.51));
#4457=CARTESIAN_POINT('',(80.,-89.7766245759779,13.51));
#4458=CARTESIAN_POINT('',(82.5,-89.7766245759779,13.51));
#4459=CARTESIAN_POINT('',(80.,-95.,13.51));
#4460=CARTESIAN_POINT('',(80.,-89.7766245759779,13.51));
#4461=CARTESIAN_POINT('',(75.,-95.,13.51));
#4462=CARTESIAN_POINT('',(75.,-95.,13.51));
#4463=CARTESIAN_POINT('',(75.,-140.,13.51));
#4464=CARTESIAN_POINT('',(75.,-140.,13.51));
#4465=CARTESIAN_POINT('',(80.,-140.,13.51));
#4466=CARTESIAN_POINT('',(80.,-140.,13.51));
#4467=CARTESIAN_POINT('',(80.,-144.571110434615,13.51));
#4468=CARTESIAN_POINT('',(80.,-144.571110434615,13.51));
#4469=CARTESIAN_POINT('',(83.1299463863417,-144.571110434615,13.51));
#4470=CARTESIAN_POINT('',(83.1299463863417,-144.571110434615,13.51));
#4471=CARTESIAN_POINT('',(83.1299463863417,-148.919772777911,13.51));
#4472=CARTESIAN_POINT('',(83.1299463863417,-148.919772777911,13.51));
#4473=CARTESIAN_POINT('',(105.,-148.919772777911,13.51));
#4474=CARTESIAN_POINT('',(105.,-148.919772777911,13.51));
#4475=CARTESIAN_POINT('',(105.,-148.919772777911,13.51));
#4476=CARTESIAN_POINT('Origin',(225.25,-138.25,1.51));
#4477=CARTESIAN_POINT('',(225.25,-138.25,-11.49));
#4478=CARTESIAN_POINT('',(225.25,-83.75,-11.49));
#4479=CARTESIAN_POINT('',(225.25,-138.25,1.51));
#4480=CARTESIAN_POINT('Origin',(85.,-138.25,1.51));
#4481=CARTESIAN_POINT('',(225.25,-138.25,-11.49));
#4482=CARTESIAN_POINT('Origin',(204.960523125342,-148.919772777911,1.51));
#4483=CARTESIAN_POINT('',(204.960523125342,-145.,-11.49));
#4484=CARTESIAN_POINT('',(204.960523125342,-145.,1.51));
#4485=CARTESIAN_POINT('',(204.960523125342,-148.919772777911,-11.49));
#4486=CARTESIAN_POINT('',(204.960523125342,-145.,-11.49));
#4487=CARTESIAN_POINT('',(204.960523125342,-148.919772777911,1.51));
#4488=CARTESIAN_POINT('Origin',(226.480494345699,-148.919772777911,1.51));
#4489=CARTESIAN_POINT('',(226.480494345699,-148.919772777911,-11.49));
#4490=CARTESIAN_POINT('',(226.480494345699,-148.919772777911,-11.49));
#4491=CARTESIAN_POINT('',(226.480494345699,-148.919772777911,1.51));
#4492=CARTESIAN_POINT('Origin',(226.480494345699,-144.571110434615,1.51));
#4493=CARTESIAN_POINT('',(226.480494345699,-144.571110434615,-11.49));
#4494=CARTESIAN_POINT('',(226.480494345699,-144.571110434615,-11.49));
#4495=CARTESIAN_POINT('',(226.480494345699,-144.571110434615,1.51));
#4496=CARTESIAN_POINT('Origin',(230.25,-144.571110434615,1.51));
#4497=CARTESIAN_POINT('',(230.25,-144.571110434615,-11.49));
#4498=CARTESIAN_POINT('',(230.25,-144.571110434615,-11.49));
#4499=CARTESIAN_POINT('',(230.25,-144.571110434615,1.51));
#4500=CARTESIAN_POINT('Origin',(230.25,-140.,1.51));
#4501=CARTESIAN_POINT('',(230.25,-140.,-11.49));
#4502=CARTESIAN_POINT('',(230.25,-140.,-11.49));
#4503=CARTESIAN_POINT('',(230.25,-140.,1.51));
#4504=CARTESIAN_POINT('Origin',(235.,-140.,1.51));
#4505=CARTESIAN_POINT('',(235.,-140.,-11.49));
#4506=CARTESIAN_POINT('',(235.,-140.,-11.49));
#4507=CARTESIAN_POINT('',(235.,-140.,1.51));
#4508=CARTESIAN_POINT('Origin',(235.,-95.0773325308111,1.51));
#4509=CARTESIAN_POINT('',(235.,-95.0773325308111,-11.49));
#4510=CARTESIAN_POINT('',(235.,-95.0773325308111,-11.49));
#4511=CARTESIAN_POINT('',(235.,-95.0773325308111,1.51));
#4512=CARTESIAN_POINT('Origin',(230.25,-95.0773325308111,1.51));
#4513=CARTESIAN_POINT('',(230.25,-95.0773325308111,-11.49));
#4514=CARTESIAN_POINT('',(230.25,-95.0773325308111,-11.49));
#4515=CARTESIAN_POINT('',(230.25,-95.0773325308111,1.51));
#4516=CARTESIAN_POINT('Origin',(230.25,-89.840500878225,1.51));
#4517=CARTESIAN_POINT('',(230.25,-89.840500878225,-11.49));
#4518=CARTESIAN_POINT('',(230.25,-89.840500878225,-11.49));
#4519=CARTESIAN_POINT('',(230.25,-89.840500878225,1.51));
#4520=CARTESIAN_POINT('Origin',(227.75,-89.840500878225,1.51));
#4521=CARTESIAN_POINT('',(227.75,-89.840500878225,-11.49));
#4522=CARTESIAN_POINT('',(227.75,-89.840500878225,-11.49));
#4523=CARTESIAN_POINT('',(227.75,-89.840500878225,1.51));
#4524=CARTESIAN_POINT('Origin',(227.75,-81.25,1.51));
#4525=CARTESIAN_POINT('',(227.75,-81.25,-11.49));
#4526=CARTESIAN_POINT('',(227.75,-81.25,-11.49));
#4527=CARTESIAN_POINT('',(227.75,-81.25,1.51));
#4528=CARTESIAN_POINT('Origin',(219.992526489471,-81.25,1.51));
#4529=CARTESIAN_POINT('',(219.992526489471,-81.25,-11.49));
#4530=CARTESIAN_POINT('',(219.992526489471,-81.25,-11.49));
#4531=CARTESIAN_POINT('',(219.992526489471,-81.25,1.51));
#4532=CARTESIAN_POINT('Origin',(219.992526489471,-74.6025471822427,1.51));
#4533=CARTESIAN_POINT('',(219.992526489471,-74.6025471822427,-11.49));
#4534=CARTESIAN_POINT('',(219.992526489471,-74.6025471822427,-11.49));
#4535=CARTESIAN_POINT('',(219.992526489471,-74.6025471822427,1.51));
#4536=CARTESIAN_POINT('Origin',(199.800397601406,-74.6025471822427,1.51));
#4537=CARTESIAN_POINT('',(199.800397601406,-74.6025471822427,-11.49));
#4538=CARTESIAN_POINT('',(210.197158860032,-74.6025471822427,-11.49));
#4539=CARTESIAN_POINT('',(199.800397601406,-74.6025471822427,1.51));
#4540=CARTESIAN_POINT('Origin',(199.800397601406,-70.,1.51));
#4541=CARTESIAN_POINT('',(199.800397601406,-70.,-11.49));
#4542=CARTESIAN_POINT('',(199.800397601406,-70.,-11.49));
#4543=CARTESIAN_POINT('',(199.800397601406,-70.,1.51));
#4544=CARTESIAN_POINT('Origin',(110.,-70.,1.51));
#4545=CARTESIAN_POINT('',(110.,-70.,-11.49));
#4546=CARTESIAN_POINT('',(110.,-70.,-11.49));
#4547=CARTESIAN_POINT('',(110.,-70.,1.51));
#4548=CARTESIAN_POINT('Origin',(110.,-74.6025471822427,1.51));
#4549=CARTESIAN_POINT('',(110.,-74.6025471822427,-11.49));
#4550=CARTESIAN_POINT('',(110.,-74.6025471822427,-11.49));
#4551=CARTESIAN_POINT('',(110.,-74.6025471822427,1.51));
#4552=CARTESIAN_POINT('Origin',(90.2958698311676,-74.6025471822427,1.51));
#4553=CARTESIAN_POINT('',(90.2958698311676,-74.6025471822427,-11.49));
#4554=CARTESIAN_POINT('',(100.,-74.6025471822427,-11.49));
#4555=CARTESIAN_POINT('',(90.2958698311676,-74.6025471822427,1.51));
#4556=CARTESIAN_POINT('Origin',(90.2958698311676,-81.25,1.51));
#4557=CARTESIAN_POINT('',(90.2958698311676,-81.25,-11.49));
#4558=CARTESIAN_POINT('',(90.2958698311676,-81.25,-11.49));
#4559=CARTESIAN_POINT('',(90.2958698311676,-81.25,1.51));
#4560=CARTESIAN_POINT('Origin',(82.5,-81.25,1.51));
#4561=CARTESIAN_POINT('',(82.5,-81.25,-11.49));
#4562=CARTESIAN_POINT('',(82.5,-81.25,-11.49));
#4563=CARTESIAN_POINT('',(82.5,-81.25,1.51));
#4564=CARTESIAN_POINT('Origin',(82.5,-89.7766245759779,1.51));
#4565=CARTESIAN_POINT('',(82.5,-89.7766245759779,-11.49));
#4566=CARTESIAN_POINT('',(82.5,-89.7766245759779,-11.49));
#4567=CARTESIAN_POINT('',(82.5,-89.7766245759779,1.51));
#4568=CARTESIAN_POINT('Origin',(80.,-89.7766245759779,1.51));
#4569=CARTESIAN_POINT('',(80.,-89.7766245759779,-11.49));
#4570=CARTESIAN_POINT('',(82.5,-89.7766245759779,-11.49));
#4571=CARTESIAN_POINT('',(80.,-89.7766245759779,1.51));
#4572=CARTESIAN_POINT('Origin',(80.,-95.,1.51));
#4573=CARTESIAN_POINT('',(80.,-95.,-11.49));
#4574=CARTESIAN_POINT('',(80.,-89.7766245759779,-11.49));
#4575=CARTESIAN_POINT('',(80.,-95.,1.51));
#4576=CARTESIAN_POINT('Origin',(75.,-95.,1.51));
#4577=CARTESIAN_POINT('',(75.,-95.,-11.49));
#4578=CARTESIAN_POINT('',(75.,-95.,-11.49));
#4579=CARTESIAN_POINT('',(75.,-95.,1.51));
#4580=CARTESIAN_POINT('Origin',(75.,-140.,1.51));
#4581=CARTESIAN_POINT('',(75.,-140.,-11.49));
#4582=CARTESIAN_POINT('',(75.,-140.,-11.49));
#4583=CARTESIAN_POINT('',(75.,-140.,1.51));
#4584=CARTESIAN_POINT('Origin',(80.,-140.,1.51));
#4585=CARTESIAN_POINT('',(80.,-140.,-11.49));
#4586=CARTESIAN_POINT('',(80.,-140.,-11.49));
#4587=CARTESIAN_POINT('',(80.,-140.,1.51));
#4588=CARTESIAN_POINT('Origin',(80.,-144.571110434615,1.51));
#4589=CARTESIAN_POINT('',(80.,-144.571110434615,-11.49));
#4590=CARTESIAN_POINT('',(80.,-144.571110434615,-11.49));
#4591=CARTESIAN_POINT('',(80.,-144.571110434615,1.51));
#4592=CARTESIAN_POINT('Origin',(83.1299463863417,-144.571110434615,1.51));
#4593=CARTESIAN_POINT('',(83.1299463863417,-144.571110434615,-11.49));
#4594=CARTESIAN_POINT('',(83.1299463863417,-144.571110434615,-11.49));
#4595=CARTESIAN_POINT('',(83.1299463863417,-144.571110434615,1.51));
#4596=CARTESIAN_POINT('Origin',(83.1299463863417,-148.919772777911,1.51));
#4597=CARTESIAN_POINT('',(83.1299463863417,-148.919772777911,-11.49));
#4598=CARTESIAN_POINT('',(83.1299463863417,-148.919772777911,-11.49));
#4599=CARTESIAN_POINT('',(83.1299463863417,-148.919772777911,1.51));
#4600=CARTESIAN_POINT('Origin',(105.,-148.919772777911,1.51));
#4601=CARTESIAN_POINT('',(105.,-148.919772777911,-11.49));
#4602=CARTESIAN_POINT('',(105.,-148.919772777911,-11.49));
#4603=CARTESIAN_POINT('',(105.,-148.919772777911,1.51));
#4604=CARTESIAN_POINT('Origin',(105.,-145.,1.51));
#4605=CARTESIAN_POINT('',(105.,-145.,-11.49));
#4606=CARTESIAN_POINT('',(105.,-148.919772777911,-11.49));
#4607=CARTESIAN_POINT('',(105.,-145.,1.51));
#4608=CARTESIAN_POINT('Origin',(204.960523125342,-145.,1.51));
#4609=CARTESIAN_POINT('',(105.,-145.,-11.49));
#4610=CARTESIAN_POINT('Origin',(155.,-109.459886388955,-11.49));
#4611=CARTESIAN_POINT('Origin',(85.,-83.75,-11.49));
#4612=CARTESIAN_POINT('',(85.,-83.75,-11.49));
#4613=CARTESIAN_POINT('',(85.,-138.25,-11.49));
#4614=CARTESIAN_POINT('',(85.,-138.25,-11.49));
#4615=CARTESIAN_POINT('',(85.,-138.25,-13.49));
#4616=CARTESIAN_POINT('',(85.,-138.25,-11.49));
#4617=CARTESIAN_POINT('',(85.,-83.75,-13.49));
#4618=CARTESIAN_POINT('',(85.,-138.25,-13.49));
#4619=CARTESIAN_POINT('',(85.,-83.75,-11.49));
#4620=CARTESIAN_POINT('Origin',(225.25,-83.75,-11.49));
#4621=CARTESIAN_POINT('',(225.25,-83.75,-11.49));
#4622=CARTESIAN_POINT('',(85.,-83.75,-11.49));
#4623=CARTESIAN_POINT('',(225.25,-83.75,-13.49));
#4624=CARTESIAN_POINT('',(85.,-83.75,-13.49));
#4625=CARTESIAN_POINT('',(225.25,-83.75,-11.49));
#4626=CARTESIAN_POINT('Origin',(225.25,-138.25,-11.49));
#4627=CARTESIAN_POINT('',(225.25,-138.25,-11.49));
#4628=CARTESIAN_POINT('',(225.25,-83.75,-11.49));
#4629=CARTESIAN_POINT('',(225.25,-138.25,-13.49));
#4630=CARTESIAN_POINT('',(225.25,-83.75,-13.49));
#4631=CARTESIAN_POINT('',(225.25,-138.25,-11.49));
#4632=CARTESIAN_POINT('Origin',(85.,-138.25,-11.49));
#4633=CARTESIAN_POINT('',(225.25,-138.25,-11.49));
#4634=CARTESIAN_POINT('',(225.25,-138.25,-13.49));
#4635=CARTESIAN_POINT('Origin',(204.960523125342,-148.919772777911,-11.49));
#4636=CARTESIAN_POINT('',(204.960523125342,-148.919772777911,-11.49));
#4637=CARTESIAN_POINT('',(204.960523125342,-145.,-11.49));
#4638=CARTESIAN_POINT('',(204.960523125342,-145.,-11.49));
#4639=CARTESIAN_POINT('',(204.960523125342,-145.,-13.49));
#4640=CARTESIAN_POINT('',(204.960523125342,-145.,-11.49));
#4641=CARTESIAN_POINT('',(204.960523125342,-148.919772777911,-13.49));
#4642=CARTESIAN_POINT('',(204.960523125342,-145.,-13.49));
#4643=CARTESIAN_POINT('',(204.960523125342,-148.919772777911,-11.49));
#4644=CARTESIAN_POINT('Origin',(226.480494345699,-148.919772777911,-11.49));
#4645=CARTESIAN_POINT('',(226.480494345699,-148.919772777911,-11.49));
#4646=CARTESIAN_POINT('',(226.480494345699,-148.919772777911,-11.49));
#4647=CARTESIAN_POINT('',(226.480494345699,-148.919772777911,-13.49));
#4648=CARTESIAN_POINT('',(226.480494345699,-148.919772777911,-13.49));
#4649=CARTESIAN_POINT('',(226.480494345699,-148.919772777911,-11.49));
#4650=CARTESIAN_POINT('Origin',(226.480494345699,-144.571110434615,-11.49));
#4651=CARTESIAN_POINT('',(226.480494345699,-144.571110434615,-11.49));
#4652=CARTESIAN_POINT('',(226.480494345699,-144.571110434615,-11.49));
#4653=CARTESIAN_POINT('',(226.480494345699,-144.571110434615,-13.49));
#4654=CARTESIAN_POINT('',(226.480494345699,-144.571110434615,-13.49));
#4655=CARTESIAN_POINT('',(226.480494345699,-144.571110434615,-11.49));
#4656=CARTESIAN_POINT('Origin',(230.25,-144.571110434615,-11.49));
#4657=CARTESIAN_POINT('',(230.25,-144.571110434615,-11.49));
#4658=CARTESIAN_POINT('',(230.25,-144.571110434615,-11.49));
#4659=CARTESIAN_POINT('',(230.25,-144.571110434615,-13.49));
#4660=CARTESIAN_POINT('',(230.25,-144.571110434615,-13.49));
#4661=CARTESIAN_POINT('',(230.25,-144.571110434615,-11.49));
#4662=CARTESIAN_POINT('Origin',(230.25,-140.,-11.49));
#4663=CARTESIAN_POINT('',(230.25,-140.,-11.49));
#4664=CARTESIAN_POINT('',(230.25,-140.,-11.49));
#4665=CARTESIAN_POINT('',(230.25,-140.,-13.49));
#4666=CARTESIAN_POINT('',(230.25,-140.,-13.49));
#4667=CARTESIAN_POINT('',(230.25,-140.,-11.49));
#4668=CARTESIAN_POINT('Origin',(235.,-140.,-11.49));
#4669=CARTESIAN_POINT('',(235.,-140.,-11.49));
#4670=CARTESIAN_POINT('',(235.,-140.,-11.49));
#4671=CARTESIAN_POINT('',(235.,-140.,-13.49));
#4672=CARTESIAN_POINT('',(235.,-140.,-13.49));
#4673=CARTESIAN_POINT('',(235.,-140.,-11.49));
#4674=CARTESIAN_POINT('Origin',(235.,-95.0773325308111,-11.49));
#4675=CARTESIAN_POINT('',(235.,-95.0773325308111,-11.49));
#4676=CARTESIAN_POINT('',(235.,-95.0773325308111,-11.49));
#4677=CARTESIAN_POINT('',(235.,-95.0773325308111,-13.49));
#4678=CARTESIAN_POINT('',(235.,-95.0773325308111,-13.49));
#4679=CARTESIAN_POINT('',(235.,-95.0773325308111,-11.49));
#4680=CARTESIAN_POINT('Origin',(230.25,-95.0773325308111,-11.49));
#4681=CARTESIAN_POINT('',(230.25,-95.0773325308111,-11.49));
#4682=CARTESIAN_POINT('',(230.25,-95.0773325308111,-11.49));
#4683=CARTESIAN_POINT('',(230.25,-95.0773325308111,-13.49));
#4684=CARTESIAN_POINT('',(230.25,-95.0773325308111,-13.49));
#4685=CARTESIAN_POINT('',(230.25,-95.0773325308111,-11.49));
#4686=CARTESIAN_POINT('Origin',(230.25,-89.840500878225,-11.49));
#4687=CARTESIAN_POINT('',(230.25,-89.840500878225,-11.49));
#4688=CARTESIAN_POINT('',(230.25,-89.840500878225,-11.49));
#4689=CARTESIAN_POINT('',(230.25,-89.840500878225,-13.49));
#4690=CARTESIAN_POINT('',(230.25,-89.840500878225,-13.49));
#4691=CARTESIAN_POINT('',(230.25,-89.840500878225,-11.49));
#4692=CARTESIAN_POINT('Origin',(227.75,-89.840500878225,-11.49));
#4693=CARTESIAN_POINT('',(227.75,-89.840500878225,-11.49));
#4694=CARTESIAN_POINT('',(227.75,-89.840500878225,-11.49));
#4695=CARTESIAN_POINT('',(227.75,-89.840500878225,-13.49));
#4696=CARTESIAN_POINT('',(227.75,-89.840500878225,-13.49));
#4697=CARTESIAN_POINT('',(227.75,-89.840500878225,-11.49));
#4698=CARTESIAN_POINT('Origin',(227.75,-81.25,-11.49));
#4699=CARTESIAN_POINT('',(227.75,-81.25,-11.49));
#4700=CARTESIAN_POINT('',(227.75,-81.25,-11.49));
#4701=CARTESIAN_POINT('',(227.75,-81.25,-13.49));
#4702=CARTESIAN_POINT('',(227.75,-81.25,-13.49));
#4703=CARTESIAN_POINT('',(227.75,-81.25,-11.49));
#4704=CARTESIAN_POINT('Origin',(219.992526489471,-81.25,-11.49));
#4705=CARTESIAN_POINT('',(219.992526489471,-81.25,-11.49));
#4706=CARTESIAN_POINT('',(219.992526489471,-81.25,-11.49));
#4707=CARTESIAN_POINT('',(219.992526489471,-81.25,-13.49));
#4708=CARTESIAN_POINT('',(219.992526489471,-81.25,-13.49));
#4709=CARTESIAN_POINT('',(219.992526489471,-81.25,-11.49));
#4710=CARTESIAN_POINT('Origin',(219.992526489471,-74.6025471822427,-11.49));
#4711=CARTESIAN_POINT('',(219.992526489471,-74.6025471822427,-11.49));
#4712=CARTESIAN_POINT('',(219.992526489471,-74.6025471822427,-11.49));
#4713=CARTESIAN_POINT('',(219.992526489471,-74.6025471822427,-13.49));
#4714=CARTESIAN_POINT('',(219.992526489471,-74.6025471822427,-13.49));
#4715=CARTESIAN_POINT('',(219.992526489471,-74.6025471822427,-11.49));
#4716=CARTESIAN_POINT('Origin',(199.800397601406,-74.6025471822427,-11.49));
#4717=CARTESIAN_POINT('',(199.800397601406,-74.6025471822427,-11.49));
#4718=CARTESIAN_POINT('',(210.197158860032,-74.6025471822427,-11.49));
#4719=CARTESIAN_POINT('',(199.800397601406,-74.6025471822427,-13.49));
#4720=CARTESIAN_POINT('',(210.197158860032,-74.6025471822427,-13.49));
#4721=CARTESIAN_POINT('',(199.800397601406,-74.6025471822427,-11.49));
#4722=CARTESIAN_POINT('Origin',(199.800397601406,-70.,-11.49));
#4723=CARTESIAN_POINT('',(199.800397601406,-70.,-11.49));
#4724=CARTESIAN_POINT('',(199.800397601406,-70.,-11.49));
#4725=CARTESIAN_POINT('',(199.800397601406,-70.,-13.49));
#4726=CARTESIAN_POINT('',(199.800397601406,-70.,-13.49));
#4727=CARTESIAN_POINT('',(199.800397601406,-70.,-11.49));
#4728=CARTESIAN_POINT('Origin',(110.,-70.,-11.49));
#4729=CARTESIAN_POINT('',(110.,-70.,-11.49));
#4730=CARTESIAN_POINT('',(110.,-70.,-11.49));
#4731=CARTESIAN_POINT('',(110.,-70.,-13.49));
#4732=CARTESIAN_POINT('',(110.,-70.,-13.49));
#4733=CARTESIAN_POINT('',(110.,-70.,-11.49));
#4734=CARTESIAN_POINT('Origin',(110.,-74.6025471822427,-11.49));
#4735=CARTESIAN_POINT('',(110.,-74.6025471822427,-11.49));
#4736=CARTESIAN_POINT('',(110.,-74.6025471822427,-11.49));
#4737=CARTESIAN_POINT('',(110.,-74.6025471822427,-13.49));
#4738=CARTESIAN_POINT('',(110.,-74.6025471822427,-13.49));
#4739=CARTESIAN_POINT('',(110.,-74.6025471822427,-11.49));
#4740=CARTESIAN_POINT('Origin',(90.2958698311676,-74.6025471822427,-11.49));
#4741=CARTESIAN_POINT('',(90.2958698311676,-74.6025471822427,-11.49));
#4742=CARTESIAN_POINT('',(100.,-74.6025471822427,-11.49));
#4743=CARTESIAN_POINT('',(90.2958698311676,-74.6025471822427,-13.49));
#4744=CARTESIAN_POINT('',(100.,-74.6025471822427,-13.49));
#4745=CARTESIAN_POINT('',(90.2958698311676,-74.6025471822427,-11.49));
#4746=CARTESIAN_POINT('Origin',(90.2958698311676,-81.25,-11.49));
#4747=CARTESIAN_POINT('',(90.2958698311676,-81.25,-11.49));
#4748=CARTESIAN_POINT('',(90.2958698311676,-81.25,-11.49));
#4749=CARTESIAN_POINT('',(90.2958698311676,-81.25,-13.49));
#4750=CARTESIAN_POINT('',(90.2958698311676,-81.25,-13.49));
#4751=CARTESIAN_POINT('',(90.2958698311676,-81.25,-11.49));
#4752=CARTESIAN_POINT('Origin',(82.5,-81.25,-11.49));
#4753=CARTESIAN_POINT('',(82.5,-81.25,-11.49));
#4754=CARTESIAN_POINT('',(82.5,-81.25,-11.49));
#4755=CARTESIAN_POINT('',(82.5,-81.25,-13.49));
#4756=CARTESIAN_POINT('',(82.5,-81.25,-13.49));
#4757=CARTESIAN_POINT('',(82.5,-81.25,-11.49));
#4758=CARTESIAN_POINT('Origin',(82.5,-89.7766245759779,-11.49));
#4759=CARTESIAN_POINT('',(82.5,-89.7766245759779,-11.49));
#4760=CARTESIAN_POINT('',(82.5,-89.7766245759779,-11.49));
#4761=CARTESIAN_POINT('',(82.5,-89.7766245759779,-13.49));
#4762=CARTESIAN_POINT('',(82.5,-89.7766245759779,-13.49));
#4763=CARTESIAN_POINT('',(82.5,-89.7766245759779,-11.49));
#4764=CARTESIAN_POINT('Origin',(80.,-89.7766245759779,-11.49));
#4765=CARTESIAN_POINT('',(80.,-89.7766245759779,-11.49));
#4766=CARTESIAN_POINT('',(82.5,-89.7766245759779,-11.49));
#4767=CARTESIAN_POINT('',(80.,-89.7766245759779,-13.49));
#4768=CARTESIAN_POINT('',(82.5,-89.7766245759779,-13.49));
#4769=CARTESIAN_POINT('',(80.,-89.7766245759779,-11.49));
#4770=CARTESIAN_POINT('Origin',(80.,-95.,-11.49));
#4771=CARTESIAN_POINT('',(80.,-95.,-11.49));
#4772=CARTESIAN_POINT('',(80.,-89.7766245759779,-11.49));
#4773=CARTESIAN_POINT('',(80.,-95.,-13.49));
#4774=CARTESIAN_POINT('',(80.,-89.7766245759779,-13.49));
#4775=CARTESIAN_POINT('',(80.,-95.,-11.49));
#4776=CARTESIAN_POINT('Origin',(75.,-95.,-11.49));
#4777=CARTESIAN_POINT('',(75.,-95.,-11.49));
#4778=CARTESIAN_POINT('',(75.,-95.,-11.49));
#4779=CARTESIAN_POINT('',(75.,-95.,-13.49));
#4780=CARTESIAN_POINT('',(75.,-95.,-13.49));
#4781=CARTESIAN_POINT('',(75.,-95.,-11.49));
#4782=CARTESIAN_POINT('Origin',(75.,-140.,-11.49));
#4783=CARTESIAN_POINT('',(75.,-140.,-11.49));
#4784=CARTESIAN_POINT('',(75.,-140.,-11.49));
#4785=CARTESIAN_POINT('',(75.,-140.,-13.49));
#4786=CARTESIAN_POINT('',(75.,-140.,-13.49));
#4787=CARTESIAN_POINT('',(75.,-140.,-11.49));
#4788=CARTESIAN_POINT('Origin',(80.,-140.,-11.49));
#4789=CARTESIAN_POINT('',(80.,-140.,-11.49));
#4790=CARTESIAN_POINT('',(80.,-140.,-11.49));
#4791=CARTESIAN_POINT('',(80.,-140.,-13.49));
#4792=CARTESIAN_POINT('',(80.,-140.,-13.49));
#4793=CARTESIAN_POINT('',(80.,-140.,-11.49));
#4794=CARTESIAN_POINT('Origin',(80.,-144.571110434615,-11.49));
#4795=CARTESIAN_POINT('',(80.,-144.571110434615,-11.49));
#4796=CARTESIAN_POINT('',(80.,-144.571110434615,-11.49));
#4797=CARTESIAN_POINT('',(80.,-144.571110434615,-13.49));
#4798=CARTESIAN_POINT('',(80.,-144.571110434615,-13.49));
#4799=CARTESIAN_POINT('',(80.,-144.571110434615,-11.49));
#4800=CARTESIAN_POINT('Origin',(83.1299463863417,-144.571110434615,-11.49));
#4801=CARTESIAN_POINT('',(83.1299463863417,-144.571110434615,-11.49));
#4802=CARTESIAN_POINT('',(83.1299463863417,-144.571110434615,-11.49));
#4803=CARTESIAN_POINT('',(83.1299463863417,-144.571110434615,-13.49));
#4804=CARTESIAN_POINT('',(83.1299463863417,-144.571110434615,-13.49));
#4805=CARTESIAN_POINT('',(83.1299463863417,-144.571110434615,-11.49));
#4806=CARTESIAN_POINT('Origin',(83.1299463863417,-148.919772777911,-11.49));
#4807=CARTESIAN_POINT('',(83.1299463863417,-148.919772777911,-11.49));
#4808=CARTESIAN_POINT('',(83.1299463863417,-148.919772777911,-11.49));
#4809=CARTESIAN_POINT('',(83.1299463863417,-148.919772777911,-13.49));
#4810=CARTESIAN_POINT('',(83.1299463863417,-148.919772777911,-13.49));
#4811=CARTESIAN_POINT('',(83.1299463863417,-148.919772777911,-11.49));
#4812=CARTESIAN_POINT('Origin',(105.,-148.919772777911,-11.49));
#4813=CARTESIAN_POINT('',(105.,-148.919772777911,-11.49));
#4814=CARTESIAN_POINT('',(105.,-148.919772777911,-11.49));
#4815=CARTESIAN_POINT('',(105.,-148.919772777911,-13.49));
#4816=CARTESIAN_POINT('',(105.,-148.919772777911,-13.49));
#4817=CARTESIAN_POINT('',(105.,-148.919772777911,-11.49));
#4818=CARTESIAN_POINT('Origin',(105.,-145.,-11.49));
#4819=CARTESIAN_POINT('',(105.,-145.,-11.49));
#4820=CARTESIAN_POINT('',(105.,-148.919772777911,-11.49));
#4821=CARTESIAN_POINT('',(105.,-145.,-13.49));
#4822=CARTESIAN_POINT('',(105.,-148.919772777911,-13.49));
#4823=CARTESIAN_POINT('',(105.,-145.,-11.49));
#4824=CARTESIAN_POINT('Origin',(204.960523125342,-145.,-11.49));
#4825=CARTESIAN_POINT('',(105.,-145.,-11.49));
#4826=CARTESIAN_POINT('',(105.,-145.,-13.49));
#4827=CARTESIAN_POINT('Origin',(155.,-109.459886388955,-13.49));
#4828=CARTESIAN_POINT('Origin',(155.,-109.459886388955,-11.49));
#4829=CARTESIAN_POINT('Origin',(137.000002041459,-123.411151479858,-11.49));
#4830=CARTESIAN_POINT('',(137.000002041459,-121.521000515266,-13.49));
#4831=CARTESIAN_POINT('',(137.000002041459,-123.411151479858,-13.49));
#4832=CARTESIAN_POINT('',(137.000002041459,-130.830575739929,-13.49));
#4833=CARTESIAN_POINT('',(137.000002041459,-121.521000515266,-11.49));
#4834=CARTESIAN_POINT('',(137.000002041459,-121.521000515266,-11.49));
#4835=CARTESIAN_POINT('',(137.000002041459,-123.411151479858,-11.49));
#4836=CARTESIAN_POINT('',(137.000002041459,-103.580575739929,-11.49));
#4837=CARTESIAN_POINT('',(137.000002041459,-123.411151479858,-11.49));
#4838=CARTESIAN_POINT('Origin',(151.278819571544,-123.411151479858,-11.49));
#4839=CARTESIAN_POINT('',(151.278819571544,-123.411151479858,-13.49));
#4840=CARTESIAN_POINT('',(118.139409785772,-123.411151479858,-13.49));
#4841=CARTESIAN_POINT('',(151.278819571544,-123.411151479858,-11.49));
#4842=CARTESIAN_POINT('',(118.139409785772,-123.411151479858,-11.49));
#4843=CARTESIAN_POINT('',(151.278819571544,-123.411151479858,-11.49));
#4844=CARTESIAN_POINT('Origin',(151.278819571544,-121.521000515266,-11.49));
#4845=CARTESIAN_POINT('',(151.278819571544,-121.521000515266,-13.49));
#4846=CARTESIAN_POINT('',(151.278819571544,-129.885500257633,-13.49));
#4847=CARTESIAN_POINT('',(151.278819571544,-121.521000515266,-11.49));
#4848=CARTESIAN_POINT('',(151.278819571544,-102.635500257633,-11.49));
#4849=CARTESIAN_POINT('',(151.278819571544,-121.521000515266,-11.49));
#4850=CARTESIAN_POINT('Origin',(137.000002041459,-121.521000515266,-11.49));
#4851=CARTESIAN_POINT('',(111.00000102073,-121.521000515266,-13.49));
#4852=CARTESIAN_POINT('',(111.00000102073,-121.521000515266,-11.49));
#4853=CARTESIAN_POINT('Origin',(142.000002115965,-134.527039295435,-11.49));
#4854=CARTESIAN_POINT('',(142.000002115965,-124.000001847744,-13.49));
#4855=CARTESIAN_POINT('',(142.000002115965,-134.527039295435,-13.49));
#4856=CARTESIAN_POINT('',(142.000002115965,-136.388519647717,-13.49));
#4857=CARTESIAN_POINT('',(142.000002115965,-124.000001847744,-11.49));
#4858=CARTESIAN_POINT('',(142.000002115965,-124.000001847744,-11.49));
#4859=CARTESIAN_POINT('',(142.000002115965,-134.527039295435,-11.49));
#4860=CARTESIAN_POINT('',(142.000002115965,-109.138519647717,-11.49));
#4861=CARTESIAN_POINT('',(142.000002115965,-134.527039295435,-11.49));
#4862=CARTESIAN_POINT('Origin',(145.653370272163,-134.527039295435,-11.49));
#4863=CARTESIAN_POINT('',(145.653370272163,-134.527039295435,-13.49));
#4864=CARTESIAN_POINT('',(115.326685136081,-134.527039295435,-13.49));
#4865=CARTESIAN_POINT('',(145.653370272163,-134.527039295435,-11.49));
#4866=CARTESIAN_POINT('',(115.326685136081,-134.527039295435,-11.49));
#4867=CARTESIAN_POINT('',(145.653370272163,-134.527039295435,-11.49));
#4868=CARTESIAN_POINT('Origin',(145.653370272163,-124.000001847744,-11.49));
#4869=CARTESIAN_POINT('',(145.653370272163,-124.000001847744,-13.49));
#4870=CARTESIAN_POINT('',(145.653370272163,-131.125000923872,-13.49));
#4871=CARTESIAN_POINT('',(145.653370272163,-124.000001847744,-11.49));
#4872=CARTESIAN_POINT('',(145.653370272163,-103.875000923872,-11.49));
#4873=CARTESIAN_POINT('',(145.653370272163,-124.000001847744,-11.49));
#4874=CARTESIAN_POINT('Origin',(142.000002115965,-124.000001847744,-11.49));
#4875=CARTESIAN_POINT('',(113.500001057982,-124.000001847744,-13.49));
#4876=CARTESIAN_POINT('',(113.500001057982,-124.000001847744,-11.49));
#4877=CARTESIAN_POINT('Origin',(137.000002041459,-134.527039295435,-11.49));
#4878=CARTESIAN_POINT('',(137.000002041459,-124.000001847744,-13.49));
#4879=CARTESIAN_POINT('',(137.000002041459,-134.527039295435,-13.49));
#4880=CARTESIAN_POINT('',(137.000002041459,-136.388519647717,-13.49));
#4881=CARTESIAN_POINT('',(137.000002041459,-124.000001847744,-11.49));
#4882=CARTESIAN_POINT('',(137.000002041459,-124.000001847744,-11.49));
#4883=CARTESIAN_POINT('',(137.000002041459,-134.527039295435,-11.49));
#4884=CARTESIAN_POINT('',(137.000002041459,-109.138519647717,-11.49));
#4885=CARTESIAN_POINT('',(137.000002041459,-134.527039295435,-11.49));
#4886=CARTESIAN_POINT('Origin',(140.522960511128,-134.527039295435,-11.49));
#4887=CARTESIAN_POINT('',(140.522960511128,-134.527039295435,-13.49));
#4888=CARTESIAN_POINT('',(112.761480255564,-134.527039295435,-13.49));
#4889=CARTESIAN_POINT('',(140.522960511128,-134.527039295435,-11.49));
#4890=CARTESIAN_POINT('',(112.761480255564,-134.527039295435,-11.49));
#4891=CARTESIAN_POINT('',(140.522960511128,-134.527039295435,-11.49));
#4892=CARTESIAN_POINT('Origin',(140.522960511128,-124.000001847744,-11.49));
#4893=CARTESIAN_POINT('',(140.522960511128,-124.000001847744,-13.49));
#4894=CARTESIAN_POINT('',(140.522960511128,-131.125000923872,-13.49));
#4895=CARTESIAN_POINT('',(140.522960511128,-124.000001847744,-11.49));
#4896=CARTESIAN_POINT('',(140.522960511128,-103.875000923872,-11.49));
#4897=CARTESIAN_POINT('',(140.522960511128,-124.000001847744,-11.49));
#4898=CARTESIAN_POINT('Origin',(137.000002041459,-124.000001847744,-11.49));
#4899=CARTESIAN_POINT('',(111.00000102073,-124.000001847744,-13.49));
#4900=CARTESIAN_POINT('',(111.00000102073,-124.000001847744,-11.49));
#4901=CARTESIAN_POINT('Origin',(147.000002190471,-134.527039295435,-11.49));
#4902=CARTESIAN_POINT('',(147.000002190471,-124.000001847744,-13.49));
#4903=CARTESIAN_POINT('',(147.000002190471,-134.527039295435,-13.49));
#4904=CARTESIAN_POINT('',(147.000002190471,-136.388519647717,-13.49));
#4905=CARTESIAN_POINT('',(147.000002190471,-124.000001847744,-11.49));
#4906=CARTESIAN_POINT('',(147.000002190471,-124.000001847744,-11.49));
#4907=CARTESIAN_POINT('',(147.000002190471,-134.527039295435,-11.49));
#4908=CARTESIAN_POINT('',(147.000002190471,-109.138519647717,-11.49));
#4909=CARTESIAN_POINT('',(147.000002190471,-134.527039295435,-11.49));
#4910=CARTESIAN_POINT('Origin',(151.683851921099,-134.527039295435,-11.49));
#4911=CARTESIAN_POINT('',(151.683851921099,-134.527039295435,-13.49));
#4912=CARTESIAN_POINT('',(118.34192596055,-134.527039295435,-13.49));
#4913=CARTESIAN_POINT('',(151.683851921099,-134.527039295435,-11.49));
#4914=CARTESIAN_POINT('',(118.34192596055,-134.527039295435,-11.49));
#4915=CARTESIAN_POINT('',(151.683851921099,-134.527039295435,-11.49));
#4916=CARTESIAN_POINT('Origin',(151.683851921099,-124.000001847744,-11.49));
#4917=CARTESIAN_POINT('',(151.683851921099,-124.000001847744,-13.49));
#4918=CARTESIAN_POINT('',(151.683851921099,-131.125000923872,-13.49));
#4919=CARTESIAN_POINT('',(151.683851921099,-124.000001847744,-11.49));
#4920=CARTESIAN_POINT('',(151.683851921099,-103.875000923872,-11.49));
#4921=CARTESIAN_POINT('',(151.683851921099,-124.000001847744,-11.49));
#4922=CARTESIAN_POINT('Origin',(147.000002190471,-124.000001847744,-11.49));
#4923=CARTESIAN_POINT('',(116.000001095235,-124.000001847744,-13.49));
#4924=CARTESIAN_POINT('',(116.000001095235,-124.000001847744,-11.49));
#4925=CARTESIAN_POINT('Origin',(91.25,-132.,1.51));
#4926=CARTESIAN_POINT('',(92.25,-132.,1.51));
#4927=CARTESIAN_POINT('Origin',(91.25,-132.,1.51));
#4928=CARTESIAN_POINT('',(92.25,-132.,-3.49));
#4929=CARTESIAN_POINT('',(92.25,-132.,1.51));
#4930=CARTESIAN_POINT('Origin',(91.25,-132.,-3.49));
#4931=CARTESIAN_POINT('Origin',(91.25,-132.,-3.49));
#4932=CARTESIAN_POINT('Origin',(219.,-132.25,1.51));
#4933=CARTESIAN_POINT('',(220.,-132.25,1.51));
#4934=CARTESIAN_POINT('Origin',(219.,-132.25,1.51));
#4935=CARTESIAN_POINT('',(220.,-132.25,-3.49));
#4936=CARTESIAN_POINT('',(220.,-132.25,1.51));
#4937=CARTESIAN_POINT('Origin',(219.,-132.25,-3.49));
#4938=CARTESIAN_POINT('Origin',(219.,-132.25,-3.49));
#4939=CARTESIAN_POINT('Origin',(91.25,-89.5,1.51));
#4940=CARTESIAN_POINT('',(92.25,-89.5,1.51));
#4941=CARTESIAN_POINT('Origin',(91.25,-89.5,1.51));
#4942=CARTESIAN_POINT('',(92.25,-89.5,-3.49));
#4943=CARTESIAN_POINT('',(92.25,-89.5,1.51));
#4944=CARTESIAN_POINT('Origin',(91.25,-89.5,-3.49));
#4945=CARTESIAN_POINT('Origin',(91.25,-89.5,-3.49));
#4946=CARTESIAN_POINT('Origin',(219.,-90.,1.51));
#4947=CARTESIAN_POINT('',(220.,-90.,1.51));
#4948=CARTESIAN_POINT('Origin',(219.,-90.,1.51));
#4949=CARTESIAN_POINT('',(220.,-90.,-3.49));
#4950=CARTESIAN_POINT('',(220.,-90.,1.51));
#4951=CARTESIAN_POINT('Origin',(219.,-90.,-3.49));
#4952=CARTESIAN_POINT('Origin',(219.,-90.,-3.49));
#4953=CARTESIAN_POINT('Origin',(91.25,-132.,1.51));
#4954=CARTESIAN_POINT('',(92.85,-132.,-11.49));
#4955=CARTESIAN_POINT('Origin',(91.25,-132.,-11.49));
#4956=CARTESIAN_POINT('',(92.85,-132.,1.51));
#4957=CARTESIAN_POINT('',(92.85,-132.,1.51));
#4958=CARTESIAN_POINT('Origin',(91.25,-132.,1.51));
#4959=CARTESIAN_POINT('Origin',(91.25,-132.,1.51));
#4960=CARTESIAN_POINT('Origin',(219.,-132.25,1.51));
#4961=CARTESIAN_POINT('',(220.6,-132.25,-11.49));
#4962=CARTESIAN_POINT('Origin',(219.,-132.25,-11.49));
#4963=CARTESIAN_POINT('',(220.6,-132.25,1.51));
#4964=CARTESIAN_POINT('',(220.6,-132.25,1.51));
#4965=CARTESIAN_POINT('Origin',(219.,-132.25,1.51));
#4966=CARTESIAN_POINT('Origin',(219.,-132.25,1.51));
#4967=CARTESIAN_POINT('Origin',(219.,-90.,1.51));
#4968=CARTESIAN_POINT('',(220.6,-90.,-11.49));
#4969=CARTESIAN_POINT('Origin',(219.,-90.,-11.49));
#4970=CARTESIAN_POINT('',(220.6,-90.,1.51));
#4971=CARTESIAN_POINT('',(220.6,-90.,1.51));
#4972=CARTESIAN_POINT('Origin',(219.,-90.,1.51));
#4973=CARTESIAN_POINT('Origin',(219.,-90.,1.51));
#4974=CARTESIAN_POINT('Origin',(91.25,-89.5,1.51));
#4975=CARTESIAN_POINT('',(92.85,-89.5,-11.49));
#4976=CARTESIAN_POINT('Origin',(91.25,-89.5,-11.49));
#4977=CARTESIAN_POINT('',(92.85,-89.5,1.51));
#4978=CARTESIAN_POINT('',(92.85,-89.5,1.51));
#4979=CARTESIAN_POINT('Origin',(91.25,-89.5,1.51));
#4980=CARTESIAN_POINT('Origin',(91.25,-89.5,1.51));
#4981=CARTESIAN_POINT('Origin',(85.,-83.75,-13.49));
#4982=CARTESIAN_POINT('',(85.,-83.75,-11.49));
#4983=CARTESIAN_POINT('',(85.,-83.75,-13.49));
#4984=CARTESIAN_POINT('',(85.,-83.75,-11.49));
#4985=CARTESIAN_POINT('',(225.25,-83.75,-11.49));
#4986=CARTESIAN_POINT('',(85.,-83.75,-11.49));
#4987=CARTESIAN_POINT('',(225.25,-83.75,-13.49));
#4988=CARTESIAN_POINT('',(225.25,-83.75,-11.49));
#4989=CARTESIAN_POINT('',(85.,-83.75,-13.49));
#4990=CARTESIAN_POINT('Origin',(85.,-138.25,-13.49));
#4991=CARTESIAN_POINT('',(85.,-138.25,-13.49));
#4992=CARTESIAN_POINT('',(85.,-138.25,-13.49));
#4993=CARTESIAN_POINT('',(225.25,-138.25,-13.49));
#4994=CARTESIAN_POINT('',(225.25,-138.25,-13.49));
#4995=CARTESIAN_POINT('',(85.,-138.25,-13.49));
#4996=CARTESIAN_POINT('Origin',(85.,-138.25,-11.49));
#4997=CARTESIAN_POINT('',(85.,-138.25,-11.49));
#4998=CARTESIAN_POINT('',(85.,-138.25,-11.49));
#4999=CARTESIAN_POINT('',(225.25,-138.25,-11.49));
#5000=CARTESIAN_POINT('',(225.25,-138.25,-11.49));
#5001=CARTESIAN_POINT('',(85.,-138.25,-11.49));
#5002=CARTESIAN_POINT('Origin',(85.,-83.75,-11.49));
#5003=CARTESIAN_POINT('',(85.,-138.25,-11.49));
#5004=CARTESIAN_POINT('',(225.25,-138.25,-11.49));
#5005=CARTESIAN_POINT('Origin',(225.25,-83.75,-11.49));
#5006=CARTESIAN_POINT('Origin',(85.,-83.75,-11.49));
#5007=CARTESIAN_POINT('Origin',(155.,-110.,-20.49));
#5008=CARTESIAN_POINT('',(152.145779153534,-110.,-20.49));
#5009=CARTESIAN_POINT('Origin',(155.,-110.,-20.49));
#5010=CARTESIAN_POINT('',(152.145779153534,-110.,-15.49));
#5011=CARTESIAN_POINT('',(152.145779153534,-110.,-20.49));
#5012=CARTESIAN_POINT('Origin',(155.,-110.,-15.49));
#5013=CARTESIAN_POINT('Origin',(155.,-110.,-15.49));
#5014=CARTESIAN_POINT('Origin',(155.,-110.,-18.49));
#5015=CARTESIAN_POINT('',(147.723578922785,-110.,-20.49));
#5016=CARTESIAN_POINT('Origin',(155.,-110.,-20.49));
#5017=CARTESIAN_POINT('',(147.723578922785,-110.,-18.49));
#5018=CARTESIAN_POINT('',(147.723578922785,-110.,-18.49));
#5019=CARTESIAN_POINT('Origin',(155.,-110.,-18.49));
#5020=CARTESIAN_POINT('Origin',(155.,-110.,-20.49));
#5021=CARTESIAN_POINT('Origin',(155.,-110.,-13.49));
#5022=CARTESIAN_POINT('',(144.006689989268,-110.,-18.49));
#5023=CARTESIAN_POINT('Origin',(155.,-110.,-18.49));
#5024=CARTESIAN_POINT('',(144.006689989268,-110.,-13.49));
#5025=CARTESIAN_POINT('',(144.006689989268,-110.,-13.49));
#5026=CARTESIAN_POINT('Origin',(155.,-110.,-13.49));
#5027=CARTESIAN_POINT('Origin',(155.,-110.,-18.49));
#5028=CARTESIAN_POINT('Origin',(155.,-110.,-13.49));
#5029=CARTESIAN_POINT('Origin',(200.,-70.,13.51));
#5030=CARTESIAN_POINT('',(200.,-70.,9.51));
#5031=CARTESIAN_POINT('',(200.,-74.6025471822427,9.51));
#5032=CARTESIAN_POINT('',(200.,-96.2441340419749,9.51));
#5033=CARTESIAN_POINT('',(200.,-70.,-6.49));
#5034=CARTESIAN_POINT('',(200.,-70.,13.51));
#5035=CARTESIAN_POINT('',(200.,-74.6025471822427,-6.49));
#5036=CARTESIAN_POINT('',(200.,-74.6025471822427,-6.49));
#5037=CARTESIAN_POINT('',(200.,-74.6025471822427,13.51));
#5038=CARTESIAN_POINT('Origin',(200.,-74.6025471822427,13.51));
#5039=CARTESIAN_POINT('',(219.704130168832,-74.6025471822427,9.51));
#5040=CARTESIAN_POINT('',(193.801261381326,-74.6025471822427,9.51));
#5041=CARTESIAN_POINT('',(219.704130168832,-74.6025471822427,-6.49));
#5042=CARTESIAN_POINT('',(219.704130168832,-74.6025471822427,-6.49));
#5043=CARTESIAN_POINT('',(219.704130168832,-74.6025471822427,13.51));
#5044=CARTESIAN_POINT('Origin',(219.704130168832,-74.6025471822427,13.51));
#5045=CARTESIAN_POINT('',(219.704130168832,-81.25,9.51));
#5046=CARTESIAN_POINT('',(219.704130168832,-98.5454076330963,9.51));
#5047=CARTESIAN_POINT('',(219.704130168832,-81.25,-6.49));
#5048=CARTESIAN_POINT('',(219.704130168832,-81.25,-6.49));
#5049=CARTESIAN_POINT('',(219.704130168832,-81.25,13.51));
#5050=CARTESIAN_POINT('Origin',(219.704130168832,-81.25,13.51));
#5051=CARTESIAN_POINT('',(227.5,-81.25,9.51));
#5052=CARTESIAN_POINT('',(203.653326465742,-81.25,9.51));
#5053=CARTESIAN_POINT('',(227.5,-81.25,-6.49));
#5054=CARTESIAN_POINT('',(227.5,-81.25,-6.49));
#5055=CARTESIAN_POINT('',(227.5,-81.25,13.51));
#5056=CARTESIAN_POINT('Origin',(227.5,-81.25,13.51));
#5057=CARTESIAN_POINT('',(227.5,-89.7766245759779,9.51));
#5058=CARTESIAN_POINT('',(227.5,-101.869134041975,9.51));
#5059=CARTESIAN_POINT('',(227.5,-89.7766245759779,-6.49));
#5060=CARTESIAN_POINT('',(227.5,-89.7766245759779,-6.49));
#5061=CARTESIAN_POINT('',(227.5,-89.7766245759779,13.51));
#5062=CARTESIAN_POINT('Origin',(227.5,-89.7766245759779,13.51));
#5063=CARTESIAN_POINT('',(230.,-89.7766245759779,9.51));
#5064=CARTESIAN_POINT('',(207.551261381326,-89.7766245759779,9.51));
#5065=CARTESIAN_POINT('',(230.,-89.7766245759779,-6.49));
#5066=CARTESIAN_POINT('',(230.,-89.7766245759779,-6.49));
#5067=CARTESIAN_POINT('',(230.,-89.7766245759779,13.51));
#5068=CARTESIAN_POINT('Origin',(215.,-60.,13.51));
#5069=CARTESIAN_POINT('',(215.,-60.,9.51));
#5070=CARTESIAN_POINT('',(215.,-65.,9.51));
#5071=CARTESIAN_POINT('',(215.,-91.2441340419749,9.51));
#5072=CARTESIAN_POINT('',(215.,-60.,-6.49));
#5073=CARTESIAN_POINT('',(215.,-60.,13.51));
#5074=CARTESIAN_POINT('',(215.,-65.,-6.49));
#5075=CARTESIAN_POINT('',(215.,-60.,-6.49));
#5076=CARTESIAN_POINT('',(215.,-65.,13.51));
#5077=CARTESIAN_POINT('Origin',(245.,-60.,13.51));
#5078=CARTESIAN_POINT('',(245.,-60.,9.51));
#5079=CARTESIAN_POINT('',(216.301261381326,-60.,9.51));
#5080=CARTESIAN_POINT('',(245.,-60.,-6.49));
#5081=CARTESIAN_POINT('',(245.,-60.,13.51));
#5082=CARTESIAN_POINT('',(245.,-60.,-6.49));
#5083=CARTESIAN_POINT('Ctrl Pts',(235.,-117.5,13.51));
#5084=CARTESIAN_POINT('Ctrl Pts',(235.,-117.5,-6.49));
#5085=CARTESIAN_POINT('Ctrl Pts',(235.,-118.395079980053,13.51));
#5086=CARTESIAN_POINT('Ctrl Pts',(235.,-118.395079980053,-6.49));
#5087=CARTESIAN_POINT('Ctrl Pts',(235.338239497556,-119.813821018205,13.51));
#5088=CARTESIAN_POINT('Ctrl Pts',(235.338239497556,-119.813821018205,-6.49));
#5089=CARTESIAN_POINT('Ctrl Pts',(236.860758421607,-120.826852261531,13.51));
#5090=CARTESIAN_POINT('Ctrl Pts',(236.860758421607,-120.826852261531,-6.49));
#5091=CARTESIAN_POINT('Ctrl Pts',(240.442842022405,-120.683978495669,13.51));
#5092=CARTESIAN_POINT('Ctrl Pts',(240.442842022405,-120.683978495669,-6.49));
#5093=CARTESIAN_POINT('Ctrl Pts',(245.247537525986,-121.279660175967,13.51));
#5094=CARTESIAN_POINT('Ctrl Pts',(245.247537525986,-121.279660175967,-6.49));
#5095=CARTESIAN_POINT('Ctrl Pts',(248.265360008075,-125.290924293477,13.51));
#5096=CARTESIAN_POINT('Ctrl Pts',(248.265360008075,-125.290924293477,-6.49));
#5097=CARTESIAN_POINT('Ctrl Pts',(248.977734991016,-132.242544192028,13.51));
#5098=CARTESIAN_POINT('Ctrl Pts',(248.977734991016,-132.242544192028,-6.49));
#5099=CARTESIAN_POINT('Ctrl Pts',(248.089509810514,-139.532639652756,13.51));
#5100=CARTESIAN_POINT('Ctrl Pts',(248.089509810514,-139.532639652756,-6.49));
#5101=CARTESIAN_POINT('Ctrl Pts',(246.44403023709,-144.876334758569,13.51));
#5102=CARTESIAN_POINT('Ctrl Pts',(246.44403023709,-144.876334758569,-6.49));
#5103=CARTESIAN_POINT('Ctrl Pts',(244.720421123975,-147.064334817757,13.51));
#5104=CARTESIAN_POINT('Ctrl Pts',(244.720421123975,-147.064334817757,-6.49));
#5105=CARTESIAN_POINT('Ctrl Pts',(241.531482265451,-150.244819776408,13.51));
#5106=CARTESIAN_POINT('Ctrl Pts',(241.531482265451,-150.244819776408,-6.49));
#5107=CARTESIAN_POINT('Ctrl Pts',(236.968719541743,-156.195965452384,13.51));
#5108=CARTESIAN_POINT('Ctrl Pts',(236.968719541743,-156.195965452384,-6.49));
#5109=CARTESIAN_POINT('Ctrl Pts',(232.579921820824,-163.744348593537,13.51));
#5110=CARTESIAN_POINT('Ctrl Pts',(232.579921820824,-163.744348593537,-6.49));
#5111=CARTESIAN_POINT('Ctrl Pts',(230.040585726195,-171.161033077617,13.51));
#5112=CARTESIAN_POINT('Ctrl Pts',(230.040585726195,-171.161033077617,-6.49));
#5113=CARTESIAN_POINT('Ctrl Pts',(230.716547040103,-176.496700624437,13.51));
#5114=CARTESIAN_POINT('Ctrl Pts',(230.716547040103,-176.496700624437,-6.49));
#5115=CARTESIAN_POINT('Ctrl Pts',(234.085406336029,-180.60349486055,13.51));
#5116=CARTESIAN_POINT('Ctrl Pts',(234.085406336029,-180.60349486055,-6.49));
#5117=CARTESIAN_POINT('Ctrl Pts',(238.684481102716,-184.158644412772,13.51));
#5118=CARTESIAN_POINT('Ctrl Pts',(238.684481102716,-184.158644412772,-6.49));
#5119=CARTESIAN_POINT('Ctrl Pts',(244.013656263863,-184.9765361679,13.51));
#5120=CARTESIAN_POINT('Ctrl Pts',(244.013656263863,-184.9765361679,-6.49));
#5121=CARTESIAN_POINT('Ctrl Pts',(249.615818778347,-181.244713850693,13.51));
#5122=CARTESIAN_POINT('Ctrl Pts',(249.615818778347,-181.244713850693,-6.49));
#5123=CARTESIAN_POINT('Ctrl Pts',(255.082485174393,-174.105325959007,13.51));
#5124=CARTESIAN_POINT('Ctrl Pts',(255.082485174393,-174.105325959007,-6.49));
#5125=CARTESIAN_POINT('Ctrl Pts',(259.91678832213,-166.723741848454,13.51));
#5126=CARTESIAN_POINT('Ctrl Pts',(259.91678832213,-166.723741848454,-6.49));
#5127=CARTESIAN_POINT('Ctrl Pts',(263.886629347589,-159.612447178669,13.51));
#5128=CARTESIAN_POINT('Ctrl Pts',(263.886629347589,-159.612447178669,-6.49));
#5129=CARTESIAN_POINT('Ctrl Pts',(266.863314040885,-152.808103031453,13.51));
#5130=CARTESIAN_POINT('Ctrl Pts',(266.863314040885,-152.808103031453,-6.49));
#5131=CARTESIAN_POINT('Ctrl Pts',(268.846843985677,-145.585127291127,13.51));
#5132=CARTESIAN_POINT('Ctrl Pts',(268.846843985677,-145.585127291127,-6.49));
#5133=CARTESIAN_POINT('Ctrl Pts',(269.916105165586,-137.28275579926,13.51));
#5134=CARTESIAN_POINT('Ctrl Pts',(269.916105165586,-137.28275579926,-6.49));
#5135=CARTESIAN_POINT('Ctrl Pts',(270.205045525303,-127.468172575008,13.51));
#5136=CARTESIAN_POINT('Ctrl Pts',(270.205045525303,-127.468172575008,-6.49));
#5137=CARTESIAN_POINT('Ctrl Pts',(269.884500710517,-116.821607211596,13.51));
#5138=CARTESIAN_POINT('Ctrl Pts',(269.884500710517,-116.821607211596,-6.49));
#5139=CARTESIAN_POINT('Ctrl Pts',(269.097972725906,-106.548449468765,13.51));
#5140=CARTESIAN_POINT('Ctrl Pts',(269.097972725906,-106.548449468765,-6.49));
#5141=CARTESIAN_POINT('Ctrl Pts',(267.922904543683,-97.1565728409377,13.51));
#5142=CARTESIAN_POINT('Ctrl Pts',(267.922904543683,-97.1565728409377,-6.49));
#5143=CARTESIAN_POINT('Ctrl Pts',(266.398876855231,-88.9754602527842,13.51));
#5144=CARTESIAN_POINT('Ctrl Pts',(266.398876855231,-88.9754602527842,-6.49));
#5145=CARTESIAN_POINT('Ctrl Pts',(264.531456564508,-82.0488927421368,13.51));
#5146=CARTESIAN_POINT('Ctrl Pts',(264.531456564508,-82.0488927421368,-6.49));
#5147=CARTESIAN_POINT('Ctrl Pts',(262.306204802646,-76.290624616578,13.51));
#5148=CARTESIAN_POINT('Ctrl Pts',(262.306204802646,-76.290624616578,-6.49));
#5149=CARTESIAN_POINT('Ctrl Pts',(259.698142896778,-71.5253788406316,13.51));
#5150=CARTESIAN_POINT('Ctrl Pts',(259.698142896778,-71.5253788406316,-6.49));
#5151=CARTESIAN_POINT('Ctrl Pts',(256.683328153994,-67.5797131894534,13.51));
#5152=CARTESIAN_POINT('Ctrl Pts',(256.683328153994,-67.5797131894534,-6.49));
#5153=CARTESIAN_POINT('Ctrl Pts',(253.249020293798,-64.3477090000964,13.51));
#5154=CARTESIAN_POINT('Ctrl Pts',(253.249020293798,-64.3477090000964,-6.49));
#5155=CARTESIAN_POINT('Ctrl Pts',(250.16189963026,-62.2892582142404,13.51));
#5156=CARTESIAN_POINT('Ctrl Pts',(250.16189963026,-62.2892582142404,-6.49));
#5157=CARTESIAN_POINT('Ctrl Pts',(247.655249805967,-61.0329562111821,13.51));
#5158=CARTESIAN_POINT('Ctrl Pts',(247.655249805967,-61.0329562111821,-6.49));
#5159=CARTESIAN_POINT('Ctrl Pts',(245.899235619191,-60.3230477774019,13.51));
#5160=CARTESIAN_POINT('Ctrl Pts',(245.899235619191,-60.3230477774019,-6.49));
#5161=CARTESIAN_POINT('Ctrl Pts',(245.,-60.,13.51));
#5162=CARTESIAN_POINT('Ctrl Pts',(245.,-60.,-6.49));
#5163=CARTESIAN_POINT('',(235.,-117.5,9.51));
#5164=CARTESIAN_POINT('Ctrl Pts',(235.,-117.5,9.51));
#5165=CARTESIAN_POINT('Ctrl Pts',(235.,-117.638339405318,9.51));
#5166=CARTESIAN_POINT('Ctrl Pts',(235.004850203066,-117.771351767716,9.51));
#5167=CARTESIAN_POINT('Ctrl Pts',(235.014536633739,-117.899058399702,9.51));
#5168=CARTESIAN_POINT('Ctrl Pts',(235.024368082054,-118.028676955197,9.51));
#5169=CARTESIAN_POINT('Ctrl Pts',(235.039181615753,-118.152829796088,9.51));
#5170=CARTESIAN_POINT('Ctrl Pts',(235.058933076196,-118.271584482905,9.51));
#5171=CARTESIAN_POINT('Ctrl Pts',(235.079003933628,-118.392259528443,9.51));
#5172=CARTESIAN_POINT('Ctrl Pts',(235.104173672423,-118.507360500952,9.51));
#5173=CARTESIAN_POINT('Ctrl Pts',(235.134366211963,-118.617003573546,9.51));
#5174=CARTESIAN_POINT('Ctrl Pts',(235.165089480422,-118.728573968265,9.51));
#5175=CARTESIAN_POINT('Ctrl Pts',(235.201013644692,-118.834492981968,9.51));
#5176=CARTESIAN_POINT('Ctrl Pts',(235.242028566233,-118.934928309307,9.51));
#5177=CARTESIAN_POINT('Ctrl Pts',(235.28383310945,-119.037297223459,9.51));
#5178=CARTESIAN_POINT('Ctrl Pts',(235.330926268513,-119.133969367907,9.51));
#5179=CARTESIAN_POINT('Ctrl Pts',(235.383161176068,-119.22516760178,9.51));
#5180=CARTESIAN_POINT('Ctrl Pts',(235.436507420618,-119.318306146757,9.51));
#5181=CARTESIAN_POINT('Ctrl Pts',(235.495216482847,-119.405735484621,9.51));
#5182=CARTESIAN_POINT('Ctrl Pts',(235.559101355478,-119.487738298526,9.51));
#5183=CARTESIAN_POINT('Ctrl Pts',(235.624504830205,-119.571690394631,9.51));
#5184=CARTESIAN_POINT('Ctrl Pts',(235.695333055233,-119.649955031508,9.51));
#5185=CARTESIAN_POINT('Ctrl Pts',(235.77135441439,-119.722880830094,9.51));
#5186=CARTESIAN_POINT('Ctrl Pts',(235.849422475631,-119.79776998984,9.51));
#5187=CARTESIAN_POINT('Ctrl Pts',(235.932967003554,-119.867029104842,9.51));
#5188=CARTESIAN_POINT('Ctrl Pts',(236.021705731619,-119.931081011264,9.51));
#5189=CARTESIAN_POINT('Ctrl Pts',(236.11319776834,-119.99712026495,9.51));
#5190=CARTESIAN_POINT('Ctrl Pts',(236.210211262099,-120.057624326607,9.51));
#5191=CARTESIAN_POINT('Ctrl Pts',(236.312404799197,-120.113101906458,9.51));
#5192=CARTESIAN_POINT('Ctrl Pts',(236.418330402828,-120.170605505029,9.51));
#5193=CARTESIAN_POINT('Ctrl Pts',(236.529821228517,-120.222708980557,9.51));
#5194=CARTESIAN_POINT('Ctrl Pts',(236.64646421754,-120.270024082651,9.51));
#5195=CARTESIAN_POINT('Ctrl Pts',(236.76790247589,-120.31928433944,9.51));
#5196=CARTESIAN_POINT('Ctrl Pts',(236.894925138354,-120.363354647642,9.51));
#5197=CARTESIAN_POINT('Ctrl Pts',(237.027032362197,-120.402970222177,9.51));
#5198=CARTESIAN_POINT('Ctrl Pts',(237.165672593438,-120.444544878389,9.51));
#5199=CARTESIAN_POINT('Ctrl Pts',(237.309912610432,-120.481213591374,9.51));
#5200=CARTESIAN_POINT('Ctrl Pts',(237.459139598252,-120.513870794669,9.51));
#5201=CARTESIAN_POINT('Ctrl Pts',(237.624675703698,-120.550097125623,9.51));
#5202=CARTESIAN_POINT('Ctrl Pts',(237.796348533222,-120.581387328765,9.51));
#5203=CARTESIAN_POINT('Ctrl Pts',(237.973278650051,-120.609013296814,9.51));
#5204=CARTESIAN_POINT('Ctrl Pts',(238.17133158752,-120.639937393969,9.51));
#5205=CARTESIAN_POINT('Ctrl Pts',(238.375971950834,-120.666270848647,9.51));
#5206=CARTESIAN_POINT('Ctrl Pts',(238.585914170091,-120.689851873552,9.51));
#5207=CARTESIAN_POINT('Ctrl Pts',(238.829466241065,-120.717208007405,9.51));
#5208=CARTESIAN_POINT('Ctrl Pts',(239.080153041753,-120.740862230586,9.51));
#5209=CARTESIAN_POINT('Ctrl Pts',(239.335905068137,-120.763729816503,9.51));
#5210=CARTESIAN_POINT('Ctrl Pts',(239.585623320347,-120.786057903863,9.51));
#5211=CARTESIAN_POINT('Ctrl Pts',(239.840168217969,-120.807639848503,9.51));
#5212=CARTESIAN_POINT('Ctrl Pts',(240.097584220172,-120.831179183554,9.51));
#5213=CARTESIAN_POINT('Ctrl Pts',(240.3089056319,-120.850503411541,9.51));
#5214=CARTESIAN_POINT('Ctrl Pts',(240.522160901028,-120.87114752323,9.51));
#5215=CARTESIAN_POINT('Ctrl Pts',(240.736269509772,-120.89457534942,9.51));
#5216=CARTESIAN_POINT('Ctrl Pts',(240.928418034195,-120.915600296802,9.51));
#5217=CARTESIAN_POINT('Ctrl Pts',(241.121253364905,-120.938867669856,9.51));
#5218=CARTESIAN_POINT('Ctrl Pts',(241.31400467519,-120.965399963958,9.51));
#5219=CARTESIAN_POINT('Ctrl Pts',(241.505780616526,-120.991797998139,9.51));
#5220=CARTESIAN_POINT('Ctrl Pts',(241.69747283848,-121.021428921521,9.51));
#5221=CARTESIAN_POINT('Ctrl Pts',(241.888340246013,-121.055251882114,9.51));
#5222=CARTESIAN_POINT('Ctrl Pts',(242.062134784021,-121.086049417882,9.51));
#5223=CARTESIAN_POINT('Ctrl Pts',(242.235245371552,-121.120322550126,9.51));
#5224=CARTESIAN_POINT('Ctrl Pts',(242.407131423427,-121.158750793278,9.51));
#5225=CARTESIAN_POINT('Ctrl Pts',(242.571404695989,-121.195477061596,9.51));
#5226=CARTESIAN_POINT('Ctrl Pts',(242.734559354956,-121.235998707073,9.51));
#5227=CARTESIAN_POINT('Ctrl Pts',(242.896143429904,-121.28086479928,9.51));
#5228=CARTESIAN_POINT('Ctrl Pts',(243.051888056238,-121.324109486407,9.51));
#5229=CARTESIAN_POINT('Ctrl Pts',(243.206173450268,-121.371390433441,9.51));
#5230=CARTESIAN_POINT('Ctrl Pts',(243.358615698582,-121.423155070007,9.51));
#5231=CARTESIAN_POINT('Ctrl Pts',(243.506402800781,-121.473338964033,9.51));
#5232=CARTESIAN_POINT('Ctrl Pts',(243.652457511821,-121.527737015913,9.51));
#5233=CARTESIAN_POINT('Ctrl Pts',(243.796451475721,-121.586712565708,9.51));
#5234=CARTESIAN_POINT('Ctrl Pts',(243.936637243904,-121.644128394317,9.51));
#5235=CARTESIAN_POINT('Ctrl Pts',(244.074869742985,-121.705882911019,9.51));
#5236=CARTESIAN_POINT('Ctrl Pts',(244.210867928651,-121.772266966894,9.51));
#5237=CARTESIAN_POINT('Ctrl Pts',(244.343693616495,-121.837102448634,9.51));
#5238=CARTESIAN_POINT('Ctrl Pts',(244.474387946035,-121.906354095604,9.51));
#5239=CARTESIAN_POINT('Ctrl Pts',(244.602711419239,-121.980248396357,9.51));
#5240=CARTESIAN_POINT('Ctrl Pts',(244.728919805084,-122.052924736768,9.51));
#5241=CARTESIAN_POINT('Ctrl Pts',(244.852834770287,-122.130092060178,9.51));
#5242=CARTESIAN_POINT('Ctrl Pts',(244.974251456532,-122.211920641357,9.51));
#5243=CARTESIAN_POINT('Ctrl Pts',(245.09628676845,-122.294166144318,9.51));
#5244=CARTESIAN_POINT('Ctrl Pts',(245.21579828029,-122.381120494897,9.51));
#5245=CARTESIAN_POINT('Ctrl Pts',(245.332602153366,-122.472909544602,9.51));
#5246=CARTESIAN_POINT('Ctrl Pts',(245.450307502071,-122.565407009099,9.51));
#5247=CARTESIAN_POINT('Ctrl Pts',(245.565263263665,-122.66281404562,9.51));
#5248=CARTESIAN_POINT('Ctrl Pts',(245.67730567807,-122.765212425009,9.51));
#5249=CARTESIAN_POINT('Ctrl Pts',(245.790246967321,-122.868432308719,9.51));
#5250=CARTESIAN_POINT('Ctrl Pts',(245.900227983809,-122.976723899968,9.51));
#5251=CARTESIAN_POINT('Ctrl Pts',(246.007105551191,-123.090124010485,9.51));
#5252=CARTESIAN_POINT('Ctrl Pts',(246.114875774669,-123.204471254273,9.51));
#5253=CARTESIAN_POINT('Ctrl Pts',(246.219490499104,-123.324012661784,9.51));
#5254=CARTESIAN_POINT('Ctrl Pts',(246.320827689965,-123.448739112442,9.51));
#5255=CARTESIAN_POINT('Ctrl Pts',(246.423047474854,-123.574551865371,9.51));
#5256=CARTESIAN_POINT('Ctrl Pts',(246.521932393817,-123.705640324557,9.51));
#5257=CARTESIAN_POINT('Ctrl Pts',(246.617382173246,-123.841948354595,9.51));
#5258=CARTESIAN_POINT('Ctrl Pts',(246.713700382048,-123.979496554049,9.51));
#5259=CARTESIAN_POINT('Ctrl Pts',(246.806520666716,-124.122359684031,9.51));
#5260=CARTESIAN_POINT('Ctrl Pts',(246.89576520441,-124.270433384888,9.51));
#5261=CARTESIAN_POINT('Ctrl Pts',(246.985859604072,-124.419917168761,9.51));
#5262=CARTESIAN_POINT('Ctrl Pts',(247.07230983746,-124.574711181555,9.51));
#5263=CARTESIAN_POINT('Ctrl Pts',(247.155061304838,-124.734661481755,9.51));
#5264=CARTESIAN_POINT('Ctrl Pts',(247.238639314187,-124.896209404823,9.51));
#5265=CARTESIAN_POINT('Ctrl Pts',(247.318444307687,-125.063017077835,9.51));
#5266=CARTESIAN_POINT('Ctrl Pts',(247.394445777899,-125.234879445563,9.51));
#5267=CARTESIAN_POINT('Ctrl Pts',(247.471245306801,-125.40854646596,9.51));
#5268=CARTESIAN_POINT('Ctrl Pts',(247.544161022208,-125.587374832984,9.51));
#5269=CARTESIAN_POINT('Ctrl Pts',(247.61318749275,-125.771106639502,9.51));
#5270=CARTESIAN_POINT('Ctrl Pts',(247.683220824629,-125.957518467918,9.51));
#5271=CARTESIAN_POINT('Ctrl Pts',(247.749250624867,-126.14897776973,9.51));
#5272=CARTESIAN_POINT('Ctrl Pts',(247.811297885875,-126.345168518272,9.51));
#5273=CARTESIAN_POINT('Ctrl Pts',(247.875260176175,-126.547414506388,9.51));
#5274=CARTESIAN_POINT('Ctrl Pts',(247.934990342985,-126.75468833599,9.51));
#5275=CARTESIAN_POINT('Ctrl Pts',(247.990539241111,-126.96659623258,9.51));
#5276=CARTESIAN_POINT('Ctrl Pts',(248.048170842223,-127.186449223028,9.51));
#5277=CARTESIAN_POINT('Ctrl Pts',(248.101301807274,-127.41129007206,9.51));
#5278=CARTESIAN_POINT('Ctrl Pts',(248.150017780675,-127.640631573215,9.51));
#5279=CARTESIAN_POINT('Ctrl Pts',(248.202366361896,-127.887074400126,9.51));
#5280=CARTESIAN_POINT('Ctrl Pts',(248.249616894718,-128.138714024393,9.51));
#5281=CARTESIAN_POINT('Ctrl Pts',(248.29190888528,-128.394894029272,9.51));
#5282=CARTESIAN_POINT('Ctrl Pts',(248.337085030614,-128.668544547448,9.51));
#5283=CARTESIAN_POINT('Ctrl Pts',(248.376603294641,-128.947375450082,9.51));
#5284=CARTESIAN_POINT('Ctrl Pts',(248.410670766855,-129.230533202203,9.51));
#5285=CARTESIAN_POINT('Ctrl Pts',(248.448126638933,-129.541854232265,9.51));
#5286=CARTESIAN_POINT('Ctrl Pts',(248.478993506858,-129.858404979254,9.51));
#5287=CARTESIAN_POINT('Ctrl Pts',(248.503590115923,-130.178996276939,9.51));
#5288=CARTESIAN_POINT('Ctrl Pts',(248.532318579227,-130.553442010768,9.51));
#5289=CARTESIAN_POINT('Ctrl Pts',(248.552493123324,-130.933398179616,9.51));
#5290=CARTESIAN_POINT('Ctrl Pts',(248.564680438195,-131.316915750862,9.51));
#5291=CARTESIAN_POINT('Ctrl Pts',(248.57780297827,-131.72986353727,9.51));
#5292=CARTESIAN_POINT('Ctrl Pts',(248.58166692257,-132.146935588392,9.51));
#5293=CARTESIAN_POINT('Ctrl Pts',(248.577030756212,-132.56569306723,9.51));
#5294=CARTESIAN_POINT('Ctrl Pts',(248.572858891636,-132.942512912949,9.51));
#5295=CARTESIAN_POINT('Ctrl Pts',(248.561805340124,-133.320696316086,9.51));
#5296=CARTESIAN_POINT('Ctrl Pts',(248.544440313688,-133.698505516028,9.51));
#5297=CARTESIAN_POINT('Ctrl Pts',(248.528052670894,-134.055049874631,9.51));
#5298=CARTESIAN_POINT('Ctrl Pts',(248.506044430579,-134.411260617279,9.51));
#5299=CARTESIAN_POINT('Ctrl Pts',(248.47890251973,-134.76572200499,9.51));
#5300=CARTESIAN_POINT('Ctrl Pts',(248.453002009659,-135.103971245931,9.51));
#5301=CARTESIAN_POINT('Ctrl Pts',(248.422426959554,-135.440627244462,9.51));
#5302=CARTESIAN_POINT('Ctrl Pts',(248.387603103828,-135.774506032604,9.51));
#5303=CARTESIAN_POINT('Ctrl Pts',(248.354101663556,-136.095705969991,9.51));
#5304=CARTESIAN_POINT('Ctrl Pts',(248.316668178377,-136.414335423302,9.51));
#5305=CARTESIAN_POINT('Ctrl Pts',(248.275680901161,-136.729387293934,9.51));
#5306=CARTESIAN_POINT('Ctrl Pts',(248.236016543037,-137.034270444832,9.51));
#5307=CARTESIAN_POINT('Ctrl Pts',(248.193024248637,-137.335803068618,9.51));
#5308=CARTESIAN_POINT('Ctrl Pts',(248.147043572695,-137.633119977444,9.51));
#5309=CARTESIAN_POINT('Ctrl Pts',(248.102349786662,-137.922115692164,9.51));
#5310=CARTESIAN_POINT('Ctrl Pts',(248.054832675143,-138.207128229359,9.51));
#5311=CARTESIAN_POINT('Ctrl Pts',(248.004798995359,-138.487410833899,9.51));
#5312=CARTESIAN_POINT('Ctrl Pts',(247.957324933091,-138.753354771626,9.51));
#5313=CARTESIAN_POINT('Ctrl Pts',(247.907585268017,-139.015040436475,9.51));
#5314=CARTESIAN_POINT('Ctrl Pts',(247.85583613423,-139.27187351172,9.51));
#5315=CARTESIAN_POINT('Ctrl Pts',(247.808530379782,-139.506653912901,9.51));
#5316=CARTESIAN_POINT('Ctrl Pts',(247.759545718316,-139.73737894411,9.51));
#5317=CARTESIAN_POINT('Ctrl Pts',(247.709070547613,-139.963632724869,9.51));
#5318=CARTESIAN_POINT('Ctrl Pts',(247.659744540801,-140.184735405164,9.51));
#5319=CARTESIAN_POINT('Ctrl Pts',(247.608995471035,-140.4015673966,9.51));
#5320=CARTESIAN_POINT('Ctrl Pts',(247.556986942297,-140.613787279333,9.51));
#5321=CARTESIAN_POINT('Ctrl Pts',(247.508478278767,-140.811726023915,9.51));
#5322=CARTESIAN_POINT('Ctrl Pts',(247.458874095125,-141.005652386031,9.51));
#5323=CARTESIAN_POINT('Ctrl Pts',(247.408293212284,-141.195335567977,9.51));
#5324=CARTESIAN_POINT('Ctrl Pts',(247.359873007252,-141.37691600005,9.51));
#5325=CARTESIAN_POINT('Ctrl Pts',(247.310557885505,-141.554607842993,9.51));
#5326=CARTESIAN_POINT('Ctrl Pts',(247.260437019314,-141.728254867179,9.51));
#5327=CARTESIAN_POINT('Ctrl Pts',(247.212075023901,-141.895808168337,9.51));
#5328=CARTESIAN_POINT('Ctrl Pts',(247.162962939165,-142.059595404115,9.51));
#5329=CARTESIAN_POINT('Ctrl Pts',(247.11316497675,-142.219522654813,9.51));
#5330=CARTESIAN_POINT('Ctrl Pts',(247.064850524582,-142.374685579752,9.51));
#5331=CARTESIAN_POINT('Ctrl Pts',(247.015890530977,-142.526214945393,9.51));
#5332=CARTESIAN_POINT('Ctrl Pts',(246.966327125248,-142.674071555487,9.51));
#5333=CARTESIAN_POINT('Ctrl Pts',(246.918046781414,-142.818100559718,9.51));
#5334=CARTESIAN_POINT('Ctrl Pts',(246.869193930264,-142.958644387256,9.51));
#5335=CARTESIAN_POINT('Ctrl Pts',(246.819790527196,-143.095713496297,9.51));
#5336=CARTESIAN_POINT('Ctrl Pts',(246.771518082778,-143.229644775049,9.51));
#5337=CARTESIAN_POINT('Ctrl Pts',(246.722720063736,-143.360258500337,9.51));
#5338=CARTESIAN_POINT('Ctrl Pts',(246.673399588991,-143.487611205695,9.51));
#5339=CARTESIAN_POINT('Ctrl Pts',(246.625091217564,-143.612350511721,9.51));
#5340=CARTESIAN_POINT('Ctrl Pts',(246.576281665185,-143.733961170289,9.51));
#5341=CARTESIAN_POINT('Ctrl Pts',(246.526956191712,-143.852543155443,9.51));
#5342=CARTESIAN_POINT('Ctrl Pts',(246.478431440133,-143.969200147587,9.51));
#5343=CARTESIAN_POINT('Ctrl Pts',(246.429407435988,-144.082925896011,9.51));
#5344=CARTESIAN_POINT('Ctrl Pts',(246.37985206608,-144.193862891237,9.51));
#5345=CARTESIAN_POINT('Ctrl Pts',(246.329197084683,-144.307261528759,9.51));
#5346=CARTESIAN_POINT('Ctrl Pts',(246.277986848266,-144.417746344969,9.51));
#5347=CARTESIAN_POINT('Ctrl Pts',(246.226167276673,-144.525521193776,9.51));
#5348=CARTESIAN_POINT('Ctrl Pts',(246.172273460329,-144.637610076983,9.51));
#5349=CARTESIAN_POINT('Ctrl Pts',(246.117720434774,-144.746767890777,9.51));
#5350=CARTESIAN_POINT('Ctrl Pts',(246.062427672891,-144.853276804897,9.51));
#5351=CARTESIAN_POINT('Ctrl Pts',(246.004382923854,-144.965086795571,9.51));
#5352=CARTESIAN_POINT('Ctrl Pts',(245.945522817322,-145.073977886929,9.51));
#5353=CARTESIAN_POINT('Ctrl Pts',(245.88573498454,-145.180330382764,9.51));
#5354=CARTESIAN_POINT('Ctrl Pts',(245.822021325637,-145.29366626279,9.51));
#5355=CARTESIAN_POINT('Ctrl Pts',(245.757253885066,-145.404119545461,9.51));
#5356=CARTESIAN_POINT('Ctrl Pts',(245.691278266275,-145.512205961203,9.51));
#5357=CARTESIAN_POINT('Ctrl Pts',(245.618478036146,-145.63147298869,9.51));
#5358=CARTESIAN_POINT('Ctrl Pts',(245.544206378042,-145.747858617651,9.51));
#5359=CARTESIAN_POINT('Ctrl Pts',(245.468238698024,-145.862115542214,9.51));
#5360=CARTESIAN_POINT('Ctrl Pts',(245.375299801276,-146.001897519394,9.51));
#5361=CARTESIAN_POINT('Ctrl Pts',(245.279821339433,-146.138494419304,9.51));
#5362=CARTESIAN_POINT('Ctrl Pts',(245.181378825352,-146.273361167263,9.51));
#5363=CARTESIAN_POINT('Ctrl Pts',(245.080564630323,-146.411477130255,9.51));
#5364=CARTESIAN_POINT('Ctrl Pts',(244.976639583347,-146.547783271521,9.51));
#5365=CARTESIAN_POINT('Ctrl Pts',(244.869163335417,-146.683865512352,9.51));
#5366=CARTESIAN_POINT('Ctrl Pts',(244.783650120535,-146.79213901581,9.51));
#5367=CARTESIAN_POINT('Ctrl Pts',(244.695888677474,-146.90027216566,9.51));
#5368=CARTESIAN_POINT('Ctrl Pts',(244.605678722787,-147.009043053454,9.51));
#5369=CARTESIAN_POINT('Ctrl Pts',(244.521188714777,-147.110917100645,9.51));
#5370=CARTESIAN_POINT('Ctrl Pts',(244.434550553052,-147.213351445966,9.51));
#5371=CARTESIAN_POINT('Ctrl Pts',(244.345624025084,-147.316950764296,9.51));
#5372=CARTESIAN_POINT('Ctrl Pts',(244.257044866365,-147.420145397788,9.51));
#5373=CARTESIAN_POINT('Ctrl Pts',(244.166194996685,-147.524496395774,9.51));
#5374=CARTESIAN_POINT('Ctrl Pts',(244.072965463493,-147.630554148491,9.51));
#5375=CARTESIAN_POINT('Ctrl Pts',(243.980100108164,-147.736197613112,9.51));
#5376=CARTESIAN_POINT('Ctrl Pts',(243.884873666939,-147.843534575196,9.51));
#5377=CARTESIAN_POINT('Ctrl Pts',(243.787208450487,-147.953059506354,9.51));
#5378=CARTESIAN_POINT('Ctrl Pts',(243.689924738787,-148.06215660575,9.51));
#5379=CARTESIAN_POINT('Ctrl Pts',(243.590221289988,-148.173424662901,9.51));
#5380=CARTESIAN_POINT('Ctrl Pts',(243.488050800065,-148.287302430616,9.51));
#5381=CARTESIAN_POINT('Ctrl Pts',(243.386279413618,-148.4007353633,9.51));
#5382=CARTESIAN_POINT('Ctrl Pts',(243.282060244179,-148.516757704955,9.51));
#5383=CARTESIAN_POINT('Ctrl Pts',(243.175375514242,-148.635752717786,9.51));
#5384=CARTESIAN_POINT('Ctrl Pts',(243.06910752153,-148.754282906349,9.51));
#5385=CARTESIAN_POINT('Ctrl Pts',(242.960393214523,-148.8757626326,9.51));
#5386=CARTESIAN_POINT('Ctrl Pts',(242.849243502193,-149.000519923463,9.51));
#5387=CARTESIAN_POINT('Ctrl Pts',(242.738527968426,-149.124789881158,9.51));
#5388=CARTESIAN_POINT('Ctrl Pts',(242.625396040035,-149.252311890892,9.51));
#5389=CARTESIAN_POINT('Ctrl Pts',(242.509886490811,-149.383359025503,9.51));
#5390=CARTESIAN_POINT('Ctrl Pts',(242.394828150764,-149.513894257243,9.51));
#5391=CARTESIAN_POINT('Ctrl Pts',(242.277410749654,-149.647927169294,9.51));
#5392=CARTESIAN_POINT('Ctrl Pts',(242.157700122447,-149.785676186295,9.51));
#5393=CARTESIAN_POINT('Ctrl Pts',(242.038457114878,-149.922887121199,9.51));
#5394=CARTESIAN_POINT('Ctrl Pts',(241.916938782572,-150.063785225707,9.51));
#5395=CARTESIAN_POINT('Ctrl Pts',(241.79323723568,-150.208534605694,9.51));
#5396=CARTESIAN_POINT('Ctrl Pts',(241.670018897956,-150.352718558414,9.51));
#5397=CARTESIAN_POINT('Ctrl Pts',(241.544634388862,-150.500723795694,9.51));
#5398=CARTESIAN_POINT('Ctrl Pts',(241.417201325051,-150.652660456477,9.51));
#5399=CARTESIAN_POINT('Ctrl Pts',(241.290266046646,-150.804003614679,9.51));
#5400=CARTESIAN_POINT('Ctrl Pts',(241.161298211663,-150.959247566995,9.51));
#5401=CARTESIAN_POINT('Ctrl Pts',(241.03044017393,-151.118448898742,9.51));
#5402=CARTESIAN_POINT('Ctrl Pts',(240.899344642486,-151.277939164328,9.51));
#5403=CARTESIAN_POINT('Ctrl Pts',(240.766352182351,-151.441400940102,9.51));
#5404=CARTESIAN_POINT('Ctrl Pts',(240.631631035392,-151.608839998913,9.51));
#5405=CARTESIAN_POINT('Ctrl Pts',(240.49346570646,-151.78055968182,9.51));
#5406=CARTESIAN_POINT('Ctrl Pts',(240.353482246887,-151.95646249972,9.51));
#5407=CARTESIAN_POINT('Ctrl Pts',(240.211886958362,-152.136503508096,9.51));
#5408=CARTESIAN_POINT('Ctrl Pts',(240.066149912892,-152.321810836451,9.51));
#5409=CARTESIAN_POINT('Ctrl Pts',(239.918705452374,-152.51150186242,9.51));
#5410=CARTESIAN_POINT('Ctrl Pts',(239.769803257193,-152.705475789459,9.51));
#5411=CARTESIAN_POINT('Ctrl Pts',(239.615813836298,-152.906076812549,9.51));
#5412=CARTESIAN_POINT('Ctrl Pts',(239.460265476956,-153.111258242257,9.51));
#5413=CARTESIAN_POINT('Ctrl Pts',(239.303458962135,-153.320855994264,9.51));
#5414=CARTESIAN_POINT('Ctrl Pts',(239.140217277578,-153.539055411272,9.51));
#5415=CARTESIAN_POINT('Ctrl Pts',(238.975612181763,-153.762040899413,9.51));
#5416=CARTESIAN_POINT('Ctrl Pts',(238.810007493701,-153.989573630031,9.51));
#5417=CARTESIAN_POINT('Ctrl Pts',(238.635903910393,-154.22878342647,9.51));
#5418=CARTESIAN_POINT('Ctrl Pts',(238.460695674173,-154.473018960707,9.51));
#5419=CARTESIAN_POINT('Ctrl Pts',(238.284829750047,-154.721947406105,9.51));
#5420=CARTESIAN_POINT('Ctrl Pts',(238.096948232098,-154.987883257034,9.51));
#5421=CARTESIAN_POINT('Ctrl Pts',(237.908316333449,-155.259174903019,9.51));
#5422=CARTESIAN_POINT('Ctrl Pts',(237.719502785107,-155.535358640928,9.51));
#5423=CARTESIAN_POINT('Ctrl Pts',(237.511662861254,-155.839372879103,9.51));
#5424=CARTESIAN_POINT('Ctrl Pts',(237.303603262745,-156.149314377366,9.51));
#5425=CARTESIAN_POINT('Ctrl Pts',(237.09610521656,-156.464501997035,9.51));
#5426=CARTESIAN_POINT('Ctrl Pts',(236.871183035755,-156.806156716595,9.51));
#5427=CARTESIAN_POINT('Ctrl Pts',(236.646921369451,-157.153974912048,9.51));
#5428=CARTESIAN_POINT('Ctrl Pts',(236.424330343395,-157.507030837464,9.51));
#5429=CARTESIAN_POINT('Ctrl Pts',(236.195093374861,-157.870628020602,9.51));
#5430=CARTESIAN_POINT('Ctrl Pts',(235.967628749081,-158.239780261645,9.51));
#5431=CARTESIAN_POINT('Ctrl Pts',(235.743047055838,-158.613421645013,9.51));
#5432=CARTESIAN_POINT('Ctrl Pts',(235.511932324494,-158.997932184091,9.51));
#5433=CARTESIAN_POINT('Ctrl Pts',(235.283871256997,-159.387196668814,9.51));
#5434=CARTESIAN_POINT('Ctrl Pts',(235.060073916561,-159.779998469729,9.51));
#5435=CARTESIAN_POINT('Ctrl Pts',(234.830768516469,-160.182467837506,9.51));
#5436=CARTESIAN_POINT('Ctrl Pts',(234.605939981211,-160.588650507568,9.51));
#5437=CARTESIAN_POINT('Ctrl Pts',(234.386880035095,-160.997184425334,9.51));
#5438=CARTESIAN_POINT('Ctrl Pts',(234.164705570353,-161.411526737189,9.51));
#5439=CARTESIAN_POINT('Ctrl Pts',(233.94846563786,-161.828287210761,9.51));
#5440=CARTESIAN_POINT('Ctrl Pts',(233.739486899126,-162.245996095266,9.51));
#5441=CARTESIAN_POINT('Ctrl Pts',(233.530761848353,-162.663197905625,9.51));
#5442=CARTESIAN_POINT('Ctrl Pts',(233.329281074631,-163.081345274675,9.51));
#5443=CARTESIAN_POINT('Ctrl Pts',(233.13633483357,-163.498932995119,9.51));
#5444=CARTESIAN_POINT('Ctrl Pts',(232.949055920046,-163.904255089793,9.51));
#5445=CARTESIAN_POINT('Ctrl Pts',(232.769818453626,-164.309048191674,9.51));
#5446=CARTESIAN_POINT('Ctrl Pts',(232.599762526994,-164.711910776753,9.51));
#5447=CARTESIAN_POINT('Ctrl Pts',(232.456619728868,-165.051016145384,9.51));
#5448=CARTESIAN_POINT('Ctrl Pts',(232.319982387038,-165.388751736631,9.51));
#5449=CARTESIAN_POINT('Ctrl Pts',(232.190494904147,-165.724293464141,9.51));
#5450=CARTESIAN_POINT('Ctrl Pts',(232.074147806409,-166.025784429093,9.51));
#5451=CARTESIAN_POINT('Ctrl Pts',(231.963573098459,-166.325503470007,9.51));
#5452=CARTESIAN_POINT('Ctrl Pts',(231.859206022459,-166.622879038541,9.51));
#5453=CARTESIAN_POINT('Ctrl Pts',(231.761934986776,-166.900035692218,9.51));
#5454=CARTESIAN_POINT('Ctrl Pts',(231.670056208711,-167.175156282318,9.51));
#5455=CARTESIAN_POINT('Ctrl Pts',(231.583891737153,-167.447809909701,9.51));
#5456=CARTESIAN_POINT('Ctrl Pts',(231.502105384216,-167.706609684081,9.51));
#5457=CARTESIAN_POINT('Ctrl Pts',(231.425467448164,-167.963186524825,9.51));
#5458=CARTESIAN_POINT('Ctrl Pts',(231.354224147241,-168.217206735969,9.51));
#5459=CARTESIAN_POINT('Ctrl Pts',(231.285867104635,-168.46093590308,9.51));
#5460=CARTESIAN_POINT('Ctrl Pts',(231.222476503853,-168.70231116597,9.51));
#5461=CARTESIAN_POINT('Ctrl Pts',(231.164241387799,-168.941074450945,9.51));
#5462=CARTESIAN_POINT('Ctrl Pts',(231.107967229947,-169.171797830556,9.51));
#5463=CARTESIAN_POINT('Ctrl Pts',(231.056507250599,-169.400081990933,9.51));
#5464=CARTESIAN_POINT('Ctrl Pts',(231.010004118787,-169.625732056546,9.51));
#5465=CARTESIAN_POINT('Ctrl Pts',(230.964835143618,-169.844908310131,9.51));
#5466=CARTESIAN_POINT('Ctrl Pts',(230.924342722899,-170.061599285711,9.51));
#5467=CARTESIAN_POINT('Ctrl Pts',(230.88863007365,-170.275665383463,9.51));
#5468=CARTESIAN_POINT('Ctrl Pts',(230.853238435102,-170.487807302821,9.51));
#5469=CARTESIAN_POINT('Ctrl Pts',(230.822541146216,-170.697371073956,9.51));
#5470=CARTESIAN_POINT('Ctrl Pts',(230.796609852998,-170.904262889636,9.51));
#5471=CARTESIAN_POINT('Ctrl Pts',(230.770140084705,-171.115450907784,9.51));
#5472=CARTESIAN_POINT('Ctrl Pts',(230.748636335069,-171.323854956481,9.51));
#5473=CARTESIAN_POINT('Ctrl Pts',(230.732143048317,-171.529421231227,9.51));
#5474=CARTESIAN_POINT('Ctrl Pts',(230.71521468145,-171.740410184904,9.51));
#5475=CARTESIAN_POINT('Ctrl Pts',(230.703564629873,-171.948409860906,9.51));
#5476=CARTESIAN_POINT('Ctrl Pts',(230.697207501156,-172.153407520123,9.51));
#5477=CARTESIAN_POINT('Ctrl Pts',(230.690660796571,-172.364518412357,9.51));
#5478=CARTESIAN_POINT('Ctrl Pts',(230.689727433001,-172.572445798063,9.51));
#5479=CARTESIAN_POINT('Ctrl Pts',(230.69438791339,-172.777220170036,9.51));
#5480=CARTESIAN_POINT('Ctrl Pts',(230.699207207054,-172.988972554124,9.51));
#5481=CARTESIAN_POINT('Ctrl Pts',(230.710008122288,-173.19735365728,9.51));
#5482=CARTESIAN_POINT('Ctrl Pts',(230.726731122751,-173.402440094962,9.51));
#5483=CARTESIAN_POINT('Ctrl Pts',(230.744110923121,-173.615581352321,9.51));
#5484=CARTESIAN_POINT('Ctrl Pts',(230.767887187652,-173.825164431951,9.51));
#5485=CARTESIAN_POINT('Ctrl Pts',(230.79795187116,-174.031315898639,9.51));
#5486=CARTESIAN_POINT('Ctrl Pts',(230.829375355538,-174.246784569422,9.51));
#5487=CARTESIAN_POINT('Ctrl Pts',(230.867668607242,-174.458504933991,9.51));
#5488=CARTESIAN_POINT('Ctrl Pts',(230.912662897608,-174.666658199664,9.51));
#5489=CARTESIAN_POINT('Ctrl Pts',(230.959910090223,-174.885233875749,9.51));
#5490=CARTESIAN_POINT('Ctrl Pts',(231.014546263917,-175.099877034632,9.51));
#5491=CARTESIAN_POINT('Ctrl Pts',(231.076325702437,-175.310827323516,9.51));
#5492=CARTESIAN_POINT('Ctrl Pts',(231.141005808738,-175.531682148938,9.51));
#5493=CARTESIAN_POINT('Ctrl Pts',(231.213515723762,-175.748490292751,9.51));
#5494=CARTESIAN_POINT('Ctrl Pts',(231.29351877974,-175.961544160851,9.51));
#5495=CARTESIAN_POINT('Ctrl Pts',(231.376158534005,-176.181619745338,9.51));
#5496=CARTESIAN_POINT('Ctrl Pts',(231.466793232796,-176.397690984844,9.51));
#5497=CARTESIAN_POINT('Ctrl Pts',(231.564996436384,-176.610078042093,9.51));
#5498=CARTESIAN_POINT('Ctrl Pts',(231.66377709704,-176.823713983315,9.51));
#5499=CARTESIAN_POINT('Ctrl Pts',(231.77021457023,-177.033623745642,9.51));
#5500=CARTESIAN_POINT('Ctrl Pts',(231.883829699869,-177.240108810564,9.51));
#5501=CARTESIAN_POINT('Ctrl Pts',(231.992211373277,-177.437082549372,9.51));
#5502=CARTESIAN_POINT('Ctrl Pts',(232.10712360937,-177.630940741897,9.51));
#5503=CARTESIAN_POINT('Ctrl Pts',(232.228124852367,-177.82190627197,9.51));
#5504=CARTESIAN_POINT('Ctrl Pts',(232.341966133422,-178.001571869137,9.51));
#5505=CARTESIAN_POINT('Ctrl Pts',(232.461196373112,-178.17867746607,9.51));
#5506=CARTESIAN_POINT('Ctrl Pts',(232.585437408567,-178.353364245457,9.51));
#5507=CARTESIAN_POINT('Ctrl Pts',(232.70311775033,-178.518826484436,9.51));
#5508=CARTESIAN_POINT('Ctrl Pts',(232.825293156332,-178.682118886282,9.51));
#5509=CARTESIAN_POINT('Ctrl Pts',(232.951641301626,-178.843315313632,9.51));
#5510=CARTESIAN_POINT('Ctrl Pts',(233.072382122707,-178.997357851797,9.51));
#5511=CARTESIAN_POINT('Ctrl Pts',(233.196933180907,-179.14948651342,9.51));
#5512=CARTESIAN_POINT('Ctrl Pts',(233.325018223789,-179.29971923388,9.51));
#5513=CARTESIAN_POINT('Ctrl Pts',(233.448307782661,-179.44432726474,9.51));
#5514=CARTESIAN_POINT('Ctrl Pts',(233.574871398192,-179.58717881035,9.51));
#5515=CARTESIAN_POINT('Ctrl Pts',(233.704471769639,-179.728243345737,9.51));
#5516=CARTESIAN_POINT('Ctrl Pts',(233.829913573022,-179.864781455273,9.51));
#5517=CARTESIAN_POINT('Ctrl Pts',(233.958200173533,-179.999645517278,9.51));
#5518=CARTESIAN_POINT('Ctrl Pts',(234.08912833827,-180.132761470173,9.51));
#5519=CARTESIAN_POINT('Ctrl Pts',(234.217522014198,-180.263300583366,9.51));
#5520=CARTESIAN_POINT('Ctrl Pts',(234.348455785356,-180.392158788789,9.51));
#5521=CARTESIAN_POINT('Ctrl Pts',(234.481752544613,-180.519218588128,9.51));
#5522=CARTESIAN_POINT('Ctrl Pts',(234.617988250995,-180.649079821157,9.51));
#5523=CARTESIAN_POINT('Ctrl Pts',(234.75669225402,-180.777062438793,9.51));
#5524=CARTESIAN_POINT('Ctrl Pts',(234.897693268346,-180.902987944023,9.51));
#5525=CARTESIAN_POINT('Ctrl Pts',(235.043690015538,-181.033375049676,9.51));
#5526=CARTESIAN_POINT('Ctrl Pts',(235.192149459943,-181.161556506068,9.51));
#5527=CARTESIAN_POINT('Ctrl Pts',(235.342900099482,-181.287280104874,9.51));
#5528=CARTESIAN_POINT('Ctrl Pts',(235.500116618858,-181.418396143043,9.51));
#5529=CARTESIAN_POINT('Ctrl Pts',(235.659825131066,-181.546838732744,9.51));
#5530=CARTESIAN_POINT('Ctrl Pts',(235.821850505482,-181.67226714178,9.51));
#5531=CARTESIAN_POINT('Ctrl Pts',(235.99267025807,-181.80450352683,9.51));
#5532=CARTESIAN_POINT('Ctrl Pts',(236.166065250231,-181.933389348829,9.51));
#5533=CARTESIAN_POINT('Ctrl Pts',(236.341850793283,-182.05846978626,9.51));
#5534=CARTESIAN_POINT('Ctrl Pts',(236.530599357757,-182.19277407886,9.51));
#5535=CARTESIAN_POINT('Ctrl Pts',(236.722104096025,-182.32269062704,9.51));
#5536=CARTESIAN_POINT('Ctrl Pts',(236.916158825216,-182.447599410141,9.51));
#5537=CARTESIAN_POINT('Ctrl Pts',(237.132402942399,-182.586791016769,9.51));
#5538=CARTESIAN_POINT('Ctrl Pts',(237.351813598941,-182.719763417888,9.51));
#5539=CARTESIAN_POINT('Ctrl Pts',(237.574131959617,-182.845598874642,9.51));
#5540=CARTESIAN_POINT('Ctrl Pts',(237.872061965013,-183.014231632618,9.51));
#5541=CARTESIAN_POINT('Ctrl Pts',(238.175213330956,-183.170044966171,9.51));
#5542=CARTESIAN_POINT('Ctrl Pts',(238.483015346338,-183.310745482324,9.51));
#5543=CARTESIAN_POINT('Ctrl Pts',(238.737388696839,-183.427023024128,9.51));
#5544=CARTESIAN_POINT('Ctrl Pts',(238.994940033082,-183.532974766325,9.51));
#5545=CARTESIAN_POINT('Ctrl Pts',(239.255361278164,-183.627315858378,9.51));
#5546=CARTESIAN_POINT('Ctrl Pts',(239.490478084946,-183.712490077957,9.51));
#5547=CARTESIAN_POINT('Ctrl Pts',(239.727934268555,-183.788199148438,9.51));
#5548=CARTESIAN_POINT('Ctrl Pts',(239.967506316471,-183.853537265012,9.51));
#5549=CARTESIAN_POINT('Ctrl Pts',(240.185158194853,-183.912897127425,9.51));
#5550=CARTESIAN_POINT('Ctrl Pts',(240.404556492769,-183.963696617062,9.51));
#5551=CARTESIAN_POINT('Ctrl Pts',(240.625535728966,-184.005301170468,9.51));
#5552=CARTESIAN_POINT('Ctrl Pts',(240.832896798793,-184.044341782846,9.51));
#5553=CARTESIAN_POINT('Ctrl Pts',(241.041649972014,-184.075285537402,9.51));
#5554=CARTESIAN_POINT('Ctrl Pts',(241.251660158913,-184.097654448881,9.51));
#5555=CARTESIAN_POINT('Ctrl Pts',(241.451862400774,-184.118978682206,9.51));
#5556=CARTESIAN_POINT('Ctrl Pts',(241.653206997095,-184.132510062258,9.51));
#5557=CARTESIAN_POINT('Ctrl Pts',(241.855578282329,-184.137881849257,9.51));
#5558=CARTESIAN_POINT('Ctrl Pts',(242.050326446647,-184.143051286492,9.51));
#5559=CARTESIAN_POINT('Ctrl Pts',(242.24602541466,-184.140664086448,9.51));
#5560=CARTESIAN_POINT('Ctrl Pts',(242.442573289315,-184.1304414543,9.51));
#5561=CARTESIAN_POINT('Ctrl Pts',(242.63291169156,-184.120541782409,9.51));
#5562=CARTESIAN_POINT('Ctrl Pts',(242.824046214067,-184.103293778816,9.51));
#5563=CARTESIAN_POINT('Ctrl Pts',(243.015885367199,-184.078492789141,9.51));
#5564=CARTESIAN_POINT('Ctrl Pts',(243.202502998884,-184.05436683841,9.51));
#5565=CARTESIAN_POINT('Ctrl Pts',(243.389787429246,-184.02309332219,9.51));
#5566=CARTESIAN_POINT('Ctrl Pts',(243.577655389471,-183.984532772264,9.51));
#5567=CARTESIAN_POINT('Ctrl Pts',(243.76138725049,-183.946821171033,9.51));
#5568=CARTESIAN_POINT('Ctrl Pts',(243.945677232818,-183.902139724367,9.51));
#5569=CARTESIAN_POINT('Ctrl Pts',(244.130448326252,-183.850407542386,9.51));
#5570=CARTESIAN_POINT('Ctrl Pts',(244.315331500158,-183.798643980132,9.51));
#5571=CARTESIAN_POINT('Ctrl Pts',(244.500696378916,-183.739821065605,9.51));
#5572=CARTESIAN_POINT('Ctrl Pts',(244.686466641681,-183.673910404857,9.51));
#5573=CARTESIAN_POINT('Ctrl Pts',(244.873800488962,-183.607444989613,9.51));
#5574=CARTESIAN_POINT('Ctrl Pts',(245.061546589544,-183.533772058552,9.51));
#5575=CARTESIAN_POINT('Ctrl Pts',(245.249627302091,-183.452915681313,9.51));
#5576=CARTESIAN_POINT('Ctrl Pts',(245.439359186408,-183.371349461126,9.51));
#5577=CARTESIAN_POINT('Ctrl Pts',(245.629431601262,-183.282473159624,9.51));
#5578=CARTESIAN_POINT('Ctrl Pts',(245.819765214874,-183.186364702526,9.51));
#5579=CARTESIAN_POINT('Ctrl Pts',(246.011844834892,-183.08937460409,9.51));
#5580=CARTESIAN_POINT('Ctrl Pts',(246.20419048666,-182.985019103067,9.51));
#5581=CARTESIAN_POINT('Ctrl Pts',(246.39672073617,-182.873431536951,9.51));
#5582=CARTESIAN_POINT('Ctrl Pts',(246.591100077281,-182.760772265833,9.51));
#5583=CARTESIAN_POINT('Ctrl Pts',(246.785667599205,-182.64074139765,9.51));
#5584=CARTESIAN_POINT('Ctrl Pts',(246.980339305144,-182.513529428047,9.51));
#5585=CARTESIAN_POINT('Ctrl Pts',(247.176972627946,-182.385035602185,9.51));
#5586=CARTESIAN_POINT('Ctrl Pts',(247.373712266759,-182.249215278123,9.51));
#5587=CARTESIAN_POINT('Ctrl Pts',(247.570471144154,-182.106318080302,9.51));
#5588=CARTESIAN_POINT('Ctrl Pts',(247.76931502458,-181.961906637764,9.51));
#5589=CARTESIAN_POINT('Ctrl Pts',(247.968178577045,-181.810267599837,9.51));
#5590=CARTESIAN_POINT('Ctrl Pts',(248.166971057855,-181.651711956129,9.51));
#5591=CARTESIAN_POINT('Ctrl Pts',(248.367984499355,-181.491384888016,9.51));
#5592=CARTESIAN_POINT('Ctrl Pts',(248.56892529787,-181.323985862607,9.51));
#5593=CARTESIAN_POINT('Ctrl Pts',(248.769698376965,-181.149889788392,9.51));
#5594=CARTESIAN_POINT('Ctrl Pts',(248.972843022803,-180.973737260884,9.51));
#5595=CARTESIAN_POINT('Ctrl Pts',(249.175815991513,-180.790728600515,9.51));
#5596=CARTESIAN_POINT('Ctrl Pts',(249.378517110127,-180.601305570702,9.51));
#5597=CARTESIAN_POINT('Ctrl Pts',(249.587376764563,-180.406127424575,9.51));
#5598=CARTESIAN_POINT('Ctrl Pts',(249.795947822081,-180.2041392551,9.51));
#5599=CARTESIAN_POINT('Ctrl Pts',(250.004118453155,-179.995880676816,9.51));
#5600=CARTESIAN_POINT('Ctrl Pts',(250.230218375617,-179.76968523244,9.51));
#5601=CARTESIAN_POINT('Ctrl Pts',(250.455845856035,-179.536093256852,9.51));
#5602=CARTESIAN_POINT('Ctrl Pts',(250.680855361301,-179.295857902282,9.51));
#5603=CARTESIAN_POINT('Ctrl Pts',(250.945145948897,-179.013683409495,9.51));
#5604=CARTESIAN_POINT('Ctrl Pts',(251.208583785756,-178.72234440461,9.51));
#5605=CARTESIAN_POINT('Ctrl Pts',(251.470931993382,-178.423133827535,9.51));
#5606=CARTESIAN_POINT('Ctrl Pts',(251.809368409611,-178.03714393906,9.51));
#5607=CARTESIAN_POINT('Ctrl Pts',(252.145990600053,-177.638060442222,9.51));
#5608=CARTESIAN_POINT('Ctrl Pts',(252.480297013819,-177.22872224095,9.51));
#5609=CARTESIAN_POINT('Ctrl Pts',(252.723696839642,-176.930693717445,9.51));
#5610=CARTESIAN_POINT('Ctrl Pts',(252.96586918471,-176.62723166153,9.51));
#5611=CARTESIAN_POINT('Ctrl Pts',(253.2066269649,-176.319404329545,9.51));
#5612=CARTESIAN_POINT('Ctrl Pts',(253.420960676972,-176.045362200191,9.51));
#5613=CARTESIAN_POINT('Ctrl Pts',(253.634173283927,-175.767861205108,9.51));
#5614=CARTESIAN_POINT('Ctrl Pts',(253.846138437049,-175.487613122311,9.51));
#5615=CARTESIAN_POINT('Ctrl Pts',(254.041182771983,-175.229736768013,9.51));
#5616=CARTESIAN_POINT('Ctrl Pts',(254.235170864679,-174.96953478761,9.51));
#5617=CARTESIAN_POINT('Ctrl Pts',(254.428009434299,-174.707516572653,9.51));
#5618=CARTESIAN_POINT('Ctrl Pts',(254.610299378255,-174.459831237639,9.51));
#5619=CARTESIAN_POINT('Ctrl Pts',(254.791562112595,-174.210523229835,9.51));
#5620=CARTESIAN_POINT('Ctrl Pts',(254.971723758019,-173.959975982654,9.51));
#5621=CARTESIAN_POINT('Ctrl Pts',(255.152005700421,-173.709261440838,9.51));
#5622=CARTESIAN_POINT('Ctrl Pts',(255.331185076108,-173.457306089668,9.51));
#5623=CARTESIAN_POINT('Ctrl Pts',(255.509193216055,-173.204440962805,9.51));
#5624=CARTESIAN_POINT('Ctrl Pts',(255.691541586075,-172.945410427843,9.51));
#5625=CARTESIAN_POINT('Ctrl Pts',(255.872660913111,-172.68542507971,9.51));
#5626=CARTESIAN_POINT('Ctrl Pts',(256.052482962016,-172.424786313905,9.51));
#5627=CARTESIAN_POINT('Ctrl Pts',(256.23729012092,-172.1569219997,9.51));
#5628=CARTESIAN_POINT('Ctrl Pts',(256.420727080671,-171.888367385783,9.51));
#5629=CARTESIAN_POINT('Ctrl Pts',(256.602725545829,-171.619394953081,9.51));
#5630=CARTESIAN_POINT('Ctrl Pts',(256.790569005466,-171.341784302563,9.51));
#5631=CARTESIAN_POINT('Ctrl Pts',(256.976880093533,-171.063728388366,9.51));
#5632=CARTESIAN_POINT('Ctrl Pts',(257.1615897444,-170.785471814011,9.51));
#5633=CARTESIAN_POINT('Ctrl Pts',(257.35334600397,-170.496599848477,9.51));
#5634=CARTESIAN_POINT('Ctrl Pts',(257.54337630906,-170.207511407278,9.51));
#5635=CARTESIAN_POINT('Ctrl Pts',(257.731609745452,-169.918424788853,9.51));
#5636=CARTESIAN_POINT('Ctrl Pts',(257.93443662986,-169.606925730751,9.51));
#5637=CARTESIAN_POINT('Ctrl Pts',(258.135177193868,-169.29542876999,9.51));
#5638=CARTESIAN_POINT('Ctrl Pts',(258.333750285449,-168.984145220738,9.51));
#5639=CARTESIAN_POINT('Ctrl Pts',(258.546587432774,-168.650501311059,9.51));
#5640=CARTESIAN_POINT('Ctrl Pts',(258.756934514419,-168.31710222252,9.51));
#5641=CARTESIAN_POINT('Ctrl Pts',(258.964700414071,-167.984142622033,9.51));
#5642=CARTESIAN_POINT('Ctrl Pts',(259.19329773966,-167.61779918296,9.51));
#5643=CARTESIAN_POINT('Ctrl Pts',(259.418770295777,-167.251987151442,9.51));
#5644=CARTESIAN_POINT('Ctrl Pts',(259.641007584685,-166.886896402542,9.51));
#5645=CARTESIAN_POINT('Ctrl Pts',(259.870759092501,-166.509461317449,9.51));
#5646=CARTESIAN_POINT('Ctrl Pts',(260.097052882426,-166.132796223699,9.51));
#5647=CARTESIAN_POINT('Ctrl Pts',(260.319777603291,-165.757056990815,9.51));
#5648=CARTESIAN_POINT('Ctrl Pts',(260.537984720752,-165.388939008193,9.51));
#5649=CARTESIAN_POINT('Ctrl Pts',(260.752766095969,-165.021709821243,9.51));
#5650=CARTESIAN_POINT('Ctrl Pts',(260.964027024171,-164.65546769901,9.51));
#5651=CARTESIAN_POINT('Ctrl Pts',(261.17138952288,-164.295983897416,9.51));
#5652=CARTESIAN_POINT('Ctrl Pts',(261.375360310147,-163.937451169694,9.51));
#5653=CARTESIAN_POINT('Ctrl Pts',(261.575859444767,-163.579913832332,9.51));
#5654=CARTESIAN_POINT('Ctrl Pts',(261.772971712679,-163.228416078666,9.51));
#5655=CARTESIAN_POINT('Ctrl Pts',(261.966728630879,-162.877880463764,9.51));
#5656=CARTESIAN_POINT('Ctrl Pts',(262.157063526135,-162.528300226718,9.51));
#5657=CARTESIAN_POINT('Ctrl Pts',(262.344434059707,-162.184164510284,9.51));
#5658=CARTESIAN_POINT('Ctrl Pts',(262.52848833729,-161.840954729954,9.51));
#5659=CARTESIAN_POINT('Ctrl Pts',(262.709171751312,-161.498615346357,9.51));
#5660=CARTESIAN_POINT('Ctrl Pts',(262.887244777982,-161.161221842279,9.51));
#5661=CARTESIAN_POINT('Ctrl Pts',(263.062043641019,-160.824673845937,9.51));
#5662=CARTESIAN_POINT('Ctrl Pts',(263.23352481491,-160.488868910233,9.51));
#5663=CARTESIAN_POINT('Ctrl Pts',(263.404159978978,-160.154720682773,9.51));
#5664=CARTESIAN_POINT('Ctrl Pts',(263.571510099481,-159.821308350729,9.51));
#5665=CARTESIAN_POINT('Ctrl Pts',(263.735541083108,-159.48848001145,9.51));
#5666=CARTESIAN_POINT('Ctrl Pts',(263.905160712989,-159.144311986154,9.51));
#5667=CARTESIAN_POINT('Ctrl Pts',(264.071231150593,-158.800768340029,9.51));
#5668=CARTESIAN_POINT('Ctrl Pts',(264.233724615303,-158.457624116997,9.51));
#5669=CARTESIAN_POINT('Ctrl Pts',(264.40469752462,-158.096573497321,9.51));
#5670=CARTESIAN_POINT('Ctrl Pts',(264.571710356575,-157.735964781731,9.51));
#5671=CARTESIAN_POINT('Ctrl Pts',(264.734742168881,-157.375477324809,9.51));
#5672=CARTESIAN_POINT('Ctrl Pts',(264.909122210789,-156.98989725331,9.51));
#5673=CARTESIAN_POINT('Ctrl Pts',(265.078947640587,-156.604455497835,9.51));
#5674=CARTESIAN_POINT('Ctrl Pts',(265.244206692952,-156.218699610578,9.51));
#5675=CARTESIAN_POINT('Ctrl Pts',(265.426547480622,-155.793070688445,9.51));
#5676=CARTESIAN_POINT('Ctrl Pts',(265.60332891899,-155.367058653759,9.51));
#5677=CARTESIAN_POINT('Ctrl Pts',(265.774553929804,-154.939993191965,9.51));
#5678=CARTESIAN_POINT('Ctrl Pts',(265.980451392949,-154.426448501489,9.51));
#5679=CARTESIAN_POINT('Ctrl Pts',(266.178313538557,-153.911378781424,9.51));
#5680=CARTESIAN_POINT('Ctrl Pts',(266.368179637181,-153.393549718716,9.51));
#5681=CARTESIAN_POINT('Ctrl Pts',(266.565906803113,-152.854280866886,9.51));
#5682=CARTESIAN_POINT('Ctrl Pts',(266.754962156311,-152.312014351634,9.51));
#5683=CARTESIAN_POINT('Ctrl Pts',(266.935428312604,-151.76534831938,9.51));
#5684=CARTESIAN_POINT('Ctrl Pts',(267.105821150187,-151.249196269823,9.51));
#5685=CARTESIAN_POINT('Ctrl Pts',(267.268557328238,-150.729121381958,9.51));
#5686=CARTESIAN_POINT('Ctrl Pts',(267.423735323877,-150.203975992663,9.51));
#5687=CARTESIAN_POINT('Ctrl Pts',(267.576167997896,-149.688121179556,9.51));
#5688=CARTESIAN_POINT('Ctrl Pts',(267.721307747873,-149.167372992035,9.51));
#5689=CARTESIAN_POINT('Ctrl Pts',(267.859272484905,-148.64068593525,9.51));
#5690=CARTESIAN_POINT('Ctrl Pts',(267.995081522921,-148.122228363728,9.51));
#5691=CARTESIAN_POINT('Ctrl Pts',(268.123938182596,-147.598015440497,9.51));
#5692=CARTESIAN_POINT('Ctrl Pts',(268.245976318225,-147.067100985229,9.51));
#5693=CARTESIAN_POINT('Ctrl Pts',(268.359405871186,-146.57363729037,9.51));
#5694=CARTESIAN_POINT('Ctrl Pts',(268.466945206582,-146.074384200517,9.51));
#5695=CARTESIAN_POINT('Ctrl Pts',(268.568717003939,-145.568629674533,9.51));
#5696=CARTESIAN_POINT('Ctrl Pts',(268.662823151842,-145.100969561805,9.51));
#5697=CARTESIAN_POINT('Ctrl Pts',(268.751998077806,-144.627750250096,9.51));
#5698=CARTESIAN_POINT('Ctrl Pts',(268.836349076585,-144.148451359625,9.51));
#5699=CARTESIAN_POINT('Ctrl Pts',(268.91221424939,-143.717370593812,9.51));
#5700=CARTESIAN_POINT('Ctrl Pts',(268.984177407372,-143.281371452031,9.51));
#5701=CARTESIAN_POINT('Ctrl Pts',(269.052323018072,-142.840118598735,9.51));
#5702=CARTESIAN_POINT('Ctrl Pts',(269.115970418383,-142.427992319386,9.51));
#5703=CARTESIAN_POINT('Ctrl Pts',(269.176287692243,-142.011282682673,9.51));
#5704=CARTESIAN_POINT('Ctrl Pts',(269.233348167796,-141.589762014204,9.51));
#5705=CARTESIAN_POINT('Ctrl Pts',(269.287598980563,-141.188997060158,9.51));
#5706=CARTESIAN_POINT('Ctrl Pts',(269.338905871992,-140.783882944916,9.51));
#5707=CARTESIAN_POINT('Ctrl Pts',(269.3873353079,-140.374270831757,9.51));
#5708=CARTESIAN_POINT('Ctrl Pts',(269.433859954811,-139.980769264412,9.51));
#5709=CARTESIAN_POINT('Ctrl Pts',(269.477729072342,-139.58311635822,9.51));
#5710=CARTESIAN_POINT('Ctrl Pts',(269.519004342621,-139.18122783664,9.51));
#5711=CARTESIAN_POINT('Ctrl Pts',(269.558927089842,-138.792508544191,9.51));
#5712=CARTESIAN_POINT('Ctrl Pts',(269.59642321882,-138.399826503875,9.51));
#5713=CARTESIAN_POINT('Ctrl Pts',(269.631550809479,-138.003153737749,9.51));
#5714=CARTESIAN_POINT('Ctrl Pts',(269.66577478244,-137.616684931675,9.51));
#5715=CARTESIAN_POINT('Ctrl Pts',(269.697750522102,-137.226427902538,9.51));
#5716=CARTESIAN_POINT('Ctrl Pts',(269.727533654423,-136.832405932914,9.51));
#5717=CARTESIAN_POINT('Ctrl Pts',(269.75750113372,-136.435945107713,9.51));
#5718=CARTESIAN_POINT('Ctrl Pts',(269.785248796372,-136.035672527187,9.51));
#5719=CARTESIAN_POINT('Ctrl Pts',(269.81083506381,-135.631665451948,9.51));
#5720=CARTESIAN_POINT('Ctrl Pts',(269.836910058014,-135.219941382765,9.51));
#5721=CARTESIAN_POINT('Ctrl Pts',(269.860740323337,-134.804338892094,9.51));
#5722=CARTESIAN_POINT('Ctrl Pts',(269.882389165264,-134.384994237367,9.51));
#5723=CARTESIAN_POINT('Ctrl Pts',(269.90449447554,-133.956807651845,9.51));
#5724=CARTESIAN_POINT('Ctrl Pts',(269.924325430568,-133.524719543762,9.51));
#5725=CARTESIAN_POINT('Ctrl Pts',(269.941950529953,-133.088929621853,9.51));
#5726=CARTESIAN_POINT('Ctrl Pts',(269.959990236429,-132.642888319904,9.51));
#5727=CARTESIAN_POINT('Ctrl Pts',(269.975719121274,-132.192969122222,9.51));
#5728=CARTESIAN_POINT('Ctrl Pts',(269.989211290859,-131.739441009586,9.51));
#5729=CARTESIAN_POINT('Ctrl Pts',(270.003062235216,-131.27385297997,9.51));
#5730=CARTESIAN_POINT('Ctrl Pts',(270.014555969623,-130.804461696759,9.51));
#5731=CARTESIAN_POINT('Ctrl Pts',(270.023772772939,-130.331613252727,9.51));
#5732=CARTESIAN_POINT('Ctrl Pts',(270.033271277255,-129.84431273947,9.51));
#5733=CARTESIAN_POINT('Ctrl Pts',(270.040351591266,-129.353340676281,9.51));
#5734=CARTESIAN_POINT('Ctrl Pts',(270.045100971277,-128.859131235605,9.51));
#5735=CARTESIAN_POINT('Ctrl Pts',(270.050021054437,-128.347158822152,9.51));
#5736=CARTESIAN_POINT('Ctrl Pts',(270.052439700864,-127.831712333572,9.51));
#5737=CARTESIAN_POINT('Ctrl Pts',(270.052452356498,-127.313330194515,9.51));
#5738=CARTESIAN_POINT('Ctrl Pts',(270.052465964984,-126.755918677322,9.51));
#5739=CARTESIAN_POINT('Ctrl Pts',(270.049697745801,-126.195113196228,9.51));
#5740=CARTESIAN_POINT('Ctrl Pts',(270.044263206838,-125.631643792321,9.51));
#5741=CARTESIAN_POINT('Ctrl Pts',(270.037684176236,-124.949510040522,9.51));
#5742=CARTESIAN_POINT('Ctrl Pts',(270.027197881321,-124.263473249274,9.51));
#5743=CARTESIAN_POINT('Ctrl Pts',(270.013001078093,-123.574904983499,9.51));
#5744=CARTESIAN_POINT('Ctrl Pts',(269.997144092982,-122.805815170591,9.51));
#5745=CARTESIAN_POINT('Ctrl Pts',(269.976658523402,-122.033573025536,9.51));
#5746=CARTESIAN_POINT('Ctrl Pts',(269.951802375501,-121.260119764043,9.51));
#5747=CARTESIAN_POINT('Ctrl Pts',(269.93302700444,-120.675883138131,9.51));
#5748=CARTESIAN_POINT('Ctrl Pts',(269.911757587894,-120.090956963809,9.51));
#5749=CARTESIAN_POINT('Ctrl Pts',(269.888097671485,-119.506151970522,9.51));
#5750=CARTESIAN_POINT('Ctrl Pts',(269.865583774444,-118.949673275457,9.51));
#5751=CARTESIAN_POINT('Ctrl Pts',(269.840905342315,-118.393305478057,9.51));
#5752=CARTESIAN_POINT('Ctrl Pts',(269.81414526161,-117.837703321511,9.51));
#5753=CARTESIAN_POINT('Ctrl Pts',(269.789586884339,-117.327813701847,9.51));
#5754=CARTESIAN_POINT('Ctrl Pts',(269.763275261945,-116.818569242765,9.51));
#5755=CARTESIAN_POINT('Ctrl Pts',(269.735269389329,-116.310428700756,9.51));
#5756=CARTESIAN_POINT('Ctrl Pts',(269.705667153437,-115.773323630077,9.51));
#5757=CARTESIAN_POINT('Ctrl Pts',(269.674172049216,-115.237452157325,9.51));
#5758=CARTESIAN_POINT('Ctrl Pts',(269.640847690053,-114.703293720286,9.51));
#5759=CARTESIAN_POINT('Ctrl Pts',(269.607100231505,-114.162353394228,9.51));
#5760=CARTESIAN_POINT('Ctrl Pts',(269.571476756336,-113.62316945768,9.51));
#5761=CARTESIAN_POINT('Ctrl Pts',(269.53403724098,-113.086180327879,9.51));
#5762=CARTESIAN_POINT('Ctrl Pts',(269.494959936259,-112.525700640636,9.51));
#5763=CARTESIAN_POINT('Ctrl Pts',(269.453904241941,-111.967611755163,9.51));
#5764=CARTESIAN_POINT('Ctrl Pts',(269.410931764182,-111.412352368444,9.51));
#5765=CARTESIAN_POINT('Ctrl Pts',(269.365567377073,-110.826186452996,9.51));
#5766=CARTESIAN_POINT('Ctrl Pts',(269.318066906448,-110.243173496242,9.51));
#5767=CARTESIAN_POINT('Ctrl Pts',(269.268495370194,-109.66376827511,9.51));
#5768=CARTESIAN_POINT('Ctrl Pts',(269.215139112361,-109.040126227588,9.51));
#5769=CARTESIAN_POINT('Ctrl Pts',(269.159383512479,-108.420663422432,9.51));
#5770=CARTESIAN_POINT('Ctrl Pts',(269.101300687935,-107.805883066113,9.51));
#5771=CARTESIAN_POINT('Ctrl Pts',(269.038881337638,-107.14520255138,9.51));
#5772=CARTESIAN_POINT('Ctrl Pts',(268.973774319164,-106.489928895939,9.51));
#5773=CARTESIAN_POINT('Ctrl Pts',(268.906058537305,-105.840626228133,9.51));
#5774=CARTESIAN_POINT('Ctrl Pts',(268.839461450157,-105.202050328003,9.51));
#5775=CARTESIAN_POINT('Ctrl Pts',(268.77034103816,-104.569249845705,9.51));
#5776=CARTESIAN_POINT('Ctrl Pts',(268.698762810555,-103.94271302406,9.51));
#5777=CARTESIAN_POINT('Ctrl Pts',(268.628848533851,-103.330741057441,9.51));
#5778=CARTESIAN_POINT('Ctrl Pts',(268.556589339492,-102.7247450532,9.51));
#5779=CARTESIAN_POINT('Ctrl Pts',(268.482037744727,-102.12513133834,9.51));
#5780=CARTESIAN_POINT('Ctrl Pts',(268.409041925893,-101.538030629923,9.51));
#5781=CARTESIAN_POINT('Ctrl Pts',(268.333848348217,-100.957048732745,9.51));
#5782=CARTESIAN_POINT('Ctrl Pts',(268.256498638119,-100.382517994076,9.51));
#5783=CARTESIAN_POINT('Ctrl Pts',(268.180612753851,-99.8188601201514,9.51));
#5784=CARTESIAN_POINT('Ctrl Pts',(268.10265154168,-99.261411649009,9.51));
#5785=CARTESIAN_POINT('Ctrl Pts',(268.022647352816,-98.7104370072849,9.51));
#5786=CARTESIAN_POINT('Ctrl Pts',(267.943713710803,-98.1668350316227,9.51));
#5787=CARTESIAN_POINT('Ctrl Pts',(267.862791377522,-97.629534921305,9.51));
#5788=CARTESIAN_POINT('Ctrl Pts',(267.779904983185,-97.0987402463611,9.51));
#5789=CARTESIAN_POINT('Ctrl Pts',(267.695496761034,-96.5581999659193,9.51));
#5790=CARTESIAN_POINT('Ctrl Pts',(267.609051685744,-96.0244061390858,9.51));
#5791=CARTESIAN_POINT('Ctrl Pts',(267.520589198575,-95.4975192751693,9.51));
#5792=CARTESIAN_POINT('Ctrl Pts',(267.42953322432,-94.9551854763871,9.51));
#5793=CARTESIAN_POINT('Ctrl Pts',(267.336339807772,-94.4201694015299,9.51));
#5794=CARTESIAN_POINT('Ctrl Pts',(267.241023364062,-93.8925910028117,9.51));
#5795=CARTESIAN_POINT('Ctrl Pts',(267.142440277596,-93.34693167191,9.51));
#5796=CARTESIAN_POINT('Ctrl Pts',(267.041586145618,-92.8092283608821,9.51));
#5797=CARTESIAN_POINT('Ctrl Pts',(266.93846984424,-92.2795583922375,9.51));
#5798=CARTESIAN_POINT('Ctrl Pts',(266.831102807342,-91.7280539811268,9.51));
#5799=CARTESIAN_POINT('Ctrl Pts',(266.721283246115,-91.1852586390742,9.51));
#5800=CARTESIAN_POINT('Ctrl Pts',(266.609013713324,-90.6512038575812,9.51));
#5801=CARTESIAN_POINT('Ctrl Pts',(266.486804804525,-90.0698684724423,9.51));
#5802=CARTESIAN_POINT('Ctrl Pts',(266.361692968104,-89.4988897772427,9.51));
#5803=CARTESIAN_POINT('Ctrl Pts',(266.233672421684,-88.9382448951705,9.51));
#5804=CARTESIAN_POINT('Ctrl Pts',(266.104846750052,-88.3740740999339,9.51));
#5805=CARTESIAN_POINT('Ctrl Pts',(265.973075607665,-87.8203671093233,9.51));
#5806=CARTESIAN_POINT('Ctrl Pts',(265.838344636242,-87.2770446178486,9.51));
#5807=CARTESIAN_POINT('Ctrl Pts',(265.700921724816,-86.7228664817249,9.51));
#5808=CARTESIAN_POINT('Ctrl Pts',(265.560419487652,-86.1794918510024,9.51));
#5809=CARTESIAN_POINT('Ctrl Pts',(265.41681461307,-85.6467814812998,9.51));
#5810=CARTESIAN_POINT('Ctrl Pts',(265.270027467579,-85.1022662984426,9.51));
#5811=CARTESIAN_POINT('Ctrl Pts',(265.119998607125,-84.5688931331377,9.51));
#5812=CARTESIAN_POINT('Ctrl Pts',(264.966695432348,-84.0464579792366,9.51));
#5813=CARTESIAN_POINT('Ctrl Pts',(264.809330870074,-83.5101822013219,9.51));
#5814=CARTESIAN_POINT('Ctrl Pts',(264.648516153838,-82.9854315425754,9.51));
#5815=CARTESIAN_POINT('Ctrl Pts',(264.484208739005,-82.4719294948422,9.51));
#5816=CARTESIAN_POINT('Ctrl Pts',(264.310961452713,-81.930488097533,9.51));
#5817=CARTESIAN_POINT('Ctrl Pts',(264.133831005251,-81.4015525106845,9.51));
#5818=CARTESIAN_POINT('Ctrl Pts',(263.952760254199,-80.8847382841151,9.51));
#5819=CARTESIAN_POINT('Ctrl Pts',(263.754511782171,-80.3188952081677,9.51));
#5820=CARTESIAN_POINT('Ctrl Pts',(263.551539849289,-79.7675818714996,9.51));
#5821=CARTESIAN_POINT('Ctrl Pts',(263.343761987991,-79.2302289853385,9.51));
#5822=CARTESIAN_POINT('Ctrl Pts',(263.092388792495,-78.5801303114007,9.51));
#5823=CARTESIAN_POINT('Ctrl Pts',(262.833981187526,-77.9504639177576,9.51));
#5824=CARTESIAN_POINT('Ctrl Pts',(262.568384466329,-77.3401412032783,9.51));
#5825=CARTESIAN_POINT('Ctrl Pts',(262.25984730691,-76.6311443609786,9.51));
#5826=CARTESIAN_POINT('Ctrl Pts',(261.941607611753,-75.9482452614888,9.51));
#5827=CARTESIAN_POINT('Ctrl Pts',(261.613420934177,-75.2896986466417,9.51));
#5828=CARTESIAN_POINT('Ctrl Pts',(261.360945249826,-74.7830753781757,9.51));
#5829=CARTESIAN_POINT('Ctrl Pts',(261.102582464858,-74.2908631154429,9.51));
#5830=CARTESIAN_POINT('Ctrl Pts',(260.838226383131,-73.8122924508728,9.51));
#5831=CARTESIAN_POINT('Ctrl Pts',(260.594031992656,-73.3702210183924,9.51));
#5832=CARTESIAN_POINT('Ctrl Pts',(260.344723507502,-72.9397888726591,9.51));
#5833=CARTESIAN_POINT('Ctrl Pts',(260.090224004551,-72.520428304184,9.51));
#5834=CARTESIAN_POINT('Ctrl Pts',(259.850143132702,-72.1248265457087,9.51));
#5835=CARTESIAN_POINT('Ctrl Pts',(259.605442697825,-71.7390768533123,9.51));
#5836=CARTESIAN_POINT('Ctrl Pts',(259.356065764012,-71.3627480357892,9.51));
#5837=CARTESIAN_POINT('Ctrl Pts',(259.104067443369,-70.9824633455595,9.51));
#5838=CARTESIAN_POINT('Ctrl Pts',(258.84729379621,-70.6117985907021,9.51));
#5839=CARTESIAN_POINT('Ctrl Pts',(258.585694936491,-70.2503626388543,9.51));
#5840=CARTESIAN_POINT('Ctrl Pts',(258.319594526988,-69.8827071571036,9.51));
#5841=CARTESIAN_POINT('Ctrl Pts',(258.04850144399,-69.524600927448,9.51));
#5842=CARTESIAN_POINT('Ctrl Pts',(257.772371928306,-69.1756865893909,9.51));
#5843=CARTESIAN_POINT('Ctrl Pts',(257.491048741898,-68.8202095838913,9.51));
#5844=CARTESIAN_POINT('Ctrl Pts',(257.204497916865,-68.4742736102696,9.51));
#5845=CARTESIAN_POINT('Ctrl Pts',(256.912681683376,-68.1375550568759,9.51));
#5846=CARTESIAN_POINT('Ctrl Pts',(256.614807172748,-67.7938460276955,9.51));
#5847=CARTESIAN_POINT('Ctrl Pts',(256.311446396373,-67.4597412333873,9.51));
#5848=CARTESIAN_POINT('Ctrl Pts',(256.002567405324,-67.134950760857,9.51));
#5849=CARTESIAN_POINT('Ctrl Pts',(255.686528539607,-66.8026315824442,9.51));
#5850=CARTESIAN_POINT('Ctrl Pts',(255.364712702496,-66.4800636874718,9.51));
#5851=CARTESIAN_POINT('Ctrl Pts',(255.037093640346,-66.1669907658497,9.51));
#5852=CARTESIAN_POINT('Ctrl Pts',(254.700897374487,-65.8457214645459,9.51));
#5853=CARTESIAN_POINT('Ctrl Pts',(254.358590084866,-65.5344509711823,9.51));
#5854=CARTESIAN_POINT('Ctrl Pts',(254.010151122395,-65.232956479413,9.51));
#5855=CARTESIAN_POINT('Ctrl Pts',(253.645358852713,-64.917311928158,9.51));
#5856=CARTESIAN_POINT('Ctrl Pts',(253.27384587867,-64.612382599046,9.51));
#5857=CARTESIAN_POINT('Ctrl Pts',(252.895596337294,-64.3179700299385,9.51));
#5858=CARTESIAN_POINT('Ctrl Pts',(252.504130642004,-64.0132705962021,9.51));
#5859=CARTESIAN_POINT('Ctrl Pts',(252.105449469158,-63.719835923378,9.51));
#5860=CARTESIAN_POINT('Ctrl Pts',(251.699542635879,-63.4375034340752,9.51));
#5861=CARTESIAN_POINT('Ctrl Pts',(251.276581968624,-63.1433089828547,9.51));
#5862=CARTESIAN_POINT('Ctrl Pts',(250.84577581753,-62.8611695120832,9.51));
#5863=CARTESIAN_POINT('Ctrl Pts',(250.407119317399,-62.5909582295174,9.51));
#5864=CARTESIAN_POINT('Ctrl Pts',(249.929456018777,-62.2967188588095,9.51));
#5865=CARTESIAN_POINT('Ctrl Pts',(249.44248424828,-62.0166235032186,9.51));
#5866=CARTESIAN_POINT('Ctrl Pts',(248.946203916278,-61.7505721467707,9.51));
#5867=CARTESIAN_POINT('Ctrl Pts',(248.413762645248,-61.46513524095,9.51));
#5868=CARTESIAN_POINT('Ctrl Pts',(247.870607104089,-61.1958642214703,9.51));
#5869=CARTESIAN_POINT('Ctrl Pts',(247.316741257229,-60.9426991309599,9.51));
#5870=CARTESIAN_POINT('Ctrl Pts',(246.658262270971,-60.6417166943276,9.51));
#5871=CARTESIAN_POINT('Ctrl Pts',(245.98464558837,-60.3634998624178,9.51));
#5872=CARTESIAN_POINT('Ctrl Pts',(245.295896971722,-60.1080230374704,9.51));
#5873=CARTESIAN_POINT('Ctrl Pts',(245.197573041964,-60.0715518420533,9.51));
#5874=CARTESIAN_POINT('Ctrl Pts',(245.098940717156,-60.035544164499,9.51));
#5875=CARTESIAN_POINT('Ctrl Pts',(245.,-60.,9.51));
#5876=CARTESIAN_POINT('',(235.,-117.5,-6.49));
#5877=CARTESIAN_POINT('',(235.,-117.5,13.51));
#5878=CARTESIAN_POINT('Ctrl Pts',(235.,-117.5,-6.49));
#5879=CARTESIAN_POINT('Ctrl Pts',(235.,-118.395079980053,-6.49));
#5880=CARTESIAN_POINT('Ctrl Pts',(235.338239497556,-119.813821018205,-6.49));
#5881=CARTESIAN_POINT('Ctrl Pts',(236.860758421607,-120.826852261531,-6.49));
#5882=CARTESIAN_POINT('Ctrl Pts',(240.442842022405,-120.683978495669,-6.49));
#5883=CARTESIAN_POINT('Ctrl Pts',(245.247537525986,-121.279660175967,-6.49));
#5884=CARTESIAN_POINT('Ctrl Pts',(248.265360008075,-125.290924293477,-6.49));
#5885=CARTESIAN_POINT('Ctrl Pts',(248.977734991016,-132.242544192028,-6.49));
#5886=CARTESIAN_POINT('Ctrl Pts',(248.089509810514,-139.532639652756,-6.49));
#5887=CARTESIAN_POINT('Ctrl Pts',(246.44403023709,-144.876334758569,-6.49));
#5888=CARTESIAN_POINT('Ctrl Pts',(244.720421123975,-147.064334817757,-6.49));
#5889=CARTESIAN_POINT('Ctrl Pts',(241.531482265451,-150.244819776408,-6.49));
#5890=CARTESIAN_POINT('Ctrl Pts',(236.968719541743,-156.195965452384,-6.49));
#5891=CARTESIAN_POINT('Ctrl Pts',(232.579921820824,-163.744348593537,-6.49));
#5892=CARTESIAN_POINT('Ctrl Pts',(230.040585726195,-171.161033077617,-6.49));
#5893=CARTESIAN_POINT('Ctrl Pts',(230.716547040103,-176.496700624437,-6.49));
#5894=CARTESIAN_POINT('Ctrl Pts',(234.085406336029,-180.60349486055,-6.49));
#5895=CARTESIAN_POINT('Ctrl Pts',(238.684481102716,-184.158644412772,-6.49));
#5896=CARTESIAN_POINT('Ctrl Pts',(244.013656263863,-184.9765361679,-6.49));
#5897=CARTESIAN_POINT('Ctrl Pts',(249.615818778347,-181.244713850693,-6.49));
#5898=CARTESIAN_POINT('Ctrl Pts',(255.082485174393,-174.105325959007,-6.49));
#5899=CARTESIAN_POINT('Ctrl Pts',(259.91678832213,-166.723741848454,-6.49));
#5900=CARTESIAN_POINT('Ctrl Pts',(263.886629347589,-159.612447178669,-6.49));
#5901=CARTESIAN_POINT('Ctrl Pts',(266.863314040885,-152.808103031453,-6.49));
#5902=CARTESIAN_POINT('Ctrl Pts',(268.846843985677,-145.585127291127,-6.49));
#5903=CARTESIAN_POINT('Ctrl Pts',(269.916105165586,-137.28275579926,-6.49));
#5904=CARTESIAN_POINT('Ctrl Pts',(270.205045525303,-127.468172575008,-6.49));
#5905=CARTESIAN_POINT('Ctrl Pts',(269.884500710517,-116.821607211596,-6.49));
#5906=CARTESIAN_POINT('Ctrl Pts',(269.097972725906,-106.548449468765,-6.49));
#5907=CARTESIAN_POINT('Ctrl Pts',(267.922904543683,-97.1565728409377,-6.49));
#5908=CARTESIAN_POINT('Ctrl Pts',(266.398876855231,-88.9754602527842,-6.49));
#5909=CARTESIAN_POINT('Ctrl Pts',(264.531456564508,-82.0488927421368,-6.49));
#5910=CARTESIAN_POINT('Ctrl Pts',(262.306204802646,-76.290624616578,-6.49));
#5911=CARTESIAN_POINT('Ctrl Pts',(259.698142896778,-71.5253788406316,-6.49));
#5912=CARTESIAN_POINT('Ctrl Pts',(256.683328153994,-67.5797131894534,-6.49));
#5913=CARTESIAN_POINT('Ctrl Pts',(253.249020293798,-64.3477090000964,-6.49));
#5914=CARTESIAN_POINT('Ctrl Pts',(250.16189963026,-62.2892582142404,-6.49));
#5915=CARTESIAN_POINT('Ctrl Pts',(247.655249805967,-61.0329562111821,-6.49));
#5916=CARTESIAN_POINT('Ctrl Pts',(245.899235619191,-60.3230477774019,-6.49));
#5917=CARTESIAN_POINT('Ctrl Pts',(245.,-60.,-6.49));
#5918=CARTESIAN_POINT('Origin',(235.,-95.,13.51));
#5919=CARTESIAN_POINT('',(235.,-95.,9.51));
#5920=CARTESIAN_POINT('',(235.,-108.744134041975,9.51));
#5921=CARTESIAN_POINT('',(235.,-95.,-6.49));
#5922=CARTESIAN_POINT('',(235.,-95.,13.51));
#5923=CARTESIAN_POINT('',(235.,-95.,-6.49));
#5924=CARTESIAN_POINT('Origin',(230.,-95.,13.51));
#5925=CARTESIAN_POINT('',(230.,-95.,9.51));
#5926=CARTESIAN_POINT('',(208.801261381326,-95.,9.51));
#5927=CARTESIAN_POINT('',(230.,-95.,-6.49));
#5928=CARTESIAN_POINT('',(230.,-95.,13.51));
#5929=CARTESIAN_POINT('',(235.,-95.,-6.49));
#5930=CARTESIAN_POINT('Origin',(230.,-89.7766245759779,13.51));
#5931=CARTESIAN_POINT('',(230.,-106.132446329964,9.51));
#5932=CARTESIAN_POINT('',(230.,-89.7766245759779,-6.49));
#5933=CARTESIAN_POINT('Origin',(205.,-70.,13.51));
#5934=CARTESIAN_POINT('',(110.,-70.,9.51));
#5935=CARTESIAN_POINT('',(163.698738618674,-70.,9.51));
#5936=CARTESIAN_POINT('',(110.,-70.,-6.49));
#5937=CARTESIAN_POINT('',(110.,-70.,13.51));
#5938=CARTESIAN_POINT('',(205.,-70.,-6.49));
#5939=CARTESIAN_POINT('Origin',(122.397477237348,-122.48826808395,9.51));
#5940=CARTESIAN_POINT('',(82.5,-89.7766245759779,9.51));
#5941=CARTESIAN_POINT('',(80.,-89.7766245759779,9.51));
#5942=CARTESIAN_POINT('',(102.448738618674,-89.7766245759779,9.51));
#5943=CARTESIAN_POINT('',(82.5,-81.25,9.51));
#5944=CARTESIAN_POINT('',(82.5,-101.869134041975,9.51));
#5945=CARTESIAN_POINT('',(90.2958698311676,-81.25,9.51));
#5946=CARTESIAN_POINT('',(106.346673534258,-81.25,9.51));
#5947=CARTESIAN_POINT('',(90.2958698311676,-74.6025471822427,9.51));
#5948=CARTESIAN_POINT('',(90.2958698311676,-98.5454076330963,9.51));
#5949=CARTESIAN_POINT('',(110.,-74.6025471822427,9.51));
#5950=CARTESIAN_POINT('',(116.198738618674,-74.6025471822427,9.51));
#5951=CARTESIAN_POINT('',(110.,-96.2441340419749,9.51));
#5952=CARTESIAN_POINT('',(95.,-65.,9.51));
#5953=CARTESIAN_POINT('',(201.301261381326,-65.,9.51));
#5954=CARTESIAN_POINT('',(95.,-60.,9.51));
#5955=CARTESIAN_POINT('',(95.,-91.2441340419749,9.51));
#5956=CARTESIAN_POINT('',(65.,-60.,9.51));
#5957=CARTESIAN_POINT('',(93.6987386186742,-60.,9.51));
#5958=CARTESIAN_POINT('',(75.,-117.5,9.51));
#5959=CARTESIAN_POINT('Ctrl Pts',(75.,-117.5,9.51));
#5960=CARTESIAN_POINT('Ctrl Pts',(75.,-117.638339405318,9.51));
#5961=CARTESIAN_POINT('Ctrl Pts',(74.9951497969345,-117.771351767716,9.51));
#5962=CARTESIAN_POINT('Ctrl Pts',(74.9854633662608,-117.899058399702,9.51));
#5963=CARTESIAN_POINT('Ctrl Pts',(74.975631917946,-118.028676955197,9.51));
#5964=CARTESIAN_POINT('Ctrl Pts',(74.9608183842473,-118.152829796088,9.51));
#5965=CARTESIAN_POINT('Ctrl Pts',(74.9410669238037,-118.271584482905,9.51));
#5966=CARTESIAN_POINT('Ctrl Pts',(74.9209960663717,-118.392259528443,9.51));
#5967=CARTESIAN_POINT('Ctrl Pts',(74.8958263275771,-118.507360500953,9.51));
#5968=CARTESIAN_POINT('Ctrl Pts',(74.865633788037,-118.617003573548,9.51));
#5969=CARTESIAN_POINT('Ctrl Pts',(74.8349105195779,-118.728573968266,9.51));
#5970=CARTESIAN_POINT('Ctrl Pts',(74.7989863553081,-118.834492981968,9.51));
#5971=CARTESIAN_POINT('Ctrl Pts',(74.7579714337673,-118.934928309306,9.51));
#5972=CARTESIAN_POINT('Ctrl Pts',(74.7161668905507,-119.037297223458,9.51));
#5973=CARTESIAN_POINT('Ctrl Pts',(74.6690737314886,-119.133969367905,9.51));
#5974=CARTESIAN_POINT('Ctrl Pts',(74.6168388239338,-119.225167601777,9.51));
#5975=CARTESIAN_POINT('Ctrl Pts',(74.563492579384,-119.318306146755,9.51));
#5976=CARTESIAN_POINT('Ctrl Pts',(74.5047835171545,-119.405735484618,9.51));
#5977=CARTESIAN_POINT('Ctrl Pts',(74.4408986445238,-119.487738298523,9.51));
#5978=CARTESIAN_POINT('Ctrl Pts',(74.3754951697973,-119.571690394628,9.51));
#5979=CARTESIAN_POINT('Ctrl Pts',(74.30466694477,-119.649955031505,9.51));
#5980=CARTESIAN_POINT('Ctrl Pts',(74.2286455856137,-119.72288083009,9.51));
#5981=CARTESIAN_POINT('Ctrl Pts',(74.1505775243728,-119.797769989837,9.51));
#5982=CARTESIAN_POINT('Ctrl Pts',(74.0670329964492,-119.867029104839,9.51));
#5983=CARTESIAN_POINT('Ctrl Pts',(73.9782942683845,-119.931081011261,9.51));
#5984=CARTESIAN_POINT('Ctrl Pts',(73.8868022316633,-119.997120264947,9.51));
#5985=CARTESIAN_POINT('Ctrl Pts',(73.7897887379046,-120.057624326605,9.51));
#5986=CARTESIAN_POINT('Ctrl Pts',(73.6875952008061,-120.113101906457,9.51));
#5987=CARTESIAN_POINT('Ctrl Pts',(73.5816695971825,-120.170605505023,9.51));
#5988=CARTESIAN_POINT('Ctrl Pts',(73.4701787715002,-120.222708980549,9.51));
#5989=CARTESIAN_POINT('Ctrl Pts',(73.3535357824865,-120.27002408264,9.51));
#5990=CARTESIAN_POINT('Ctrl Pts',(73.2320975241375,-120.31928433943,9.51));
#5991=CARTESIAN_POINT('Ctrl Pts',(73.1050748616743,-120.363354647633,9.51));
#5992=CARTESIAN_POINT('Ctrl Pts',(72.9729676378319,-120.402970222169,9.51));
#5993=CARTESIAN_POINT('Ctrl Pts',(72.834327406593,-120.444544878381,9.51));
#5994=CARTESIAN_POINT('Ctrl Pts',(72.6900873896019,-120.481213591366,9.51));
#5995=CARTESIAN_POINT('Ctrl Pts',(72.5408604017845,-120.513870794661,9.51));
#5996=CARTESIAN_POINT('Ctrl Pts',(72.3753242963402,-120.550097125616,9.51));
#5997=CARTESIAN_POINT('Ctrl Pts',(72.2036514668183,-120.581387328758,9.51));
#5998=CARTESIAN_POINT('Ctrl Pts',(72.0267213499915,-120.609013296807,9.51));
#5999=CARTESIAN_POINT('Ctrl Pts',(71.8286684125252,-120.639937393963,9.51));
#6000=CARTESIAN_POINT('Ctrl Pts',(71.6240280492143,-120.666270848641,9.51));
#6001=CARTESIAN_POINT('Ctrl Pts',(71.41408582996,-120.689851873546,9.51));
#6002=CARTESIAN_POINT('Ctrl Pts',(71.1705337589912,-120.717208007399,9.51));
#6003=CARTESIAN_POINT('Ctrl Pts',(70.9198469583091,-120.74086223058,9.51));
#6004=CARTESIAN_POINT('Ctrl Pts',(70.6640949319305,-120.763729816497,9.51));
#6005=CARTESIAN_POINT('Ctrl Pts',(70.4143766797154,-120.786057903857,9.51));
#6006=CARTESIAN_POINT('Ctrl Pts',(70.1598317820884,-120.807639848497,9.51));
#6007=CARTESIAN_POINT('Ctrl Pts',(69.9024157798794,-120.831179183549,9.51));
#6008=CARTESIAN_POINT('Ctrl Pts',(69.6910943681467,-120.850503411537,9.51));
#6009=CARTESIAN_POINT('Ctrl Pts',(69.4778390990135,-120.871147523225,9.51));
#6010=CARTESIAN_POINT('Ctrl Pts',(69.2637304902648,-120.894575349416,9.51));
#6011=CARTESIAN_POINT('Ctrl Pts',(69.0715819658415,-120.915600296798,9.51));
#6012=CARTESIAN_POINT('Ctrl Pts',(68.8787466351303,-120.938867669851,9.51));
#6013=CARTESIAN_POINT('Ctrl Pts',(68.6859953248442,-120.965399963954,9.51));
#6014=CARTESIAN_POINT('Ctrl Pts',(68.4942193835081,-120.991797998134,9.51));
#6015=CARTESIAN_POINT('Ctrl Pts',(68.3025271615545,-121.021428921516,9.51));
#6016=CARTESIAN_POINT('Ctrl Pts',(68.1116597540212,-121.055251882108,9.51));
#6017=CARTESIAN_POINT('Ctrl Pts',(67.9378652160138,-121.086049417875,9.51));
#6018=CARTESIAN_POINT('Ctrl Pts',(67.7647546284837,-121.120322550119,9.51));
#6019=CARTESIAN_POINT('Ctrl Pts',(67.5928685766083,-121.15875079327,9.51));
#6020=CARTESIAN_POINT('Ctrl Pts',(67.4285953040457,-121.195477061588,9.51));
#6021=CARTESIAN_POINT('Ctrl Pts',(67.2654406450784,-121.235998707064,9.51));
#6022=CARTESIAN_POINT('Ctrl Pts',(67.1038565701302,-121.28086479927,9.51));
#6023=CARTESIAN_POINT('Ctrl Pts',(66.9481119437946,-121.324109486397,9.51));
#6024=CARTESIAN_POINT('Ctrl Pts',(66.7938265497627,-121.371390433431,9.51));
#6025=CARTESIAN_POINT('Ctrl Pts',(66.6413843014478,-121.423155069997,9.51));
#6026=CARTESIAN_POINT('Ctrl Pts',(66.4935971992488,-121.473338964022,9.51));
#6027=CARTESIAN_POINT('Ctrl Pts',(66.3475424882081,-121.527737015902,9.51));
#6028=CARTESIAN_POINT('Ctrl Pts',(66.2035485243079,-121.586712565696,9.51));
#6029=CARTESIAN_POINT('Ctrl Pts',(66.0633627561254,-121.644128394304,9.51));
#6030=CARTESIAN_POINT('Ctrl Pts',(65.9251302570433,-121.705882911006,9.51));
#6031=CARTESIAN_POINT('Ctrl Pts',(65.789132071377,-121.77226696688,9.51));
#6032=CARTESIAN_POINT('Ctrl Pts',(65.6563063835325,-121.83710244862,9.51));
#6033=CARTESIAN_POINT('Ctrl Pts',(65.5256120539919,-121.906354095589,9.51));
#6034=CARTESIAN_POINT('Ctrl Pts',(65.3972885807861,-121.980248396343,9.51));
#6035=CARTESIAN_POINT('Ctrl Pts',(65.2710801949367,-122.052924736755,9.51));
#6036=CARTESIAN_POINT('Ctrl Pts',(65.1471652297294,-122.130092060168,9.51));
#6037=CARTESIAN_POINT('Ctrl Pts',(65.0257485434804,-122.211920641349,9.51));
#6038=CARTESIAN_POINT('Ctrl Pts',(64.9037132315622,-122.294166144309,9.51));
#6039=CARTESIAN_POINT('Ctrl Pts',(64.7842017197212,-122.381120494889,9.51));
#6040=CARTESIAN_POINT('Ctrl Pts',(64.6673978466453,-122.472909544594,9.51));
#6041=CARTESIAN_POINT('Ctrl Pts',(64.5496924979386,-122.565407009091,9.51));
#6042=CARTESIAN_POINT('Ctrl Pts',(64.4347367363441,-122.662814045612,9.51));
#6043=CARTESIAN_POINT('Ctrl Pts',(64.3226943219389,-122.765212425001,9.51));
#6044=CARTESIAN_POINT('Ctrl Pts',(64.2097530326879,-122.868432308711,9.51));
#6045=CARTESIAN_POINT('Ctrl Pts',(64.0997720161992,-122.976723899959,9.51));
#6046=CARTESIAN_POINT('Ctrl Pts',(63.9928944488176,-123.090124010476,9.51));
#6047=CARTESIAN_POINT('Ctrl Pts',(63.8851242253399,-123.204471254263,9.51));
#6048=CARTESIAN_POINT('Ctrl Pts',(63.7805095009053,-123.324012661773,9.51));
#6049=CARTESIAN_POINT('Ctrl Pts',(63.6791723100445,-123.44873911243,9.51));
#6050=CARTESIAN_POINT('Ctrl Pts',(63.5769525251549,-123.574551865359,9.51));
#6051=CARTESIAN_POINT('Ctrl Pts',(63.4780676061925,-123.705640324544,9.51));
#6052=CARTESIAN_POINT('Ctrl Pts',(63.3826178267636,-123.841948354582,9.51));
#6053=CARTESIAN_POINT('Ctrl Pts',(63.286299617961,-123.979496554036,9.51));
#6054=CARTESIAN_POINT('Ctrl Pts',(63.193479333293,-124.122359684016,9.51));
#6055=CARTESIAN_POINT('Ctrl Pts',(63.1042347955991,-124.270433384873,9.51));
#6056=CARTESIAN_POINT('Ctrl Pts',(63.0141403959373,-124.419917168745,9.51));
#6057=CARTESIAN_POINT('Ctrl Pts',(62.9276901625488,-124.574711181538,9.51));
#6058=CARTESIAN_POINT('Ctrl Pts',(62.8449386951713,-124.734661481738,9.51));
#6059=CARTESIAN_POINT('Ctrl Pts',(62.7613606858217,-124.896209404805,9.51));
#6060=CARTESIAN_POINT('Ctrl Pts',(62.6815556923211,-125.063017077817,9.51));
#6061=CARTESIAN_POINT('Ctrl Pts',(62.6055542221092,-125.234879445545,9.51));
#6062=CARTESIAN_POINT('Ctrl Pts',(62.5287546932078,-125.40854646594,9.51));
#6063=CARTESIAN_POINT('Ctrl Pts',(62.4558389778001,-125.587374832963,9.51));
#6064=CARTESIAN_POINT('Ctrl Pts',(62.3868125072584,-125.771106639481,9.51));
#6065=CARTESIAN_POINT('Ctrl Pts',(62.3167791753771,-125.9575184679,9.51));
#6066=CARTESIAN_POINT('Ctrl Pts',(62.2507493751381,-126.148977769714,9.51));
#6067=CARTESIAN_POINT('Ctrl Pts',(62.1887021141291,-126.345168518259,9.51));
#6068=CARTESIAN_POINT('Ctrl Pts',(62.1247398238293,-126.547414506374,9.51));
#6069=CARTESIAN_POINT('Ctrl Pts',(62.0650096570191,-126.754688335975,9.51));
#6070=CARTESIAN_POINT('Ctrl Pts',(62.0094607588937,-126.966596232564,9.51));
#6071=CARTESIAN_POINT('Ctrl Pts',(61.951829157781,-127.18644922301,9.51));
#6072=CARTESIAN_POINT('Ctrl Pts',(61.8986981927301,-127.41129007204,9.51));
#6073=CARTESIAN_POINT('Ctrl Pts',(61.8499822193292,-127.640631573194,9.51));
#6074=CARTESIAN_POINT('Ctrl Pts',(61.797633638108,-127.887074400104,9.51));
#6075=CARTESIAN_POINT('Ctrl Pts',(61.750383105286,-128.138714024371,9.51));
#6076=CARTESIAN_POINT('Ctrl Pts',(61.708091114724,-128.394894029248,9.51));
#6077=CARTESIAN_POINT('Ctrl Pts',(61.6629149693902,-128.668544547423,9.51));
#6078=CARTESIAN_POINT('Ctrl Pts',(61.6233967053624,-128.947375450056,9.51));
#6079=CARTESIAN_POINT('Ctrl Pts',(61.5893292331483,-129.230533202176,9.51));
#6080=CARTESIAN_POINT('Ctrl Pts',(61.5518733610705,-129.541854232236,9.51));
#6081=CARTESIAN_POINT('Ctrl Pts',(61.5210064931453,-129.858404979223,9.51));
#6082=CARTESIAN_POINT('Ctrl Pts',(61.4964098840794,-130.178996276907,9.51));
#6083=CARTESIAN_POINT('Ctrl Pts',(61.4676814207747,-130.553442010733,9.51));
#6084=CARTESIAN_POINT('Ctrl Pts',(61.4475068766774,-130.933398179579,9.51));
#6085=CARTESIAN_POINT('Ctrl Pts',(61.4353195618061,-131.316915750822,9.51));
#6086=CARTESIAN_POINT('Ctrl Pts',(61.4221970217292,-131.729863537265,9.51));
#6087=CARTESIAN_POINT('Ctrl Pts',(61.4183330774291,-132.146935588423,9.51));
#6088=CARTESIAN_POINT('Ctrl Pts',(61.4229692437889,-132.565693067296,9.51));
#6089=CARTESIAN_POINT('Ctrl Pts',(61.4271411083658,-132.942512913014,9.51));
#6090=CARTESIAN_POINT('Ctrl Pts',(61.438194659878,-133.32069631615,9.51));
#6091=CARTESIAN_POINT('Ctrl Pts',(61.4555596863151,-133.698505516091,9.51));
#6092=CARTESIAN_POINT('Ctrl Pts',(61.4719473291096,-134.055049874693,9.51));
#6093=CARTESIAN_POINT('Ctrl Pts',(61.4939555694255,-134.41126061734,9.51));
#6094=CARTESIAN_POINT('Ctrl Pts',(61.5210974802747,-134.765722005051,9.51));
#6095=CARTESIAN_POINT('Ctrl Pts',(61.5469979903465,-135.103971245991,9.51));
#6096=CARTESIAN_POINT('Ctrl Pts',(61.5775730404517,-135.440627244521,9.51));
#6097=CARTESIAN_POINT('Ctrl Pts',(61.6123968961783,-135.774506032662,9.51));
#6098=CARTESIAN_POINT('Ctrl Pts',(61.6458983364502,-136.095705970048,9.51));
#6099=CARTESIAN_POINT('Ctrl Pts',(61.68333182163,-136.414335423358,9.51));
#6100=CARTESIAN_POINT('Ctrl Pts',(61.7243190988462,-136.729387293989,9.51));
#6101=CARTESIAN_POINT('Ctrl Pts',(61.7639834569703,-137.034270444886,9.51));
#6102=CARTESIAN_POINT('Ctrl Pts',(61.8069757513703,-137.335803068671,9.51));
#6103=CARTESIAN_POINT('Ctrl Pts',(61.8529564273128,-137.633119977495,9.51));
#6104=CARTESIAN_POINT('Ctrl Pts',(61.8976502133464,-137.922115692213,9.51));
#6105=CARTESIAN_POINT('Ctrl Pts',(61.9451673248654,-138.207128229406,9.51));
#6106=CARTESIAN_POINT('Ctrl Pts',(61.9952010046492,-138.487410833944,9.51));
#6107=CARTESIAN_POINT('Ctrl Pts',(62.0426750669171,-138.753354771667,9.51));
#6108=CARTESIAN_POINT('Ctrl Pts',(62.09241473199,-139.015040436513,9.51));
#6109=CARTESIAN_POINT('Ctrl Pts',(62.1441638657774,-139.271873511755,9.51));
#6110=CARTESIAN_POINT('Ctrl Pts',(62.1914696202249,-139.506653912935,9.51));
#6111=CARTESIAN_POINT('Ctrl Pts',(62.2404542816909,-139.737378944143,9.51));
#6112=CARTESIAN_POINT('Ctrl Pts',(62.2909294523944,-139.963632724901,9.51));
#6113=CARTESIAN_POINT('Ctrl Pts',(62.340255459206,-140.184735405196,9.51));
#6114=CARTESIAN_POINT('Ctrl Pts',(62.3910045289726,-140.401567396632,9.51));
#6115=CARTESIAN_POINT('Ctrl Pts',(62.4430130577102,-140.613787279363,9.51));
#6116=CARTESIAN_POINT('Ctrl Pts',(62.4915217212403,-140.811726023945,9.51));
#6117=CARTESIAN_POINT('Ctrl Pts',(62.5411259048822,-141.00565238606,9.51));
#6118=CARTESIAN_POINT('Ctrl Pts',(62.5917067877232,-141.195335568004,9.51));
#6119=CARTESIAN_POINT('Ctrl Pts',(62.6401269927559,-141.376916000078,9.51));
#6120=CARTESIAN_POINT('Ctrl Pts',(62.6894421145031,-141.554607843022,9.51));
#6121=CARTESIAN_POINT('Ctrl Pts',(62.739562980695,-141.728254867209,9.51));
#6122=CARTESIAN_POINT('Ctrl Pts',(62.7879249761084,-141.895808168367,9.51));
#6123=CARTESIAN_POINT('Ctrl Pts',(62.8370370608441,-142.059595404145,9.51));
#6124=CARTESIAN_POINT('Ctrl Pts',(62.886835023259,-142.219522654843,9.51));
#6125=CARTESIAN_POINT('Ctrl Pts',(62.9351494754276,-142.374685579782,9.51));
#6126=CARTESIAN_POINT('Ctrl Pts',(62.9841094690329,-142.526214945423,9.51));
#6127=CARTESIAN_POINT('Ctrl Pts',(63.0336728747619,-142.674071555516,9.51));
#6128=CARTESIAN_POINT('Ctrl Pts',(63.0819532185959,-142.818100559746,9.51));
#6129=CARTESIAN_POINT('Ctrl Pts',(63.1308060697451,-142.958644387283,9.51));
#6130=CARTESIAN_POINT('Ctrl Pts',(63.1802094728129,-143.095713496323,9.51));
#6131=CARTESIAN_POINT('Ctrl Pts',(63.2284819172308,-143.229644775074,9.51));
#6132=CARTESIAN_POINT('Ctrl Pts',(63.2772799362724,-143.36025850036,9.51));
#6133=CARTESIAN_POINT('Ctrl Pts',(63.3266004110177,-143.487611205717,9.51));
#6134=CARTESIAN_POINT('Ctrl Pts',(63.3749087824445,-143.612350511743,9.51));
#6135=CARTESIAN_POINT('Ctrl Pts',(63.4237183348239,-143.73396117031,9.51));
#6136=CARTESIAN_POINT('Ctrl Pts',(63.4730438082962,-143.852543155463,9.51));
#6137=CARTESIAN_POINT('Ctrl Pts',(63.5215685598753,-143.969200147606,9.51));
#6138=CARTESIAN_POINT('Ctrl Pts',(63.5705925640205,-144.08292589603,9.51));
#6139=CARTESIAN_POINT('Ctrl Pts',(63.6201479339277,-144.193862891255,9.51));
#6140=CARTESIAN_POINT('Ctrl Pts',(63.670802915325,-144.307261528776,9.51));
#6141=CARTESIAN_POINT('Ctrl Pts',(63.7220131517417,-144.417746344986,9.51));
#6142=CARTESIAN_POINT('Ctrl Pts',(63.7738327233347,-144.525521193792,9.51));
#6143=CARTESIAN_POINT('Ctrl Pts',(63.8277265396788,-144.637610076999,9.51));
#6144=CARTESIAN_POINT('Ctrl Pts',(63.8822795652343,-144.746767890792,9.51));
#6145=CARTESIAN_POINT('Ctrl Pts',(63.9375723271167,-144.853276804912,9.51));
#6146=CARTESIAN_POINT('Ctrl Pts',(63.9956170761549,-144.965086795587,9.51));
#6147=CARTESIAN_POINT('Ctrl Pts',(64.0544771826869,-145.073977886946,9.51));
#6148=CARTESIAN_POINT('Ctrl Pts',(64.114265015469,-145.18033038278,9.51));
#6149=CARTESIAN_POINT('Ctrl Pts',(64.1779786743733,-145.293666262807,9.51));
#6150=CARTESIAN_POINT('Ctrl Pts',(64.2427461149442,-145.404119545479,9.51));
#6151=CARTESIAN_POINT('Ctrl Pts',(64.3087217337353,-145.51220596122,9.51));
#6152=CARTESIAN_POINT('Ctrl Pts',(64.3815219638653,-145.631472988708,9.51));
#6153=CARTESIAN_POINT('Ctrl Pts',(64.4557936219703,-145.747858617671,9.51));
#6154=CARTESIAN_POINT('Ctrl Pts',(64.5317613019892,-145.862115542234,9.51));
#6155=CARTESIAN_POINT('Ctrl Pts',(64.6247001987392,-146.001897519416,9.51));
#6156=CARTESIAN_POINT('Ctrl Pts',(64.7201786605839,-146.138494419328,9.51));
#6157=CARTESIAN_POINT('Ctrl Pts',(64.8186211746672,-146.273361167289,9.51));
#6158=CARTESIAN_POINT('Ctrl Pts',(64.9194353696938,-146.411477130278,9.51));
#6159=CARTESIAN_POINT('Ctrl Pts',(65.0233604166686,-146.547783271541,9.51));
#6160=CARTESIAN_POINT('Ctrl Pts',(65.1308366645963,-146.683865512369,9.51));
#6161=CARTESIAN_POINT('Ctrl Pts',(65.2163498794785,-146.792139015826,9.51));
#6162=CARTESIAN_POINT('Ctrl Pts',(65.3041113225393,-146.900272165676,9.51));
#6163=CARTESIAN_POINT('Ctrl Pts',(65.3943212772271,-147.00904305347,9.51));
#6164=CARTESIAN_POINT('Ctrl Pts',(65.4788112852372,-147.110917100662,9.51));
#6165=CARTESIAN_POINT('Ctrl Pts',(65.5654494469626,-147.213351445983,9.51));
#6166=CARTESIAN_POINT('Ctrl Pts',(65.6543759749309,-147.316950764313,9.51));
#6167=CARTESIAN_POINT('Ctrl Pts',(65.7429551336493,-147.420145397805,9.51));
#6168=CARTESIAN_POINT('Ctrl Pts',(65.8338050033297,-147.524496395791,9.51));
#6169=CARTESIAN_POINT('Ctrl Pts',(65.9270345365223,-147.630554148508,9.51));
#6170=CARTESIAN_POINT('Ctrl Pts',(66.0198998918509,-147.736197613129,9.51));
#6171=CARTESIAN_POINT('Ctrl Pts',(66.1151263330769,-147.843534575213,9.51));
#6172=CARTESIAN_POINT('Ctrl Pts',(66.2127915495286,-147.953059506372,9.51));
#6173=CARTESIAN_POINT('Ctrl Pts',(66.3100752612286,-148.062156605768,9.51));
#6174=CARTESIAN_POINT('Ctrl Pts',(66.4097787100285,-148.173424662919,9.51));
#6175=CARTESIAN_POINT('Ctrl Pts',(66.5119491999518,-148.287302430634,9.51));
#6176=CARTESIAN_POINT('Ctrl Pts',(66.6137205863988,-148.400735363319,9.51));
#6177=CARTESIAN_POINT('Ctrl Pts',(66.7179397558378,-148.516757704974,9.51));
#6178=CARTESIAN_POINT('Ctrl Pts',(66.8246244857757,-148.635752717806,9.51));
#6179=CARTESIAN_POINT('Ctrl Pts',(66.9308924784873,-148.754282906369,9.51));
#6180=CARTESIAN_POINT('Ctrl Pts',(67.0396067854945,-148.87576263262,9.51));
#6181=CARTESIAN_POINT('Ctrl Pts',(67.1507564978253,-149.000519923483,9.51));
#6182=CARTESIAN_POINT('Ctrl Pts',(67.2614720315924,-149.124789881178,9.51));
#6183=CARTESIAN_POINT('Ctrl Pts',(67.3746039599837,-149.252311890913,9.51));
#6184=CARTESIAN_POINT('Ctrl Pts',(67.4901135092077,-149.383359025524,9.51));
#6185=CARTESIAN_POINT('Ctrl Pts',(67.605171849255,-149.513894257265,9.51));
#6186=CARTESIAN_POINT('Ctrl Pts',(67.7225892503651,-149.647927169316,9.51));
#6187=CARTESIAN_POINT('Ctrl Pts',(67.8422998775722,-149.785676186317,9.51));
#6188=CARTESIAN_POINT('Ctrl Pts',(67.9615428851418,-149.922887121221,9.51));
#6189=CARTESIAN_POINT('Ctrl Pts',(68.0830612174481,-150.063785225731,9.51));
#6190=CARTESIAN_POINT('Ctrl Pts',(68.2067627643402,-150.208534605717,9.51));
#6191=CARTESIAN_POINT('Ctrl Pts',(68.3299811020648,-150.352718558438,9.51));
#6192=CARTESIAN_POINT('Ctrl Pts',(68.4553656111585,-150.500723795718,9.51));
#6193=CARTESIAN_POINT('Ctrl Pts',(68.5827986749693,-150.652660456502,9.51));
#6194=CARTESIAN_POINT('Ctrl Pts',(68.7097339533747,-150.804003614704,9.51));
#6195=CARTESIAN_POINT('Ctrl Pts',(68.8387017883579,-150.959247567021,9.51));
#6196=CARTESIAN_POINT('Ctrl Pts',(68.969559826091,-151.118448898768,9.51));
#6197=CARTESIAN_POINT('Ctrl Pts',(69.1006553575361,-151.277939164355,9.51));
#6198=CARTESIAN_POINT('Ctrl Pts',(69.2336478176705,-151.441400940129,9.51));
#6199=CARTESIAN_POINT('Ctrl Pts',(69.3683689646299,-151.60883999894,9.51));
#6200=CARTESIAN_POINT('Ctrl Pts',(69.5065342935628,-151.780559681849,9.51));
#6201=CARTESIAN_POINT('Ctrl Pts',(69.6465177531358,-151.956462499749,9.51));
#6202=CARTESIAN_POINT('Ctrl Pts',(69.7881130416613,-152.136503508126,9.51));
#6203=CARTESIAN_POINT('Ctrl Pts',(69.933850087132,-152.321810836482,9.51));
#6204=CARTESIAN_POINT('Ctrl Pts',(70.0812945476504,-152.511501862451,9.51));
#6205=CARTESIAN_POINT('Ctrl Pts',(70.2301967428313,-152.705475789491,9.51));
#6206=CARTESIAN_POINT('Ctrl Pts',(70.3841861637274,-152.906076812582,9.51));
#6207=CARTESIAN_POINT('Ctrl Pts',(70.5397345230691,-153.11125824229,9.51));
#6208=CARTESIAN_POINT('Ctrl Pts',(70.6965410378911,-153.320855994299,9.51));
#6209=CARTESIAN_POINT('Ctrl Pts',(70.8597827224488,-153.539055411308,9.51));
#6210=CARTESIAN_POINT('Ctrl Pts',(71.0243878182641,-153.76204089945,9.51));
#6211=CARTESIAN_POINT('Ctrl Pts',(71.1899925063263,-153.989573630069,9.51));
#6212=CARTESIAN_POINT('Ctrl Pts',(71.364096089636,-154.22878342651,9.51));
#6213=CARTESIAN_POINT('Ctrl Pts',(71.5393043258571,-154.473018960749,9.51));
#6214=CARTESIAN_POINT('Ctrl Pts',(71.7151702499847,-154.721947406149,9.51));
#6215=CARTESIAN_POINT('Ctrl Pts',(71.9030517679346,-154.987883257081,9.51));
#6216=CARTESIAN_POINT('Ctrl Pts',(72.0916836665849,-155.259174903068,9.51));
#6217=CARTESIAN_POINT('Ctrl Pts',(72.2804972149278,-155.535358640978,9.51));
#6218=CARTESIAN_POINT('Ctrl Pts',(72.4883371387847,-155.83937287916,9.51));
#6219=CARTESIAN_POINT('Ctrl Pts',(72.6963967372971,-156.14931437743,9.51));
#6220=CARTESIAN_POINT('Ctrl Pts',(72.9038947834858,-156.464501997105,9.51));
#6221=CARTESIAN_POINT('Ctrl Pts',(73.128816964298,-156.806156716677,9.51));
#6222=CARTESIAN_POINT('Ctrl Pts',(73.3530786306098,-157.153974912143,9.51));
#6223=CARTESIAN_POINT('Ctrl Pts',(73.5756696566723,-157.507030837571,9.51));
#6224=CARTESIAN_POINT('Ctrl Pts',(73.8049066252069,-157.870628020711,9.51));
#6225=CARTESIAN_POINT('Ctrl Pts',(74.0323712509865,-158.239780261756,9.51));
#6226=CARTESIAN_POINT('Ctrl Pts',(74.2569529442297,-158.613421645125,9.51));
#6227=CARTESIAN_POINT('Ctrl Pts',(74.4880676755733,-158.997932184204,9.51));
#6228=CARTESIAN_POINT('Ctrl Pts',(74.7161287430689,-159.387196668927,9.51));
#6229=CARTESIAN_POINT('Ctrl Pts',(74.9399260835041,-159.779998469843,9.51));
#6230=CARTESIAN_POINT('Ctrl Pts',(75.169231483595,-160.182467837622,9.51));
#6231=CARTESIAN_POINT('Ctrl Pts',(75.3940600188531,-160.588650507685,9.51));
#6232=CARTESIAN_POINT('Ctrl Pts',(75.6131199649684,-160.997184425452,9.51));
#6233=CARTESIAN_POINT('Ctrl Pts',(75.8352944297095,-161.411526737308,9.51));
#6234=CARTESIAN_POINT('Ctrl Pts',(76.0515343622014,-161.828287210881,9.51));
#6235=CARTESIAN_POINT('Ctrl Pts',(76.2605131009346,-162.245996095386,9.51));
#6236=CARTESIAN_POINT('Ctrl Pts',(76.4692381517046,-162.663197905743,9.51));
#6237=CARTESIAN_POINT('Ctrl Pts',(76.6707189254239,-163.08134527479,9.51));
#6238=CARTESIAN_POINT('Ctrl Pts',(76.8636651664817,-163.498932995232,9.51));
#6239=CARTESIAN_POINT('Ctrl Pts',(77.0509440800031,-163.904255089902,9.51));
#6240=CARTESIAN_POINT('Ctrl Pts',(77.2301815464198,-164.30904819178,9.51));
#6241=CARTESIAN_POINT('Ctrl Pts',(77.400237473049,-164.711910776856,9.51));
#6242=CARTESIAN_POINT('Ctrl Pts',(77.5433802711712,-165.051016145481,9.51));
#6243=CARTESIAN_POINT('Ctrl Pts',(77.6800176129978,-165.388751736721,9.51));
#6244=CARTESIAN_POINT('Ctrl Pts',(77.8095050958852,-165.724293464226,9.51));
#6245=CARTESIAN_POINT('Ctrl Pts',(77.9258521936215,-166.025784429175,9.51));
#6246=CARTESIAN_POINT('Ctrl Pts',(78.0364269015691,-166.325503470085,9.51));
#6247=CARTESIAN_POINT('Ctrl Pts',(78.1407939775669,-166.622879038616,9.51));
#6248=CARTESIAN_POINT('Ctrl Pts',(78.2380650132487,-166.900035692291,9.51));
#6249=CARTESIAN_POINT('Ctrl Pts',(78.3299437913124,-167.175156282391,9.51));
#6250=CARTESIAN_POINT('Ctrl Pts',(78.4161082628694,-167.447809909773,9.51));
#6251=CARTESIAN_POINT('Ctrl Pts',(78.4978946158057,-167.706609684151,9.51));
#6252=CARTESIAN_POINT('Ctrl Pts',(78.5745325518557,-167.963186524893,9.51));
#6253=CARTESIAN_POINT('Ctrl Pts',(78.6457758527773,-168.217206736036,9.51));
#6254=CARTESIAN_POINT('Ctrl Pts',(78.7141328953826,-168.460935903145,9.51));
#6255=CARTESIAN_POINT('Ctrl Pts',(78.777523496163,-168.702311166035,9.51));
#6256=CARTESIAN_POINT('Ctrl Pts',(78.8357586122162,-168.941074451008,9.51));
#6257=CARTESIAN_POINT('Ctrl Pts',(78.8920327700679,-169.171797830618,9.51));
#6258=CARTESIAN_POINT('Ctrl Pts',(78.9434927494139,-169.400081990994,9.51));
#6259=CARTESIAN_POINT('Ctrl Pts',(78.9899958812253,-169.625732056606,9.51));
#6260=CARTESIAN_POINT('Ctrl Pts',(79.0351648563934,-169.844908310189,9.51));
#6261=CARTESIAN_POINT('Ctrl Pts',(79.0756572771113,-170.061599285769,9.51));
#6262=CARTESIAN_POINT('Ctrl Pts',(79.1113699263593,-170.27566538352,9.51));
#6263=CARTESIAN_POINT('Ctrl Pts',(79.1467615649061,-170.487807302876,9.51));
#6264=CARTESIAN_POINT('Ctrl Pts',(79.1774588537911,-170.697371074008,9.51));
#6265=CARTESIAN_POINT('Ctrl Pts',(79.2033901470085,-170.904262889686,9.51));
#6266=CARTESIAN_POINT('Ctrl Pts',(79.2298599153008,-171.115450907833,9.51));
#6267=CARTESIAN_POINT('Ctrl Pts',(79.2513636649352,-171.32385495653,9.51));
#6268=CARTESIAN_POINT('Ctrl Pts',(79.2678569516866,-171.529421231275,9.51));
#6269=CARTESIAN_POINT('Ctrl Pts',(79.2847853185535,-171.740410184953,9.51));
#6270=CARTESIAN_POINT('Ctrl Pts',(79.2964353701297,-171.948409860955,9.51));
#6271=CARTESIAN_POINT('Ctrl Pts',(79.3027924988459,-172.153407520171,9.51));
#6272=CARTESIAN_POINT('Ctrl Pts',(79.3093392034299,-172.364518412405,9.51));
#6273=CARTESIAN_POINT('Ctrl Pts',(79.3102725669988,-172.57244579811,9.51));
#6274=CARTESIAN_POINT('Ctrl Pts',(79.305612086609,-172.777220170084,9.51));
#6275=CARTESIAN_POINT('Ctrl Pts',(79.3007927929443,-172.988972554173,9.51));
#6276=CARTESIAN_POINT('Ctrl Pts',(79.2899918777089,-173.19735365733,9.51));
#6277=CARTESIAN_POINT('Ctrl Pts',(79.2732688772449,-173.402440095014,9.51));
#6278=CARTESIAN_POINT('Ctrl Pts',(79.2558890768741,-173.615581352371,9.51));
#6279=CARTESIAN_POINT('Ctrl Pts',(79.2321128123415,-173.825164432,9.51));
#6280=CARTESIAN_POINT('Ctrl Pts',(79.2020481288329,-174.031315898687,9.51));
#6281=CARTESIAN_POINT('Ctrl Pts',(79.1706246444542,-174.24678456947,9.51));
#6282=CARTESIAN_POINT('Ctrl Pts',(79.1323313927492,-174.458504934039,9.51));
#6283=CARTESIAN_POINT('Ctrl Pts',(79.0873371023819,-174.666658199712,9.51));
#6284=CARTESIAN_POINT('Ctrl Pts',(79.0400899097656,-174.885233875797,9.51));
#6285=CARTESIAN_POINT('Ctrl Pts',(78.9854537360708,-175.099877034679,9.51));
#6286=CARTESIAN_POINT('Ctrl Pts',(78.923674297549,-175.310827323563,9.51));
#6287=CARTESIAN_POINT('Ctrl Pts',(78.8589941912467,-175.531682148986,9.51));
#6288=CARTESIAN_POINT('Ctrl Pts',(78.7864842762214,-175.7484902928,9.51));
#6289=CARTESIAN_POINT('Ctrl Pts',(78.7064812202413,-175.961544160901,9.51));
#6290=CARTESIAN_POINT('Ctrl Pts',(78.6238414659759,-176.181619745383,9.51));
#6291=CARTESIAN_POINT('Ctrl Pts',(78.5332067671857,-176.397690984886,9.51));
#6292=CARTESIAN_POINT('Ctrl Pts',(78.4350035635979,-176.610078042132,9.51));
#6293=CARTESIAN_POINT('Ctrl Pts',(78.3362229029419,-176.823713983353,9.51));
#6294=CARTESIAN_POINT('Ctrl Pts',(78.2297854297508,-177.033623745678,9.51));
#6295=CARTESIAN_POINT('Ctrl Pts',(78.1161703001116,-177.2401088106,9.51));
#6296=CARTESIAN_POINT('Ctrl Pts',(78.0077886267029,-177.437082549407,9.51));
#6297=CARTESIAN_POINT('Ctrl Pts',(77.8928763906094,-177.630940741931,9.51));
#6298=CARTESIAN_POINT('Ctrl Pts',(77.7718751476122,-177.821906272004,9.51));
#6299=CARTESIAN_POINT('Ctrl Pts',(77.6580338665568,-178.001571869169,9.51));
#6300=CARTESIAN_POINT('Ctrl Pts',(77.5388036268666,-178.178677466102,9.51));
#6301=CARTESIAN_POINT('Ctrl Pts',(77.4145625914109,-178.353364245487,9.51));
#6302=CARTESIAN_POINT('Ctrl Pts',(77.2968822496486,-178.518826484466,9.51));
#6303=CARTESIAN_POINT('Ctrl Pts',(77.1747068436463,-178.682118886311,9.51));
#6304=CARTESIAN_POINT('Ctrl Pts',(77.048358698352,-178.843315313661,9.51));
#6305=CARTESIAN_POINT('Ctrl Pts',(76.9276178772713,-178.997357851825,9.51));
#6306=CARTESIAN_POINT('Ctrl Pts',(76.8030668190706,-179.149486513446,9.51));
#6307=CARTESIAN_POINT('Ctrl Pts',(76.6749817761891,-179.299719233906,9.51));
#6308=CARTESIAN_POINT('Ctrl Pts',(76.5516922173166,-179.444327264766,9.51));
#6309=CARTESIAN_POINT('Ctrl Pts',(76.4251286017843,-179.587178810376,9.51));
#6310=CARTESIAN_POINT('Ctrl Pts',(76.2955282303376,-179.728243345763,9.51));
#6311=CARTESIAN_POINT('Ctrl Pts',(76.1700864269544,-179.864781455298,9.51));
#6312=CARTESIAN_POINT('Ctrl Pts',(76.0417998264439,-179.999645517302,9.51));
#6313=CARTESIAN_POINT('Ctrl Pts',(75.9108716617069,-180.132761470196,9.51));
#6314=CARTESIAN_POINT('Ctrl Pts',(75.7824779857773,-180.263300583391,9.51));
#6315=CARTESIAN_POINT('Ctrl Pts',(75.6515442146175,-180.392158788815,9.51));
#6316=CARTESIAN_POINT('Ctrl Pts',(75.5182474553588,-180.519218588155,9.51));
#6317=CARTESIAN_POINT('Ctrl Pts',(75.3820117489756,-180.649079821184,9.51));
#6318=CARTESIAN_POINT('Ctrl Pts',(75.2433077459502,-180.777062438821,9.51));
#6319=CARTESIAN_POINT('Ctrl Pts',(75.1023067316227,-180.902987944051,9.51));
#6320=CARTESIAN_POINT('Ctrl Pts',(74.9563099844302,-181.033375049703,9.51));
#6321=CARTESIAN_POINT('Ctrl Pts',(74.8078505400247,-181.161556506095,9.51));
#6322=CARTESIAN_POINT('Ctrl Pts',(74.6570999004855,-181.287280104901,9.51));
#6323=CARTESIAN_POINT('Ctrl Pts',(74.4998833811086,-181.41839614307,9.51));
#6324=CARTESIAN_POINT('Ctrl Pts',(74.3401748688998,-181.546838732771,9.51));
#6325=CARTESIAN_POINT('Ctrl Pts',(74.1781494944829,-181.672267141807,9.51));
#6326=CARTESIAN_POINT('Ctrl Pts',(74.0073297418939,-181.804503526857,9.51));
#6327=CARTESIAN_POINT('Ctrl Pts',(73.8339347497311,-181.933389348857,9.51));
#6328=CARTESIAN_POINT('Ctrl Pts',(73.6581492066779,-182.058469786288,9.51));
#6329=CARTESIAN_POINT('Ctrl Pts',(73.4694006422024,-182.192774078888,9.51));
#6330=CARTESIAN_POINT('Ctrl Pts',(73.2778959039333,-182.322690627068,9.51));
#6331=CARTESIAN_POINT('Ctrl Pts',(73.0838411747409,-182.447599410168,9.51));
#6332=CARTESIAN_POINT('Ctrl Pts',(72.8675970575576,-182.586791016796,9.51));
#6333=CARTESIAN_POINT('Ctrl Pts',(72.6481864010146,-182.719763417915,9.51));
#6334=CARTESIAN_POINT('Ctrl Pts',(72.4258680403371,-182.845598874668,9.51));
#6335=CARTESIAN_POINT('Ctrl Pts',(72.1279380349291,-183.014231632649,9.51));
#6336=CARTESIAN_POINT('Ctrl Pts',(71.8247866689726,-183.170044966207,9.51));
#6337=CARTESIAN_POINT('Ctrl Pts',(71.5169846535778,-183.310745482363,9.51));
#6338=CARTESIAN_POINT('Ctrl Pts',(71.2626113030764,-183.427023024165,9.51));
#6339=CARTESIAN_POINT('Ctrl Pts',(71.0050599668324,-183.532974766359,9.51));
#6340=CARTESIAN_POINT('Ctrl Pts',(70.74463872175,-183.627315858409,9.51));
#6341=CARTESIAN_POINT('Ctrl Pts',(70.5095219149728,-183.712490077984,9.51));
#6342=CARTESIAN_POINT('Ctrl Pts',(70.2720657313693,-183.788199148461,9.51));
#6343=CARTESIAN_POINT('Ctrl Pts',(70.0324936834581,-183.853537265031,9.51));
#6344=CARTESIAN_POINT('Ctrl Pts',(69.8148418050768,-183.912897127442,9.51));
#6345=CARTESIAN_POINT('Ctrl Pts',(69.5954435071614,-183.963696617077,9.51));
#6346=CARTESIAN_POINT('Ctrl Pts',(69.3744642709648,-184.005301170481,9.51));
#6347=CARTESIAN_POINT('Ctrl Pts',(69.1671032011379,-184.044341782857,9.51));
#6348=CARTESIAN_POINT('Ctrl Pts',(68.9583500279179,-184.075285537411,9.51));
#6349=CARTESIAN_POINT('Ctrl Pts',(68.74833984102,-184.097654448888,9.51));
#6350=CARTESIAN_POINT('Ctrl Pts',(68.5481375991602,-184.118978682211,9.51));
#6351=CARTESIAN_POINT('Ctrl Pts',(68.3467930028406,-184.132510062262,9.51));
#6352=CARTESIAN_POINT('Ctrl Pts',(68.1444217176082,-184.137881849259,9.51));
#6353=CARTESIAN_POINT('Ctrl Pts',(67.9496735532911,-184.143051286492,9.51));
#6354=CARTESIAN_POINT('Ctrl Pts',(67.7539745852796,-184.140664086447,9.51));
#6355=CARTESIAN_POINT('Ctrl Pts',(67.5574267106259,-184.130441454297,9.51));
#6356=CARTESIAN_POINT('Ctrl Pts',(67.3670883083818,-184.120541782404,9.51));
#6357=CARTESIAN_POINT('Ctrl Pts',(67.175953785875,-184.10329377881,9.51));
#6358=CARTESIAN_POINT('Ctrl Pts',(66.9841146327443,-184.078492789134,9.51));
#6359=CARTESIAN_POINT('Ctrl Pts',(66.7974970010603,-184.054366838402,9.51));
#6360=CARTESIAN_POINT('Ctrl Pts',(66.6102125706989,-184.023093322181,9.51));
#6361=CARTESIAN_POINT('Ctrl Pts',(66.4223446104752,-183.984532772253,9.51));
#6362=CARTESIAN_POINT('Ctrl Pts',(66.2386127494566,-183.946821171021,9.51));
#6363=CARTESIAN_POINT('Ctrl Pts',(66.0543227671284,-183.902139724354,9.51));
#6364=CARTESIAN_POINT('Ctrl Pts',(65.8695516736952,-183.850407542371,9.51));
#6365=CARTESIAN_POINT('Ctrl Pts',(65.6846684997878,-183.798643980115,9.51));
#6366=CARTESIAN_POINT('Ctrl Pts',(65.499303621028,-183.739821065586,9.51));
#6367=CARTESIAN_POINT('Ctrl Pts',(65.3135333582614,-183.673910404837,9.51));
#6368=CARTESIAN_POINT('Ctrl Pts',(65.1261995109795,-183.607444989591,9.51));
#6369=CARTESIAN_POINT('Ctrl Pts',(64.9384534103963,-183.533772058528,9.51));
#6370=CARTESIAN_POINT('Ctrl Pts',(64.7503726978477,-183.452915681287,9.51));
#6371=CARTESIAN_POINT('Ctrl Pts',(64.5606408135302,-183.371349461098,9.51));
#6372=CARTESIAN_POINT('Ctrl Pts',(64.3705683986745,-183.282473159594,9.51));
#6373=CARTESIAN_POINT('Ctrl Pts',(64.180234785062,-183.186364702494,9.51));
#6374=CARTESIAN_POINT('Ctrl Pts',(63.9881551650433,-183.089374604056,9.51));
#6375=CARTESIAN_POINT('Ctrl Pts',(63.7958095132747,-182.98501910303,9.51));
#6376=CARTESIAN_POINT('Ctrl Pts',(63.603279263764,-182.873431536912,9.51));
#6377=CARTESIAN_POINT('Ctrl Pts',(63.4088999226516,-182.760772265793,9.51));
#6378=CARTESIAN_POINT('Ctrl Pts',(63.2143324007272,-182.640741397607,9.51));
#6379=CARTESIAN_POINT('Ctrl Pts',(63.0196606947869,-182.513529428002,9.51));
#6380=CARTESIAN_POINT('Ctrl Pts',(62.8230273719855,-182.385035602138,9.51));
#6381=CARTESIAN_POINT('Ctrl Pts',(62.6262877331718,-182.249215278075,9.51));
#6382=CARTESIAN_POINT('Ctrl Pts',(62.4295288557779,-182.106318080253,9.51));
#6383=CARTESIAN_POINT('Ctrl Pts',(62.2306849753525,-181.961906637713,9.51));
#6384=CARTESIAN_POINT('Ctrl Pts',(62.0318214228883,-181.810267599786,9.51));
#6385=CARTESIAN_POINT('Ctrl Pts',(61.8330289420791,-181.651711956077,9.51));
#6386=CARTESIAN_POINT('Ctrl Pts',(61.6320155005793,-181.491384887963,9.51));
#6387=CARTESIAN_POINT('Ctrl Pts',(61.4310747020649,-181.323985862552,9.51));
#6388=CARTESIAN_POINT('Ctrl Pts',(61.2303016229702,-181.149889788336,9.51));
#6389=CARTESIAN_POINT('Ctrl Pts',(61.0271569771304,-180.973737260825,9.51));
#6390=CARTESIAN_POINT('Ctrl Pts',(60.8241840084187,-180.790728600452,9.51));
#6391=CARTESIAN_POINT('Ctrl Pts',(60.6214828898025,-180.601305570636,9.51));
#6392=CARTESIAN_POINT('Ctrl Pts',(60.4126232353658,-180.406127424507,9.51));
#6393=CARTESIAN_POINT('Ctrl Pts',(60.2040521778478,-180.20413925503,9.51));
#6394=CARTESIAN_POINT('Ctrl Pts',(59.9958815467729,-179.995880676744,9.51));
#6395=CARTESIAN_POINT('Ctrl Pts',(59.7697816243074,-179.769685232362,9.51));
#6396=CARTESIAN_POINT('Ctrl Pts',(59.5441541438858,-179.53609325677,9.51));
#6397=CARTESIAN_POINT('Ctrl Pts',(59.3191446386164,-179.295857902194,9.51));
#6398=CARTESIAN_POINT('Ctrl Pts',(59.0548540510146,-179.013683409399,9.51));
#6399=CARTESIAN_POINT('Ctrl Pts',(58.7914162141506,-178.722344404506,9.51));
#6400=CARTESIAN_POINT('Ctrl Pts',(58.5290680065192,-178.423133827422,9.51));
#6401=CARTESIAN_POINT('Ctrl Pts',(58.1906315903176,-178.037143938976,9.51));
#6402=CARTESIAN_POINT('Ctrl Pts',(57.8540093999031,-177.638060442169,9.51));
#6403=CARTESIAN_POINT('Ctrl Pts',(57.5197029861644,-177.228722240929,9.51));
#6404=CARTESIAN_POINT('Ctrl Pts',(57.2763031603408,-176.930693717424,9.51));
#6405=CARTESIAN_POINT('Ctrl Pts',(57.0341308152733,-176.627231661509,9.51));
#6406=CARTESIAN_POINT('Ctrl Pts',(56.7933730350836,-176.319404329524,9.51));
#6407=CARTESIAN_POINT('Ctrl Pts',(56.5790393230111,-176.04536220017,9.51));
#6408=CARTESIAN_POINT('Ctrl Pts',(56.3658267160567,-175.767861205087,9.51));
#6409=CARTESIAN_POINT('Ctrl Pts',(56.1538615629346,-175.48761312229,9.51));
#6410=CARTESIAN_POINT('Ctrl Pts',(55.9588172280008,-175.229736767991,9.51));
#6411=CARTESIAN_POINT('Ctrl Pts',(55.7648291353045,-174.969534787588,9.51));
#6412=CARTESIAN_POINT('Ctrl Pts',(55.5719905656848,-174.707516572631,9.51));
#6413=CARTESIAN_POINT('Ctrl Pts',(55.3897006217293,-174.459831237617,9.51));
#6414=CARTESIAN_POINT('Ctrl Pts',(55.2084378873898,-174.210523229814,9.51));
#6415=CARTESIAN_POINT('Ctrl Pts',(55.0282762419661,-173.959975982633,9.51));
#6416=CARTESIAN_POINT('Ctrl Pts',(54.8479942995646,-173.709261440818,9.51));
#6417=CARTESIAN_POINT('Ctrl Pts',(54.6688149238778,-173.457306089647,9.51));
#6418=CARTESIAN_POINT('Ctrl Pts',(54.4908067839303,-173.204440962784,9.51));
#6419=CARTESIAN_POINT('Ctrl Pts',(54.308458413911,-172.945410427823,9.51));
#6420=CARTESIAN_POINT('Ctrl Pts',(54.1273390868756,-172.685425079691,9.51));
#6421=CARTESIAN_POINT('Ctrl Pts',(53.9475170379713,-172.424786313886,9.51));
#6422=CARTESIAN_POINT('Ctrl Pts',(53.7627098790672,-172.156921999681,9.51));
#6423=CARTESIAN_POINT('Ctrl Pts',(53.579272919316,-171.888367385763,9.51));
#6424=CARTESIAN_POINT('Ctrl Pts',(53.3972744541574,-171.619394953061,9.51));
#6425=CARTESIAN_POINT('Ctrl Pts',(53.2094309945199,-171.341784302543,9.51));
#6426=CARTESIAN_POINT('Ctrl Pts',(53.0231199064532,-171.063728388345,9.51));
#6427=CARTESIAN_POINT('Ctrl Pts',(52.8384102555863,-170.78547181399,9.51));
#6428=CARTESIAN_POINT('Ctrl Pts',(52.646653996016,-170.496599848456,9.51));
#6429=CARTESIAN_POINT('Ctrl Pts',(52.4566236909255,-170.207511407257,9.51));
#6430=CARTESIAN_POINT('Ctrl Pts',(52.2683902545339,-169.918424788831,9.51));
#6431=CARTESIAN_POINT('Ctrl Pts',(52.0655633701259,-169.606925730729,9.51));
#6432=CARTESIAN_POINT('Ctrl Pts',(51.8648228061175,-169.295428769967,9.51));
#6433=CARTESIAN_POINT('Ctrl Pts',(51.6662497145363,-168.984145220715,9.51));
#6434=CARTESIAN_POINT('Ctrl Pts',(51.4534125672108,-168.650501311035,9.51));
#6435=CARTESIAN_POINT('Ctrl Pts',(51.2430654855662,-168.317102222496,9.51));
#6436=CARTESIAN_POINT('Ctrl Pts',(51.035299585914,-167.984142622008,9.51));
#6437=CARTESIAN_POINT('Ctrl Pts',(50.8067022603219,-167.61779918293,9.51));
#6438=CARTESIAN_POINT('Ctrl Pts',(50.5812297042017,-167.251987151407,9.51));
#6439=CARTESIAN_POINT('Ctrl Pts',(50.3589924152911,-166.886896402502,9.51));
#6440=CARTESIAN_POINT('Ctrl Pts',(50.1292409074695,-166.509461317401,9.51));
#6441=CARTESIAN_POINT('Ctrl Pts',(49.9029471175396,-166.132796223642,9.51));
#6442=CARTESIAN_POINT('Ctrl Pts',(49.680222396671,-165.757056990751,9.51));
#6443=CARTESIAN_POINT('Ctrl Pts',(49.46201527921,-165.388939008128,9.51));
#6444=CARTESIAN_POINT('Ctrl Pts',(49.2472339039937,-165.021709821178,9.51));
#6445=CARTESIAN_POINT('Ctrl Pts',(49.0359729757918,-164.655467698946,9.51));
#6446=CARTESIAN_POINT('Ctrl Pts',(48.8286104770834,-164.295983897352,9.51));
#6447=CARTESIAN_POINT('Ctrl Pts',(48.6246396898162,-163.937451169629,9.51));
#6448=CARTESIAN_POINT('Ctrl Pts',(48.4241405551971,-163.579913832268,9.51));
#6449=CARTESIAN_POINT('Ctrl Pts',(48.2270282872853,-163.228416078602,9.51));
#6450=CARTESIAN_POINT('Ctrl Pts',(48.0332713690856,-162.877880463701,9.51));
#6451=CARTESIAN_POINT('Ctrl Pts',(47.8429364738303,-162.528300226655,9.51));
#6452=CARTESIAN_POINT('Ctrl Pts',(47.6555659402591,-162.184164510221,9.51));
#6453=CARTESIAN_POINT('Ctrl Pts',(47.4715116626762,-161.840954729891,9.51));
#6454=CARTESIAN_POINT('Ctrl Pts',(47.290828248655,-161.498615346295,9.51));
#6455=CARTESIAN_POINT('Ctrl Pts',(47.1127552219854,-161.161221842217,9.51));
#6456=CARTESIAN_POINT('Ctrl Pts',(46.9379563589493,-160.824673845875,9.51));
#6457=CARTESIAN_POINT('Ctrl Pts',(46.7664751850587,-160.488868910172,9.51));
#6458=CARTESIAN_POINT('Ctrl Pts',(46.5958400209883,-160.154720682706,9.51));
#6459=CARTESIAN_POINT('Ctrl Pts',(46.428489900483,-159.821308350656,9.51));
#6460=CARTESIAN_POINT('Ctrl Pts',(46.2644589168537,-159.488480011372,9.51));
#6461=CARTESIAN_POINT('Ctrl Pts',(46.0948392869723,-159.144311986074,9.51));
#6462=CARTESIAN_POINT('Ctrl Pts',(45.9287688493689,-158.800768339949,9.51));
#6463=CARTESIAN_POINT('Ctrl Pts',(45.766275384658,-158.457624116915,9.51));
#6464=CARTESIAN_POINT('Ctrl Pts',(45.5953024753411,-158.096573497238,9.51));
#6465=CARTESIAN_POINT('Ctrl Pts',(45.4282896433862,-157.735964781645,9.51));
#6466=CARTESIAN_POINT('Ctrl Pts',(45.26525783108,-157.375477324722,9.51));
#6467=CARTESIAN_POINT('Ctrl Pts',(45.0908777891712,-156.98989725322,9.51));
#6468=CARTESIAN_POINT('Ctrl Pts',(44.9210523593735,-156.604455497743,9.51));
#6469=CARTESIAN_POINT('Ctrl Pts',(44.7557933070082,-156.218699610484,9.51));
#6470=CARTESIAN_POINT('Ctrl Pts',(44.5734525193371,-155.793070688348,9.51));
#6471=CARTESIAN_POINT('Ctrl Pts',(44.3966710809695,-155.36705865366,9.51));
#6472=CARTESIAN_POINT('Ctrl Pts',(44.2254460701555,-154.939993191863,9.51));
#6473=CARTESIAN_POINT('Ctrl Pts',(44.0195486070085,-154.42644850138,9.51));
#6474=CARTESIAN_POINT('Ctrl Pts',(43.8216864613986,-153.911378781308,9.51));
#6475=CARTESIAN_POINT('Ctrl Pts',(43.6318203627735,-153.393549718593,9.51));
#6476=CARTESIAN_POINT('Ctrl Pts',(43.4340931968435,-152.854280866764,9.51));
#6477=CARTESIAN_POINT('Ctrl Pts',(43.2450378436468,-152.312014351512,9.51));
#6478=CARTESIAN_POINT('Ctrl Pts',(43.0645716873561,-151.765348319258,9.51));
#6479=CARTESIAN_POINT('Ctrl Pts',(42.8941788497745,-151.249196269701,9.51));
#6480=CARTESIAN_POINT('Ctrl Pts',(42.7314426717244,-150.729121381837,9.51));
#6481=CARTESIAN_POINT('Ctrl Pts',(42.5762646760867,-150.203975992542,9.51));
#6482=CARTESIAN_POINT('Ctrl Pts',(42.4238320020695,-149.688121179435,9.51));
#6483=CARTESIAN_POINT('Ctrl Pts',(42.2786922520936,-149.167372991913,9.51));
#6484=CARTESIAN_POINT('Ctrl Pts',(42.140727515063,-148.640685935128,9.51));
#6485=CARTESIAN_POINT('Ctrl Pts',(42.0049184770485,-148.122228363606,9.51));
#6486=CARTESIAN_POINT('Ctrl Pts',(41.8760618173743,-147.598015440374,9.51));
#6487=CARTESIAN_POINT('Ctrl Pts',(41.7540236817463,-147.067100985105,9.51));
#6488=CARTESIAN_POINT('Ctrl Pts',(41.6405941287871,-146.573637290247,9.51));
#6489=CARTESIAN_POINT('Ctrl Pts',(41.5330547933915,-146.074384200392,9.51));
#6490=CARTESIAN_POINT('Ctrl Pts',(41.4312829960356,-145.568629674408,9.51));
#6491=CARTESIAN_POINT('Ctrl Pts',(41.337176848131,-145.100969561664,9.51));
#6492=CARTESIAN_POINT('Ctrl Pts',(41.2480019221652,-144.627750249937,9.51));
#6493=CARTESIAN_POINT('Ctrl Pts',(41.1636509233842,-144.148451359449,9.51));
#6494=CARTESIAN_POINT('Ctrl Pts',(41.0877857505807,-143.717370593638,9.51));
#6495=CARTESIAN_POINT('Ctrl Pts',(41.0158225926002,-143.281371451859,9.51));
#6496=CARTESIAN_POINT('Ctrl Pts',(40.9476769819015,-142.840118598566,9.51));
#6497=CARTESIAN_POINT('Ctrl Pts',(40.8840295815924,-142.427992319218,9.51));
#6498=CARTESIAN_POINT('Ctrl Pts',(40.8237123077335,-142.011282682507,9.51));
#6499=CARTESIAN_POINT('Ctrl Pts',(40.7666518321821,-141.589762014039,9.51));
#6500=CARTESIAN_POINT('Ctrl Pts',(40.712401019416,-141.188997059994,9.51));
#6501=CARTESIAN_POINT('Ctrl Pts',(40.6610941279879,-140.783882944752,9.51));
#6502=CARTESIAN_POINT('Ctrl Pts',(40.6126646920811,-140.374270831593,9.51));
#6503=CARTESIAN_POINT('Ctrl Pts',(40.5661400451708,-139.980769264249,9.51));
#6504=CARTESIAN_POINT('Ctrl Pts',(40.5222709276401,-139.583116358057,9.51));
#6505=CARTESIAN_POINT('Ctrl Pts',(40.4809956573626,-139.181227836478,9.51));
#6506=CARTESIAN_POINT('Ctrl Pts',(40.441072910142,-138.79250854403,9.51));
#6507=CARTESIAN_POINT('Ctrl Pts',(40.403576781165,-138.399826503714,9.51));
#6508=CARTESIAN_POINT('Ctrl Pts',(40.3684491905067,-138.003153737588,9.51));
#6509=CARTESIAN_POINT('Ctrl Pts',(40.3342252175464,-137.616684931513,9.51));
#6510=CARTESIAN_POINT('Ctrl Pts',(40.3022494778854,-137.226427902376,9.51));
#6511=CARTESIAN_POINT('Ctrl Pts',(40.2724663455645,-136.832405932751,9.51));
#6512=CARTESIAN_POINT('Ctrl Pts',(40.2424988662681,-136.435945107549,9.51));
#6513=CARTESIAN_POINT('Ctrl Pts',(40.2147512036171,-136.035672527022,9.51));
#6514=CARTESIAN_POINT('Ctrl Pts',(40.1891649361792,-135.631665451781,9.51));
#6515=CARTESIAN_POINT('Ctrl Pts',(40.1630899419763,-135.219941382595,9.51));
#6516=CARTESIAN_POINT('Ctrl Pts',(40.1392596766533,-134.804338891921,9.51));
#6517=CARTESIAN_POINT('Ctrl Pts',(40.1176108347267,-134.38499423719,9.51));
#6518=CARTESIAN_POINT('Ctrl Pts',(40.0955055244515,-133.956807651666,9.51));
#6519=CARTESIAN_POINT('Ctrl Pts',(40.0756745694242,-133.524719543581,9.51));
#6520=CARTESIAN_POINT('Ctrl Pts',(40.0580494700401,-133.088929621671,9.51));
#6521=CARTESIAN_POINT('Ctrl Pts',(40.0400097635644,-132.642888319718,9.51));
#6522=CARTESIAN_POINT('Ctrl Pts',(40.02428087872,-132.192969122034,9.51));
#6523=CARTESIAN_POINT('Ctrl Pts',(40.0107887091351,-131.739441009394,9.51));
#6524=CARTESIAN_POINT('Ctrl Pts',(39.9969377647786,-131.273852979777,9.51));
#6525=CARTESIAN_POINT('Ctrl Pts',(39.9854440303729,-130.804461696565,9.51));
#6526=CARTESIAN_POINT('Ctrl Pts',(39.9762272270575,-130.331613252532,9.51));
#6527=CARTESIAN_POINT('Ctrl Pts',(39.9667287227421,-129.844312739271,9.51));
#6528=CARTESIAN_POINT('Ctrl Pts',(39.9596484087311,-129.353340676078,9.51));
#6529=CARTESIAN_POINT('Ctrl Pts',(39.9548990287212,-128.859131235398,9.51));
#6530=CARTESIAN_POINT('Ctrl Pts',(39.9499789455621,-128.347158821942,9.51));
#6531=CARTESIAN_POINT('Ctrl Pts',(39.9475602991355,-127.831712333359,9.51));
#6532=CARTESIAN_POINT('Ctrl Pts',(39.9475476435022,-127.313330194298,9.51));
#6533=CARTESIAN_POINT('Ctrl Pts',(39.9475340350168,-126.755918677103,9.51));
#6534=CARTESIAN_POINT('Ctrl Pts',(39.9503022542009,-126.195113196007,9.51));
#6535=CARTESIAN_POINT('Ctrl Pts',(39.9557367931639,-125.631643792099,9.51));
#6536=CARTESIAN_POINT('Ctrl Pts',(39.9623158237672,-124.949510040267,9.51));
#6537=CARTESIAN_POINT('Ctrl Pts',(39.9728021186839,-124.263473248987,9.51));
#6538=CARTESIAN_POINT('Ctrl Pts',(39.9869989219137,-123.574904983179,9.51));
#6539=CARTESIAN_POINT('Ctrl Pts',(40.0028559070252,-122.805815170319,9.51));
#6540=CARTESIAN_POINT('Ctrl Pts',(40.0233414766046,-122.033573025312,9.51));
#6541=CARTESIAN_POINT('Ctrl Pts',(40.0481976245044,-121.260119763868,9.51));
#6542=CARTESIAN_POINT('Ctrl Pts',(40.0669729955654,-120.675883137963,9.51));
#6543=CARTESIAN_POINT('Ctrl Pts',(40.0882424121125,-120.090956963649,9.51));
#6544=CARTESIAN_POINT('Ctrl Pts',(40.1119023285207,-119.506151970369,9.51));
#6545=CARTESIAN_POINT('Ctrl Pts',(40.1344162255623,-118.949673275305,9.51));
#6546=CARTESIAN_POINT('Ctrl Pts',(40.1590946576917,-118.393305477906,9.51));
#6547=CARTESIAN_POINT('Ctrl Pts',(40.1858547383975,-117.837703321361,9.51));
#6548=CARTESIAN_POINT('Ctrl Pts',(40.2104131156688,-117.327813701699,9.51));
#6549=CARTESIAN_POINT('Ctrl Pts',(40.2367247380623,-116.81856924262,9.51));
#6550=CARTESIAN_POINT('Ctrl Pts',(40.2647306106789,-116.310428700614,9.51));
#6551=CARTESIAN_POINT('Ctrl Pts',(40.2943328465716,-115.773323629936,9.51));
#6552=CARTESIAN_POINT('Ctrl Pts',(40.3258279507921,-115.237452157185,9.51));
#6553=CARTESIAN_POINT('Ctrl Pts',(40.3591523099562,-114.703293720147,9.51));
#6554=CARTESIAN_POINT('Ctrl Pts',(40.392899768504,-114.162353394087,9.51));
#6555=CARTESIAN_POINT('Ctrl Pts',(40.4285232436733,-113.623169457538,9.51));
#6556=CARTESIAN_POINT('Ctrl Pts',(40.4659627590296,-113.086180327736,9.51));
#6557=CARTESIAN_POINT('Ctrl Pts',(40.5050400637512,-112.525700640491,9.51));
#6558=CARTESIAN_POINT('Ctrl Pts',(40.5460957580696,-111.967611755016,9.51));
#6559=CARTESIAN_POINT('Ctrl Pts',(40.5890682358298,-111.412352368295,9.51));
#6560=CARTESIAN_POINT('Ctrl Pts',(40.6344326229396,-110.826186452844,9.51));
#6561=CARTESIAN_POINT('Ctrl Pts',(40.6819330935649,-110.243173496087,9.51));
#6562=CARTESIAN_POINT('Ctrl Pts',(40.7315046298197,-109.663768274953,9.51));
#6563=CARTESIAN_POINT('Ctrl Pts',(40.7848608876533,-109.040126227425,9.51));
#6564=CARTESIAN_POINT('Ctrl Pts',(40.8406164875363,-108.420663422265,9.51));
#6565=CARTESIAN_POINT('Ctrl Pts',(40.898699312081,-107.805883065941,9.51));
#6566=CARTESIAN_POINT('Ctrl Pts',(40.9611186623789,-107.145202551204,9.51));
#6567=CARTESIAN_POINT('Ctrl Pts',(41.0262256808547,-106.489928895758,9.51));
#6568=CARTESIAN_POINT('Ctrl Pts',(41.0939414627145,-105.840626227947,9.51));
#6569=CARTESIAN_POINT('Ctrl Pts',(41.1605385498632,-105.202050327819,9.51));
#6570=CARTESIAN_POINT('Ctrl Pts',(41.2296589618605,-104.569249845523,9.51));
#6571=CARTESIAN_POINT('Ctrl Pts',(41.3012371894654,-103.942713023879,9.51));
#6572=CARTESIAN_POINT('Ctrl Pts',(41.3711514661705,-103.330741057262,9.51));
#6573=CARTESIAN_POINT('Ctrl Pts',(41.4434106605292,-102.724745053024,9.51));
#6574=CARTESIAN_POINT('Ctrl Pts',(41.5179622552949,-102.125131338166,9.51));
#6575=CARTESIAN_POINT('Ctrl Pts',(41.5909580741291,-101.538030629753,9.51));
#6576=CARTESIAN_POINT('Ctrl Pts',(41.6661516518045,-100.957048732579,9.51));
#6577=CARTESIAN_POINT('Ctrl Pts',(41.7435013619032,-100.382517993915,9.51));
#6578=CARTESIAN_POINT('Ctrl Pts',(41.8193872461714,-99.8188601199932,9.51));
#6579=CARTESIAN_POINT('Ctrl Pts',(41.8973484583422,-99.2614116488536,9.51));
#6580=CARTESIAN_POINT('Ctrl Pts',(41.9773526472064,-98.7104370071322,9.51));
#6581=CARTESIAN_POINT('Ctrl Pts',(42.0562862892193,-98.1668350314707,9.51));
#6582=CARTESIAN_POINT('Ctrl Pts',(42.1372086225013,-97.6295349211536,9.51));
#6583=CARTESIAN_POINT('Ctrl Pts',(42.2200950168381,-97.0987402462105,9.51));
#6584=CARTESIAN_POINT('Ctrl Pts',(42.3045032389899,-96.5581999657692,9.51));
#6585=CARTESIAN_POINT('Ctrl Pts',(42.3909483142805,-96.0244061389364,9.51));
#6586=CARTESIAN_POINT('Ctrl Pts',(42.4794108014502,-95.4975192750206,9.51));
#6587=CARTESIAN_POINT('Ctrl Pts',(42.5704667757059,-94.9551854762394,9.51));
#6588=CARTESIAN_POINT('Ctrl Pts',(42.6636601922536,-94.4201694013833,9.51));
#6589=CARTESIAN_POINT('Ctrl Pts',(42.758976635964,-93.8925910026661,9.51));
#6590=CARTESIAN_POINT('Ctrl Pts',(42.8575597224309,-93.3469316717657,9.51));
#6591=CARTESIAN_POINT('Ctrl Pts',(42.9584138544089,-92.8092283607392,9.51));
#6592=CARTESIAN_POINT('Ctrl Pts',(43.0615301557874,-92.279558392096,9.51));
#6593=CARTESIAN_POINT('Ctrl Pts',(43.1688971926868,-91.7280539809844,9.51));
#6594=CARTESIAN_POINT('Ctrl Pts',(43.2787167539141,-91.1852586389309,9.51));
#6595=CARTESIAN_POINT('Ctrl Pts',(43.3909862867067,-90.6512038574372,9.51));
#6596=CARTESIAN_POINT('Ctrl Pts',(43.5131951955051,-90.0698684723015,9.51));
#6597=CARTESIAN_POINT('Ctrl Pts',(43.6383070319271,-89.498889777105,9.51));
#6598=CARTESIAN_POINT('Ctrl Pts',(43.7663275783469,-88.938244895036,9.51));
#6599=CARTESIAN_POINT('Ctrl Pts',(43.8951532499804,-88.3740740997982,9.51));
#6600=CARTESIAN_POINT('Ctrl Pts',(44.0269243923683,-87.8203671091863,9.51));
#6601=CARTESIAN_POINT('Ctrl Pts',(44.1616553637927,-87.2770446177105,9.51));
#6602=CARTESIAN_POINT('Ctrl Pts',(44.2990782752193,-86.7228664815866,9.51));
#6603=CARTESIAN_POINT('Ctrl Pts',(44.4395805123844,-86.1794918508639,9.51));
#6604=CARTESIAN_POINT('Ctrl Pts',(44.5831853869673,-85.6467814811611,9.51));
#6605=CARTESIAN_POINT('Ctrl Pts',(44.7299725324595,-85.1022662983038,9.51));
#6606=CARTESIAN_POINT('Ctrl Pts',(44.8800013929148,-84.5688931329989,9.51));
#6607=CARTESIAN_POINT('Ctrl Pts',(45.0333045676929,-84.0464579790978,9.51));
#6608=CARTESIAN_POINT('Ctrl Pts',(45.1906691299676,-83.5101822011853,9.51));
#6609=CARTESIAN_POINT('Ctrl Pts',(45.3514838462042,-82.9854315424412,9.51));
#6610=CARTESIAN_POINT('Ctrl Pts',(45.5157912610372,-82.4719294947101,9.51));
#6611=CARTESIAN_POINT('Ctrl Pts',(45.6890385473314,-81.9304880973978,9.51));
#6612=CARTESIAN_POINT('Ctrl Pts',(45.8661689947958,-81.4015525105464,9.51));
#6613=CARTESIAN_POINT('Ctrl Pts',(46.0472397458508,-80.8847382839743,9.51));
#6614=CARTESIAN_POINT('Ctrl Pts',(46.2454882178818,-80.318895208023,9.51));
#6615=CARTESIAN_POINT('Ctrl Pts',(46.4484601507667,-79.7675818713513,9.51));
#6616=CARTESIAN_POINT('Ctrl Pts',(46.6562380120676,-79.2302289851869,9.51));
#6617=CARTESIAN_POINT('Ctrl Pts',(46.9076112075709,-78.5801303112359,9.51));
#6618=CARTESIAN_POINT('Ctrl Pts',(47.1660188125473,-77.9504639175806,9.51));
#6619=CARTESIAN_POINT('Ctrl Pts',(47.431615533753,-77.34014120309,9.51));
#6620=CARTESIAN_POINT('Ctrl Pts',(47.7401526931436,-76.6311443608638,9.51));
#6621=CARTESIAN_POINT('Ctrl Pts',(48.0583923882708,-75.9482452614424,9.51));
#6622=CARTESIAN_POINT('Ctrl Pts',(48.3865790658147,-75.2896986466589,9.51));
#6623=CARTESIAN_POINT('Ctrl Pts',(48.6390547501674,-74.783075378189,9.51));
#6624=CARTESIAN_POINT('Ctrl Pts',(48.8974175351367,-74.2908631154526,9.51));
#6625=CARTESIAN_POINT('Ctrl Pts',(49.1617736168656,-73.812292450879,9.51));
#6626=CARTESIAN_POINT('Ctrl Pts',(49.4059680073407,-73.3702210183983,9.51));
#6627=CARTESIAN_POINT('Ctrl Pts',(49.6552764924948,-72.9397888726647,9.51));
#6628=CARTESIAN_POINT('Ctrl Pts',(49.9097759954457,-72.5204283041894,9.51));
#6629=CARTESIAN_POINT('Ctrl Pts',(50.1498568672937,-72.1248265457151,9.51));
#6630=CARTESIAN_POINT('Ctrl Pts',(50.3945573021703,-71.7390768533196,9.51));
#6631=CARTESIAN_POINT('Ctrl Pts',(50.6439342359824,-71.3627480357974,9.51));
#6632=CARTESIAN_POINT('Ctrl Pts',(50.8959325566247,-70.9824633455688,9.51));
#6633=CARTESIAN_POINT('Ctrl Pts',(51.1527062037826,-70.6117985907125,9.51));
#6634=CARTESIAN_POINT('Ctrl Pts',(51.414305063501,-70.2503626388657,9.51));
#6635=CARTESIAN_POINT('Ctrl Pts',(51.6804054730026,-69.8827071571157,9.51));
#6636=CARTESIAN_POINT('Ctrl Pts',(51.9514985560006,-69.5246009274607,9.51));
#6637=CARTESIAN_POINT('Ctrl Pts',(52.2276280716838,-69.1756865894042,9.51));
#6638=CARTESIAN_POINT('Ctrl Pts',(52.508951258086,-68.8202095839105,9.51));
#6639=CARTESIAN_POINT('Ctrl Pts',(52.7955020831139,-68.4742736102944,9.51));
#6640=CARTESIAN_POINT('Ctrl Pts',(53.0873183165977,-68.1375550569059,9.51));
#6641=CARTESIAN_POINT('Ctrl Pts',(53.3851928272199,-67.7938460277316,9.51));
#6642=CARTESIAN_POINT('Ctrl Pts',(53.6885536035885,-67.4597412334291,9.51));
#6643=CARTESIAN_POINT('Ctrl Pts',(53.9974325946308,-67.1349507609042,9.51));
#6644=CARTESIAN_POINT('Ctrl Pts',(54.3134714603483,-66.80263158249,9.51));
#6645=CARTESIAN_POINT('Ctrl Pts',(54.6352872974595,-66.480063687516,9.51));
#6646=CARTESIAN_POINT('Ctrl Pts',(54.9629063596096,-66.1669907658925,9.51));
#6647=CARTESIAN_POINT('Ctrl Pts',(55.2991026254684,-65.845721464587,9.51));
#6648=CARTESIAN_POINT('Ctrl Pts',(55.6414099150898,-65.5344509712218,9.51));
#6649=CARTESIAN_POINT('Ctrl Pts',(55.9898488775614,-65.232956479451,9.51));
#6650=CARTESIAN_POINT('Ctrl Pts',(56.354641147244,-64.9173119281938,9.51));
#6651=CARTESIAN_POINT('Ctrl Pts',(56.7261541212887,-64.6123825990797,9.51));
#6652=CARTESIAN_POINT('Ctrl Pts',(57.104403662665,-64.3179700299701,9.51));
#6653=CARTESIAN_POINT('Ctrl Pts',(57.4958693579554,-64.013270596233,9.51));
#6654=CARTESIAN_POINT('Ctrl Pts',(57.8945505308002,-63.7198359234081,9.51));
#6655=CARTESIAN_POINT('Ctrl Pts',(58.3004573640791,-63.4375034341044,9.51));
#6656=CARTESIAN_POINT('Ctrl Pts',(58.7234180313323,-63.143308982884,9.51));
#6657=CARTESIAN_POINT('Ctrl Pts',(59.1542241824247,-62.8611695121125,9.51));
#6658=CARTESIAN_POINT('Ctrl Pts',(59.592880682553,-62.5909582295467,9.51));
#6659=CARTESIAN_POINT('Ctrl Pts',(60.0705439811764,-62.2967188588366,9.51));
#6660=CARTESIAN_POINT('Ctrl Pts',(60.5575157516756,-62.0166235032436,9.51));
#6661=CARTESIAN_POINT('Ctrl Pts',(61.0537960836793,-61.7505721467938,9.51));
#6662=CARTESIAN_POINT('Ctrl Pts',(61.5862373547104,-61.4651352409714,9.51));
#6663=CARTESIAN_POINT('Ctrl Pts',(62.1293928958703,-61.1958642214901,9.51));
#6664=CARTESIAN_POINT('Ctrl Pts',(62.683258742731,-60.9426991309781,9.51));
#6665=CARTESIAN_POINT('Ctrl Pts',(63.3417377289985,-60.6417166943403,9.51));
#6666=CARTESIAN_POINT('Ctrl Pts',(64.0153544116095,-60.3634998624256,9.51));
#6667=CARTESIAN_POINT('Ctrl Pts',(64.7041030282683,-60.108023037474,9.51));
#6668=CARTESIAN_POINT('Ctrl Pts',(64.8024269580298,-60.0715518420557,9.51));
#6669=CARTESIAN_POINT('Ctrl Pts',(64.9010592828403,-60.0355441645002,9.51));
#6670=CARTESIAN_POINT('Ctrl Pts',(65.,-60.,9.51));
#6671=CARTESIAN_POINT('',(75.,-95.,9.51));
#6672=CARTESIAN_POINT('',(75.,-108.744134041975,9.51));
#6673=CARTESIAN_POINT('',(80.,-95.,9.51));
#6674=CARTESIAN_POINT('',(101.198738618674,-95.,9.51));
#6675=CARTESIAN_POINT('',(80.,-106.132446329964,9.51));
#6676=CARTESIAN_POINT('Origin',(110.,-70.,13.51));
#6677=CARTESIAN_POINT('',(110.,-74.6025471822427,-6.49));
#6678=CARTESIAN_POINT('',(110.,-74.6025471822427,13.51));
#6679=CARTESIAN_POINT('',(110.,-74.6025471822427,-6.49));
#6680=CARTESIAN_POINT('Origin',(110.,-74.6025471822427,13.51));
#6681=CARTESIAN_POINT('',(90.2958698311676,-74.6025471822427,-6.49));
#6682=CARTESIAN_POINT('',(90.2958698311676,-74.6025471822427,13.51));
#6683=CARTESIAN_POINT('',(90.2958698311676,-74.6025471822427,-6.49));
#6684=CARTESIAN_POINT('Origin',(90.2958698311676,-74.6025471822427,13.51));
#6685=CARTESIAN_POINT('',(90.2958698311676,-81.25,-6.49));
#6686=CARTESIAN_POINT('',(90.2958698311676,-81.25,13.51));
#6687=CARTESIAN_POINT('',(90.2958698311676,-81.25,-6.49));
#6688=CARTESIAN_POINT('Origin',(90.2958698311676,-81.25,13.51));
#6689=CARTESIAN_POINT('',(82.5,-81.25,-6.49));
#6690=CARTESIAN_POINT('',(82.5,-81.25,13.51));
#6691=CARTESIAN_POINT('',(82.5,-81.25,-6.49));
#6692=CARTESIAN_POINT('Origin',(82.5,-81.25,13.51));
#6693=CARTESIAN_POINT('',(82.5,-89.7766245759779,-6.49));
#6694=CARTESIAN_POINT('',(82.5,-89.7766245759779,13.51));
#6695=CARTESIAN_POINT('',(82.5,-89.7766245759779,-6.49));
#6696=CARTESIAN_POINT('Origin',(82.5,-89.7766245759779,13.51));
#6697=CARTESIAN_POINT('',(80.,-89.7766245759779,-6.49));
#6698=CARTESIAN_POINT('',(80.,-89.7766245759779,13.51));
#6699=CARTESIAN_POINT('',(80.,-89.7766245759779,-6.49));
#6700=CARTESIAN_POINT('Origin',(95.,-65.,13.51));
#6701=CARTESIAN_POINT('',(95.,-65.,-6.49));
#6702=CARTESIAN_POINT('',(105.,-65.,-6.49));
#6703=CARTESIAN_POINT('',(95.,-65.,13.51));
#6704=CARTESIAN_POINT('Origin',(95.,-60.,13.51));
#6705=CARTESIAN_POINT('',(95.,-60.,-6.49));
#6706=CARTESIAN_POINT('',(95.,-60.,-6.49));
#6707=CARTESIAN_POINT('',(95.,-60.,13.51));
#6708=CARTESIAN_POINT('Origin',(65.,-60.,13.51));
#6709=CARTESIAN_POINT('',(65.,-60.,-6.49));
#6710=CARTESIAN_POINT('',(65.,-60.,-6.49));
#6711=CARTESIAN_POINT('',(65.,-60.,13.51));
#6712=CARTESIAN_POINT('Ctrl Pts',(75.,-117.5,13.51));
#6713=CARTESIAN_POINT('Ctrl Pts',(75.,-117.5,-6.49));
#6714=CARTESIAN_POINT('Ctrl Pts',(75.,-118.395079980053,13.51));
#6715=CARTESIAN_POINT('Ctrl Pts',(75.,-118.395079980053,-6.49));
#6716=CARTESIAN_POINT('Ctrl Pts',(74.6617605024437,-119.813821018205,13.51));
#6717=CARTESIAN_POINT('Ctrl Pts',(74.6617605024437,-119.813821018205,-6.49));
#6718=CARTESIAN_POINT('Ctrl Pts',(73.1392415783929,-120.826852261531,13.51));
#6719=CARTESIAN_POINT('Ctrl Pts',(73.1392415783929,-120.826852261531,-6.49));
#6720=CARTESIAN_POINT('Ctrl Pts',(69.5571579775947,-120.683978495669,13.51));
#6721=CARTESIAN_POINT('Ctrl Pts',(69.5571579775947,-120.683978495669,-6.49));
#6722=CARTESIAN_POINT('Ctrl Pts',(64.7524624740143,-121.279660175967,13.51));
#6723=CARTESIAN_POINT('Ctrl Pts',(64.7524624740143,-121.279660175967,-6.49));
#6724=CARTESIAN_POINT('Ctrl Pts',(61.7346399919252,-125.290924293477,13.51));
#6725=CARTESIAN_POINT('Ctrl Pts',(61.7346399919252,-125.290924293477,-6.49));
#6726=CARTESIAN_POINT('Ctrl Pts',(61.0222650089841,-132.242544192028,13.51));
#6727=CARTESIAN_POINT('Ctrl Pts',(61.0222650089841,-132.242544192028,-6.49));
#6728=CARTESIAN_POINT('Ctrl Pts',(61.9104901894857,-139.532639652756,13.51));
#6729=CARTESIAN_POINT('Ctrl Pts',(61.9104901894857,-139.532639652756,-6.49));
#6730=CARTESIAN_POINT('Ctrl Pts',(63.55596976291,-144.876334758569,13.51));
#6731=CARTESIAN_POINT('Ctrl Pts',(63.55596976291,-144.876334758569,-6.49));
#6732=CARTESIAN_POINT('Ctrl Pts',(65.2795788760255,-147.064334817757,13.51));
#6733=CARTESIAN_POINT('Ctrl Pts',(65.2795788760255,-147.064334817757,-6.49));
#6734=CARTESIAN_POINT('Ctrl Pts',(68.4685177345493,-150.244819776408,13.51));
#6735=CARTESIAN_POINT('Ctrl Pts',(68.4685177345493,-150.244819776408,-6.49));
#6736=CARTESIAN_POINT('Ctrl Pts',(73.0312804582566,-156.195965452384,13.51));
#6737=CARTESIAN_POINT('Ctrl Pts',(73.0312804582566,-156.195965452384,-6.49));
#6738=CARTESIAN_POINT('Ctrl Pts',(77.4200781791755,-163.744348593537,13.51));
#6739=CARTESIAN_POINT('Ctrl Pts',(77.4200781791755,-163.744348593537,-6.49));
#6740=CARTESIAN_POINT('Ctrl Pts',(79.9594142738047,-171.161033077617,13.51));
#6741=CARTESIAN_POINT('Ctrl Pts',(79.9594142738047,-171.161033077617,-6.49));
#6742=CARTESIAN_POINT('Ctrl Pts',(79.2834529598968,-176.496700624437,13.51));
#6743=CARTESIAN_POINT('Ctrl Pts',(79.2834529598968,-176.496700624437,-6.49));
#6744=CARTESIAN_POINT('Ctrl Pts',(75.9145936639711,-180.60349486055,13.51));
#6745=CARTESIAN_POINT('Ctrl Pts',(75.9145936639711,-180.60349486055,-6.49));
#6746=CARTESIAN_POINT('Ctrl Pts',(71.3155188972843,-184.158644412772,13.51));
#6747=CARTESIAN_POINT('Ctrl Pts',(71.3155188972843,-184.158644412772,-6.49));
#6748=CARTESIAN_POINT('Ctrl Pts',(65.9863437361368,-184.9765361679,13.51));
#6749=CARTESIAN_POINT('Ctrl Pts',(65.9863437361368,-184.9765361679,-6.49));
#6750=CARTESIAN_POINT('Ctrl Pts',(60.3841812216526,-181.244713850693,13.51));
#6751=CARTESIAN_POINT('Ctrl Pts',(60.3841812216526,-181.244713850693,-6.49));
#6752=CARTESIAN_POINT('Ctrl Pts',(54.9175148256069,-174.105325959007,13.51));
#6753=CARTESIAN_POINT('Ctrl Pts',(54.9175148256069,-174.105325959007,-6.49));
#6754=CARTESIAN_POINT('Ctrl Pts',(50.0832116778699,-166.723741848454,13.51));
#6755=CARTESIAN_POINT('Ctrl Pts',(50.0832116778699,-166.723741848454,-6.49));
#6756=CARTESIAN_POINT('Ctrl Pts',(46.113370652411,-159.612447178669,13.51));
#6757=CARTESIAN_POINT('Ctrl Pts',(46.113370652411,-159.612447178669,-6.49));
#6758=CARTESIAN_POINT('Ctrl Pts',(43.1366859591153,-152.808103031453,13.51));
#6759=CARTESIAN_POINT('Ctrl Pts',(43.1366859591153,-152.808103031453,-6.49));
#6760=CARTESIAN_POINT('Ctrl Pts',(41.1531560143235,-145.585127291127,13.51));
#6761=CARTESIAN_POINT('Ctrl Pts',(41.1531560143235,-145.585127291127,-6.49));
#6762=CARTESIAN_POINT('Ctrl Pts',(40.0838948344137,-137.28275579926,13.51));
#6763=CARTESIAN_POINT('Ctrl Pts',(40.0838948344137,-137.28275579926,-6.49));
#6764=CARTESIAN_POINT('Ctrl Pts',(39.7949544746968,-127.468172575008,13.51));
#6765=CARTESIAN_POINT('Ctrl Pts',(39.7949544746968,-127.468172575008,-6.49));
#6766=CARTESIAN_POINT('Ctrl Pts',(40.1154992894833,-116.821607211596,13.51));
#6767=CARTESIAN_POINT('Ctrl Pts',(40.1154992894833,-116.821607211596,-6.49));
#6768=CARTESIAN_POINT('Ctrl Pts',(40.9020272740936,-106.548449468765,13.51));
#6769=CARTESIAN_POINT('Ctrl Pts',(40.9020272740936,-106.548449468765,-6.49));
#6770=CARTESIAN_POINT('Ctrl Pts',(42.0770954563167,-97.1565728409377,13.51));
#6771=CARTESIAN_POINT('Ctrl Pts',(42.0770954563167,-97.1565728409377,-6.49));
#6772=CARTESIAN_POINT('Ctrl Pts',(43.6011231447689,-88.9754602527842,13.51));
#6773=CARTESIAN_POINT('Ctrl Pts',(43.6011231447689,-88.9754602527842,-6.49));
#6774=CARTESIAN_POINT('Ctrl Pts',(45.4685434354923,-82.0488927421368,13.51));
#6775=CARTESIAN_POINT('Ctrl Pts',(45.4685434354923,-82.0488927421368,-6.49));
#6776=CARTESIAN_POINT('Ctrl Pts',(47.6937951973545,-76.290624616578,13.51));
#6777=CARTESIAN_POINT('Ctrl Pts',(47.6937951973545,-76.290624616578,-6.49));
#6778=CARTESIAN_POINT('Ctrl Pts',(50.3018571032216,-71.5253788406316,13.51));
#6779=CARTESIAN_POINT('Ctrl Pts',(50.3018571032216,-71.5253788406316,-6.49));
#6780=CARTESIAN_POINT('Ctrl Pts',(53.316671846006,-67.5797131894534,13.51));
#6781=CARTESIAN_POINT('Ctrl Pts',(53.316671846006,-67.5797131894534,-6.49));
#6782=CARTESIAN_POINT('Ctrl Pts',(56.7509797062025,-64.3477090000964,13.51));
#6783=CARTESIAN_POINT('Ctrl Pts',(56.7509797062025,-64.3477090000964,-6.49));
#6784=CARTESIAN_POINT('Ctrl Pts',(59.8381003697397,-62.2892582142404,13.51));
#6785=CARTESIAN_POINT('Ctrl Pts',(59.8381003697397,-62.2892582142404,-6.49));
#6786=CARTESIAN_POINT('Ctrl Pts',(62.3447501940328,-61.0329562111821,13.51));
#6787=CARTESIAN_POINT('Ctrl Pts',(62.3447501940328,-61.0329562111821,-6.49));
#6788=CARTESIAN_POINT('Ctrl Pts',(64.1007643808086,-60.3230477774019,13.51));
#6789=CARTESIAN_POINT('Ctrl Pts',(64.1007643808086,-60.3230477774019,-6.49));
#6790=CARTESIAN_POINT('Ctrl Pts',(65.,-60.,13.51));
#6791=CARTESIAN_POINT('Ctrl Pts',(65.,-60.,-6.49));
#6792=CARTESIAN_POINT('',(75.,-117.5,-6.49));
#6793=CARTESIAN_POINT('Ctrl Pts',(75.,-117.5,-6.49));
#6794=CARTESIAN_POINT('Ctrl Pts',(75.,-118.395079980053,-6.49));
#6795=CARTESIAN_POINT('Ctrl Pts',(74.6617605024437,-119.813821018205,-6.49));
#6796=CARTESIAN_POINT('Ctrl Pts',(73.1392415783929,-120.826852261531,-6.49));
#6797=CARTESIAN_POINT('Ctrl Pts',(69.5571579775947,-120.683978495669,-6.49));
#6798=CARTESIAN_POINT('Ctrl Pts',(64.7524624740143,-121.279660175967,-6.49));
#6799=CARTESIAN_POINT('Ctrl Pts',(61.7346399919252,-125.290924293477,-6.49));
#6800=CARTESIAN_POINT('Ctrl Pts',(61.0222650089841,-132.242544192028,-6.49));
#6801=CARTESIAN_POINT('Ctrl Pts',(61.9104901894857,-139.532639652756,-6.49));
#6802=CARTESIAN_POINT('Ctrl Pts',(63.55596976291,-144.876334758569,-6.49));
#6803=CARTESIAN_POINT('Ctrl Pts',(65.2795788760255,-147.064334817757,-6.49));
#6804=CARTESIAN_POINT('Ctrl Pts',(68.4685177345493,-150.244819776408,-6.49));
#6805=CARTESIAN_POINT('Ctrl Pts',(73.0312804582566,-156.195965452384,-6.49));
#6806=CARTESIAN_POINT('Ctrl Pts',(77.4200781791755,-163.744348593537,-6.49));
#6807=CARTESIAN_POINT('Ctrl Pts',(79.9594142738047,-171.161033077617,-6.49));
#6808=CARTESIAN_POINT('Ctrl Pts',(79.2834529598968,-176.496700624437,-6.49));
#6809=CARTESIAN_POINT('Ctrl Pts',(75.9145936639711,-180.60349486055,-6.49));
#6810=CARTESIAN_POINT('Ctrl Pts',(71.3155188972843,-184.158644412772,-6.49));
#6811=CARTESIAN_POINT('Ctrl Pts',(65.9863437361368,-184.9765361679,-6.49));
#6812=CARTESIAN_POINT('Ctrl Pts',(60.3841812216526,-181.244713850693,-6.49));
#6813=CARTESIAN_POINT('Ctrl Pts',(54.9175148256069,-174.105325959007,-6.49));
#6814=CARTESIAN_POINT('Ctrl Pts',(50.0832116778699,-166.723741848454,-6.49));
#6815=CARTESIAN_POINT('Ctrl Pts',(46.113370652411,-159.612447178669,-6.49));
#6816=CARTESIAN_POINT('Ctrl Pts',(43.1366859591153,-152.808103031453,-6.49));
#6817=CARTESIAN_POINT('Ctrl Pts',(41.1531560143235,-145.585127291127,-6.49));
#6818=CARTESIAN_POINT('Ctrl Pts',(40.0838948344137,-137.28275579926,-6.49));
#6819=CARTESIAN_POINT('Ctrl Pts',(39.7949544746968,-127.468172575008,-6.49));
#6820=CARTESIAN_POINT('Ctrl Pts',(40.1154992894833,-116.821607211596,-6.49));
#6821=CARTESIAN_POINT('Ctrl Pts',(40.9020272740936,-106.548449468765,-6.49));
#6822=CARTESIAN_POINT('Ctrl Pts',(42.0770954563167,-97.1565728409377,-6.49));
#6823=CARTESIAN_POINT('Ctrl Pts',(43.6011231447689,-88.9754602527842,-6.49));
#6824=CARTESIAN_POINT('Ctrl Pts',(45.4685434354923,-82.0488927421368,-6.49));
#6825=CARTESIAN_POINT('Ctrl Pts',(47.6937951973545,-76.290624616578,-6.49));
#6826=CARTESIAN_POINT('Ctrl Pts',(50.3018571032216,-71.5253788406316,-6.49));
#6827=CARTESIAN_POINT('Ctrl Pts',(53.316671846006,-67.5797131894534,-6.49));
#6828=CARTESIAN_POINT('Ctrl Pts',(56.7509797062025,-64.3477090000964,-6.49));
#6829=CARTESIAN_POINT('Ctrl Pts',(59.8381003697397,-62.2892582142404,-6.49));
#6830=CARTESIAN_POINT('Ctrl Pts',(62.3447501940328,-61.0329562111821,-6.49));
#6831=CARTESIAN_POINT('Ctrl Pts',(64.1007643808086,-60.3230477774019,-6.49));
#6832=CARTESIAN_POINT('Ctrl Pts',(65.,-60.,-6.49));
#6833=CARTESIAN_POINT('',(75.,-117.5,13.51));
#6834=CARTESIAN_POINT('Origin',(75.,-95.,13.51));
#6835=CARTESIAN_POINT('',(75.,-95.,-6.49));
#6836=CARTESIAN_POINT('',(75.,-95.,-6.49));
#6837=CARTESIAN_POINT('',(75.,-95.,13.51));
#6838=CARTESIAN_POINT('Origin',(80.,-95.,13.51));
#6839=CARTESIAN_POINT('',(80.,-95.,-6.49));
#6840=CARTESIAN_POINT('',(75.,-95.,-6.49));
#6841=CARTESIAN_POINT('',(80.,-95.,13.51));
#6842=CARTESIAN_POINT('Origin',(80.,-89.7766245759779,13.51));
#6843=CARTESIAN_POINT('',(80.,-89.7766245759779,-6.49));
#6844=CARTESIAN_POINT('Origin',(122.397477237348,-122.48826808395,-6.49));
#6845=UNCERTAINTY_MEASURE_WITH_UNIT(LENGTH_MEASURE(0.01),#6849,
'DISTANCE_ACCURACY_VALUE',
'Maximum model space distance between geometric entities at asserted c
onnectivities');
#6846=UNCERTAINTY_MEASURE_WITH_UNIT(LENGTH_MEASURE(0.01),#6849,
'DISTANCE_ACCURACY_VALUE',
'Maximum model space distance between geometric entities at asserted c
onnectivities');
#6847=(
GEOMETRIC_REPRESENTATION_CONTEXT(3)
GLOBAL_UNCERTAINTY_ASSIGNED_CONTEXT((#6845))
GLOBAL_UNIT_ASSIGNED_CONTEXT((#6849,#6850,#6851))
REPRESENTATION_CONTEXT('','3D')
);
#6848=(
GEOMETRIC_REPRESENTATION_CONTEXT(3)
GLOBAL_UNCERTAINTY_ASSIGNED_CONTEXT((#6846))
GLOBAL_UNIT_ASSIGNED_CONTEXT((#6849,#6850,#6851))
REPRESENTATION_CONTEXT('','3D')
);
#6849=(
LENGTH_UNIT()
NAMED_UNIT(*)
SI_UNIT(.MILLI.,.METRE.)
);
#6850=(
NAMED_UNIT(*)
PLANE_ANGLE_UNIT()
SI_UNIT($,.RADIAN.)
);
#6851=(
NAMED_UNIT(*)
SI_UNIT($,.STERADIAN.)
SOLID_ANGLE_UNIT()
);
#6852=SHAPE_DEFINITION_REPRESENTATION(#6853,#6854);
#6853=PRODUCT_DEFINITION_SHAPE('',$,#6856);
#6854=SHAPE_REPRESENTATION('',(#3277),#6847);
#6855=PRODUCT_DEFINITION_CONTEXT('part definition',#6860,'design');
#6856=PRODUCT_DEFINITION('F1 Blare PCB 1','F1 Blare PCB_Handel',#6857,#6855);
#6857=PRODUCT_DEFINITION_FORMATION('',$,#6862);
#6858=PRODUCT_RELATED_PRODUCT_CATEGORY('F1 Blare PCB_Handel',
'F1 Blare PCB_Handel',(#6862));
#6859=APPLICATION_PROTOCOL_DEFINITION('international standard',
'automotive_design',2009,#6860);
#6860=APPLICATION_CONTEXT(
'Core Data for Automotive Mechanical Design Process');
#6861=PRODUCT_CONTEXT('part definition',#6860,'mechanical');
#6862=PRODUCT('F1 Blare PCB 1','F1 Blare PCB_Handel',
'KiCad electronic assembly',(#6861));
#6863=PRESENTATION_STYLE_ASSIGNMENT((#6864));
#6864=SURFACE_STYLE_USAGE(.BOTH.,#6865);
#6865=SURFACE_SIDE_STYLE('',(#6866));
#6866=SURFACE_STYLE_FILL_AREA(#6867);
#6867=FILL_AREA_STYLE('Steel - Satin',(#6868));
#6868=FILL_AREA_STYLE_COLOUR('Steel - Satin',#6869);
#6869=COLOUR_RGB('Steel - Satin',0.627450980392157,0.627450980392157,0.627450980392157);
ENDSEC;
END-ISO-10303-21;
